/*******************************************************************************
 * Size: 30 px
 * Bpp: 8
 * Opts: --bpp 8 --size 30 --no-compress --font assets/fonts/JetBrains_Mono,Montserrat,Open_Sans,Oswald,Pacifico,etc/Oswald/static/Oswald-Regular.ttf --range 32-127 --format lvgl
 ******************************************************************************/

#ifdef __has_include
    #if __has_include("lvgl.h")
        #ifndef LV_LVGL_H_INCLUDE_SIMPLE
            #define LV_LVGL_H_INCLUDE_SIMPLE
        #endif
    #endif
#endif

#ifdef LV_LVGL_H_INCLUDE_SIMPLE
    #include "lvgl.h"
#else
    #include "lvgl.h"
#endif

#ifndef UI_FONT_OSWALD30
#define UI_FONT_OSWALD30 1
#endif

#if UI_FONT_OSWALD30

/*-----------------
 *    BITMAPS
 *----------------*/

/*Store the image of the glyphs*/
static LV_ATTRIBUTE_LARGE_CONST const uint8_t glyph_bitmap[] = {
    /* U+0020 " " */

    /* U+0021 "!" */
    0x7a, 0xff, 0xff, 0xb6, 0x6c, 0xff, 0xff, 0xa6,
    0x5e, 0xff, 0xff, 0x9a, 0x52, 0xff, 0xff, 0x8a,
    0x45, 0xff, 0xff, 0x7d, 0x37, 0xff, 0xff, 0x6e,
    0x2a, 0xff, 0xff, 0x61, 0x1d, 0xff, 0xff, 0x52,
    0xf, 0xff, 0xff, 0x44, 0x3, 0xff, 0xff, 0x36,
    0x0, 0xf5, 0xff, 0x28, 0x0, 0xe7, 0xff, 0x1a,
    0x0, 0xda, 0xff, 0xc, 0x0, 0xcd, 0xfd, 0x1,
    0x0, 0xbf, 0xef, 0x0, 0x0, 0xb2, 0xe2, 0x0,
    0x0, 0xa6, 0xd3, 0x0, 0x0, 0x98, 0xc6, 0x0,
    0x0, 0x8a, 0xb6, 0x0, 0x0, 0x4b, 0x64, 0x0,
    0x0, 0x0, 0x0, 0x0, 0x30, 0x60, 0x60, 0x47,
    0x80, 0xff, 0xff, 0xbc, 0x80, 0xff, 0xff, 0xbc,
    0x80, 0xff, 0xff, 0xbc,

    /* U+0022 "\"" */
    0x68, 0xff, 0xff, 0x70, 0x3c, 0xff, 0xff, 0x9c,
    0x68, 0xff, 0xff, 0x49, 0x3c, 0xff, 0xff, 0x75,
    0x68, 0xff, 0xff, 0x22, 0x3c, 0xff, 0xff, 0x4e,
    0x68, 0xff, 0xf8, 0x2, 0x3c, 0xff, 0xff, 0x26,
    0x68, 0xff, 0xd2, 0x0, 0x3c, 0xff, 0xfa, 0x4,
    0x68, 0xff, 0xac, 0x0, 0x3c, 0xff, 0xd8, 0x0,
    0x68, 0xff, 0x84, 0x0, 0x3c, 0xff, 0xb0, 0x0,
    0x41, 0xa0, 0x3e, 0x0, 0x26, 0xa0, 0x5a, 0x0,

    /* U+0023 "#" */
    0x0, 0x0, 0x0, 0x0, 0x92, 0xff, 0xff, 0xa2,
    0x0, 0x0, 0xaa, 0xff, 0xff, 0x86, 0x0, 0x0,
    0x0, 0x0, 0xb7, 0xff, 0xff, 0x7e, 0x0, 0x0,
    0xcf, 0xff, 0xff, 0x61, 0x0, 0x0, 0x0, 0x0,
    0xdb, 0xff, 0xff, 0x59, 0x0, 0x0, 0xf3, 0xff,
    0xff, 0x3d, 0x0, 0x0, 0x0, 0x4, 0xfc, 0xff,
    0xff, 0x35, 0x0, 0x18, 0xff, 0xff, 0xff, 0x18,
    0x0, 0x0, 0x0, 0x25, 0xff, 0xff, 0xff, 0x10,
    0x0, 0x3d, 0xff, 0xff, 0xf3, 0x0, 0x0, 0x0,
    0x0, 0x49, 0xff, 0xff, 0xeb, 0x0, 0x0, 0x61,
    0xff, 0xff, 0xd0, 0x0, 0x0, 0x0, 0x0, 0x6e,
    0xff, 0xff, 0xc7, 0x0, 0x0, 0x86, 0xff, 0xff,
    0xab, 0x0, 0x0, 0x0, 0x0, 0x92, 0xff, 0xff,
    0xa2, 0x0, 0x0, 0xaa, 0xff, 0xff, 0x87, 0x0,
    0x0, 0xfc, 0xff, 0xff, 0xff, 0xff, 0xff, 0xff,
    0xff, 0xff, 0xff, 0xff, 0xff, 0xb0, 0x0, 0xfc,
    0xff, 0xff, 0xff, 0xff, 0xff, 0xff, 0xff, 0xff,
    0xff, 0xff, 0xff, 0xb0, 0x0, 0x7a, 0x7d, 0xff,
    0xff, 0xff, 0x96, 0x7c, 0x8c, 0xff, 0xff, 0xff,
    0x87, 0x55, 0x0, 0x0, 0x1c, 0xff, 0xff, 0xff,
    0x17, 0x0, 0x3c, 0xff, 0xff, 0xf7, 0x2, 0x0,
    0x0, 0x0, 0x40, 0xff, 0xff, 0xf2, 0x0, 0x0,
    0x60, 0xff, 0xff, 0xd3, 0x0, 0x0, 0x5, 0x74,
    0xa6, 0xff, 0xff, 0xea, 0x74, 0x74, 0xb6, 0xff,
    0xff, 0xd8, 0x74, 0x45, 0xc, 0xff, 0xff, 0xff,
    0xff, 0xff, 0xff, 0xff, 0xff, 0xff, 0xff, 0xff,
    0xff, 0x98, 0xc, 0xff, 0xff, 0xff, 0xff, 0xff,
    0xff, 0xff, 0xff, 0xff, 0xff, 0xff, 0xff, 0x98,
    0x0, 0x0, 0xd2, 0xff, 0xff, 0x63, 0x0, 0x0,
    0xf2, 0xff, 0xff, 0x46, 0x0, 0x0, 0x0, 0x1,
    0xf4, 0xff, 0xff, 0x40, 0x0, 0x15, 0xff, 0xff,
    0xff, 0x22, 0x0, 0x0, 0x0, 0x18, 0xff, 0xff,
    0xff, 0x1d, 0x0, 0x39, 0xff, 0xff, 0xfa, 0x4,
    0x0, 0x0, 0x0, 0x3b, 0xff, 0xff, 0xf9, 0x2,
    0x0, 0x5c, 0xff, 0xff, 0xda, 0x0, 0x0, 0x0,
    0x0, 0x5e, 0xff, 0xff, 0xd8, 0x0, 0x0, 0x80,
    0xff, 0xff, 0xb6, 0x0, 0x0, 0x0, 0x0, 0x81,
    0xff, 0xff, 0xb5, 0x0, 0x0, 0xa4, 0xff, 0xff,
    0x92, 0x0, 0x0, 0x0, 0x0, 0xa4, 0xff, 0xff,
    0x93, 0x0, 0x0, 0xc7, 0xff, 0xff, 0x6e, 0x0,
    0x0, 0x0, 0x0, 0xc8, 0xff, 0xff, 0x70, 0x0,
    0x0, 0xeb, 0xff, 0xff, 0x4a, 0x0, 0x0, 0x0,
    0x0, 0xeb, 0xff, 0xff, 0x4d, 0x0, 0xe, 0xff,
    0xff, 0xff, 0x26, 0x0, 0x0, 0x0,

    /* U+0024 "$" */
    0x0, 0x0, 0x0, 0x0, 0x0, 0x28, 0x5e, 0x0,
    0x0, 0x0, 0x0, 0x0, 0x0, 0x0, 0x0, 0x0,
    0x0, 0x0, 0x50, 0xbc, 0x0, 0x0, 0x0, 0x0,
    0x0, 0x0, 0x0, 0x0, 0x0, 0x0, 0x0, 0x50,
    0xc0, 0x2, 0x0, 0x0, 0x0, 0x0, 0x0, 0x0,
    0x0, 0x2d, 0xa4, 0xe6, 0xfe, 0xff, 0xf7, 0xb7,
    0x3c, 0x0, 0x0, 0x0, 0x0, 0x53, 0xfa, 0xff,
    0xff, 0xff, 0xff, 0xff, 0xff, 0xfd, 0x5d, 0x0,
    0x0, 0x19, 0xf4, 0xff, 0xff, 0xe4, 0x9a, 0x8d,
    0xd4, 0xff, 0xff, 0xf6, 0x1e, 0x0, 0x79, 0xff,
    0xff, 0xc6, 0xb, 0x0, 0x0, 0x6, 0xc6, 0xff,
    0xff, 0x83, 0x0, 0xaf, 0xff, 0xff, 0x5b, 0x0,
    0x0, 0x0, 0x0, 0x49, 0xff, 0xff, 0xcb, 0x0,
    0xc3, 0xff, 0xff, 0x48, 0x0, 0x0, 0x0, 0x0,
    0xd, 0xfe, 0xff, 0xf6, 0x1, 0xb9, 0xff, 0xff,
    0x6c, 0x0, 0x0, 0x0, 0x0, 0x0, 0xdb, 0xb5,
    0x6f, 0x2, 0x92, 0xff, 0xff, 0xda, 0x9, 0x0,
    0x0, 0x0, 0x0, 0x2, 0x0, 0x0, 0x0, 0x44,
    0xff, 0xff, 0xff, 0xb3, 0x8, 0x0, 0x0, 0x0,
    0x0, 0x0, 0x0, 0x0, 0x0, 0xbb, 0xff, 0xff,
    0xff, 0xc3, 0x11, 0x0, 0x0, 0x0, 0x0, 0x0,
    0x0, 0x0, 0x16, 0xdb, 0xff, 0xff, 0xff, 0xd6,
    0x1e, 0x0, 0x0, 0x0, 0x0, 0x0, 0x0, 0x0,
    0x1a, 0xd0, 0xff, 0xff, 0xff, 0xe5, 0x2e, 0x0,
    0x0, 0x0, 0x0, 0x0, 0x0, 0x0, 0xe, 0xbd,
    0xff, 0xff, 0xff, 0xf1, 0x3a, 0x0, 0x0, 0x0,
    0x0, 0x0, 0x0, 0x0, 0x6, 0xa6, 0xff, 0xff,
    0xff, 0xf2, 0x2e, 0x0, 0x0, 0x0, 0x0, 0x0,
    0x0, 0x0, 0x1, 0x8d, 0xff, 0xff, 0xff, 0xdf,
    0xd, 0x0, 0x0, 0x0, 0x0, 0x0, 0x0, 0x0,
    0x0, 0x83, 0xff, 0xff, 0xff, 0x87, 0x0, 0x0,
    0x0, 0x0, 0x0, 0x0, 0x0, 0x0, 0x0, 0xa6,
    0xff, 0xff, 0xf1, 0x9, 0x35, 0x7f, 0xc5, 0x36,
    0x0, 0x0, 0x0, 0x0, 0x16, 0xf9, 0xff, 0xff,
    0x43, 0xc7, 0xff, 0xff, 0x5d, 0x0, 0x0, 0x0,
    0x0, 0x0, 0xca, 0xff, 0xff, 0x65, 0xa5, 0xff,
    0xff, 0x93, 0x0, 0x0, 0x0, 0x0, 0x0, 0xb8,
    0xff, 0xff, 0x6c, 0x69, 0xff, 0xff, 0xe6, 0x8,
    0x0, 0x0, 0x0, 0x0, 0xda, 0xff, 0xff, 0x51,
    0x15, 0xf7, 0xff, 0xff, 0x99, 0x3, 0x0, 0x0,
    0x61, 0xff, 0xff, 0xfb, 0x15, 0x0, 0x85, 0xff,
    0xff, 0xff, 0xe1, 0xb1, 0xcc, 0xff, 0xff, 0xff,
    0x98, 0x0, 0x0, 0x6, 0xb5, 0xff, 0xff, 0xff,
    0xff, 0xff, 0xff, 0xff, 0xc2, 0xb, 0x0, 0x0,
    0x0, 0x2, 0x62, 0xc3, 0xf3, 0xff, 0xfa, 0xcb,
    0x6a, 0x5, 0x0, 0x0, 0x0, 0x0, 0x0, 0x0,
    0x0, 0x0, 0x98, 0x70, 0x0, 0x0, 0x0, 0x0,
    0x0, 0x0, 0x0, 0x0, 0x0, 0x0, 0x0, 0x98,
    0x70, 0x0, 0x0, 0x0, 0x0, 0x0,

    /* U+0025 "%" */
    0x0, 0x12, 0x92, 0xe0, 0xfd, 0xf6, 0xc9, 0x5e,
    0x0, 0x0, 0x0, 0x0, 0x0, 0x0, 0xc6, 0xff,
    0xf6, 0x8, 0x0, 0x0, 0x0, 0x0, 0x0, 0x0,
    0x0, 0x6, 0xcf, 0xff, 0xff, 0xff, 0xff, 0xff,
    0xff, 0x73, 0x0, 0x0, 0x0, 0x0, 0xf, 0xfc,
    0xff, 0xba, 0x0, 0x0, 0x0, 0x0, 0x0, 0x0,
    0x0, 0x0, 0x63, 0xff, 0xff, 0xd3, 0x60, 0x7c,
    0xfb, 0xff, 0xf3, 0xd, 0x0, 0x0, 0x0, 0x4f,
    0xff, 0xff, 0x75, 0x0, 0x0, 0x0, 0x0, 0x0,
    0x0, 0x0, 0x0, 0xb3, 0xff, 0xff, 0x43, 0x0,
    0x0, 0xaa, 0xff, 0xff, 0x4d, 0x0, 0x0, 0x0,
    0x93, 0xff, 0xff, 0x31, 0x0, 0x0, 0x0, 0x0,
    0x0, 0x0, 0x0, 0x0, 0xdb, 0xff, 0xff, 0x13,
    0x0, 0x0, 0x77, 0xff, 0xff, 0x72, 0x0, 0x0,
    0x0, 0xd8, 0xff, 0xeb, 0x2, 0x0, 0x0, 0x0,
    0x0, 0x0, 0x0, 0x0, 0x0, 0xeb, 0xff, 0xff,
    0x5, 0x0, 0x0, 0x69, 0xff, 0xff, 0x7f, 0x0,
    0x0, 0x1d, 0xff, 0xff, 0xa9, 0x0, 0x0, 0x0,
    0x0, 0x0, 0x0, 0x0, 0x0, 0x0, 0xec, 0xff,
    0xff, 0x4, 0x0, 0x0, 0x68, 0xff, 0xff, 0x80,
    0x0, 0x0, 0x61, 0xff, 0xff, 0x64, 0x0, 0x0,
    0x0, 0x0, 0x0, 0x0, 0x0, 0x0, 0x0, 0xec,
    0xff, 0xff, 0x4, 0x0, 0x0, 0x69, 0xff, 0xff,
    0x80, 0x0, 0x0, 0xa5, 0xff, 0xff, 0x20, 0x0,
    0x0, 0x0, 0x0, 0x0, 0x0, 0x0, 0x0, 0x0,
    0xe3, 0xff, 0xff, 0xf, 0x0, 0x0, 0x73, 0xff,
    0xff, 0x78, 0x0, 0x1, 0xe9, 0xff, 0xdc, 0x0,
    0x0, 0x0, 0x0, 0x0, 0x0, 0x0, 0x0, 0x0,
    0x0, 0xc2, 0xff, 0xff, 0x35, 0x0, 0x0, 0x9a,
    0xff, 0xff, 0x5b, 0x0, 0x2f, 0xff, 0xff, 0x97,
    0x0, 0x0, 0x0, 0x0, 0x0, 0x0, 0x0, 0x0,
    0x0, 0x0, 0x81, 0xff, 0xff, 0xae, 0xc, 0x2f,
    0xf1, 0xff, 0xff, 0x1e, 0x0, 0x73, 0xff, 0xff,
    0x53, 0x0, 0x0, 0x0, 0x0, 0x0, 0x0, 0x0,
    0x0, 0x0, 0x0, 0x1a, 0xf3, 0xff, 0xff, 0xff,
    0xff, 0xff, 0xff, 0xae, 0x0, 0x0, 0xb8, 0xff,
    0xfd, 0x11, 0x0, 0x0, 0x0, 0x0, 0x0, 0x0,
    0x0, 0x0, 0x0, 0x0, 0x0, 0x4b, 0xf1, 0xff,
    0xff, 0xff, 0xff, 0xca, 0x16, 0x0, 0x6, 0xf6,
    0xff, 0xcb, 0x0, 0x0, 0x8, 0x81, 0xd9, 0xfb,
    0xf9, 0xd4, 0x79, 0x5, 0x0, 0x0, 0x0, 0x10,
    0x59, 0x79, 0x71, 0x41, 0x2, 0x0, 0x0, 0x41,
    0xff, 0xff, 0x86, 0x0, 0x0, 0xb0, 0xff, 0xff,
    0xff, 0xff, 0xff, 0xff, 0xa6, 0x0, 0x0, 0x0,
    0x0, 0x0, 0x0, 0x0, 0x0, 0x0, 0x0, 0x0,
    0x85, 0xff, 0xff, 0x41, 0x0, 0x3d, 0xff, 0xff,
    0xf3, 0x8f, 0x95, 0xfa, 0xff, 0xff, 0x31, 0x0,
    0x0, 0x0, 0x0, 0x0, 0x0, 0x0, 0x0, 0x0,
    0x0, 0xcb, 0xff, 0xf6, 0x7, 0x0, 0x89, 0xff,
    0xff, 0x72, 0x0, 0x0, 0x8c, 0xff, 0xff, 0x7a,
    0x0, 0x0, 0x0, 0x0, 0x0, 0x0, 0x0, 0x0,
    0x0, 0x11, 0xfd, 0xff, 0xba, 0x0, 0x0, 0xb0,
    0xff, 0xff, 0x3b, 0x0, 0x0, 0x54, 0xff, 0xff,
    0x9d, 0x0, 0x0, 0x0, 0x0, 0x0, 0x0, 0x0,
    0x0, 0x0, 0x53, 0xff, 0xff, 0x74, 0x0, 0x0,
    0xbb, 0xff, 0xff, 0x2d, 0x0, 0x0, 0x45, 0xff,
    0xff, 0xa8, 0x0, 0x0, 0x0, 0x0, 0x0, 0x0,
    0x0, 0x0, 0x0, 0x97, 0xff, 0xff, 0x30, 0x0,
    0x0, 0xbc, 0xff, 0xff, 0x2c, 0x0, 0x0, 0x44,
    0xff, 0xff, 0xa8, 0x0, 0x0, 0x0, 0x0, 0x0,
    0x0, 0x0, 0x0, 0x0, 0xdc, 0xff, 0xeb, 0x1,
    0x0, 0x0, 0xbb, 0xff, 0xff, 0x2d, 0x0, 0x0,
    0x45, 0xff, 0xff, 0xa7, 0x0, 0x0, 0x0, 0x0,
    0x0, 0x0, 0x0, 0x0, 0x20, 0xff, 0xff, 0xa8,
    0x0, 0x0, 0x0, 0xab, 0xff, 0xff, 0x3a, 0x0,
    0x0, 0x51, 0xff, 0xff, 0x9a, 0x0, 0x0, 0x0,
    0x0, 0x0, 0x0, 0x0, 0x0, 0x64, 0xff, 0xff,
    0x63, 0x0, 0x0, 0x0, 0x81, 0xff, 0xff, 0x6d,
    0x0, 0x0, 0x81, 0xff, 0xff, 0x73, 0x0, 0x0,
    0x0, 0x0, 0x0, 0x0, 0x0, 0x0, 0xa9, 0xff,
    0xff, 0x1f, 0x0, 0x0, 0x0, 0x30, 0xff, 0xff,
    0xeb, 0x67, 0x6f, 0xf3, 0xff, 0xfe, 0x25, 0x0,
    0x0, 0x0, 0x0, 0x0, 0x0, 0x0, 0x2, 0xec,
    0xff, 0xdb, 0x0, 0x0, 0x0, 0x0, 0x0, 0x9a,
    0xff, 0xff, 0xff, 0xff, 0xff, 0xff, 0x92, 0x0,
    0x0, 0x0, 0x0, 0x0, 0x0, 0x0, 0x0, 0x32,
    0xff, 0xff, 0x96, 0x0, 0x0, 0x0, 0x0, 0x0,
    0x4, 0x75, 0xd6, 0xfb, 0xf9, 0xd2, 0x6d, 0x2,
    0x0,

    /* U+0026 "&" */
    0x0, 0x0, 0x0, 0xe, 0x86, 0xd9, 0xfa, 0xf5,
    0xca, 0x6c, 0x5, 0x0, 0x0, 0x0, 0x0, 0x0,
    0x0, 0x0, 0x17, 0xd9, 0xff, 0xff, 0xff, 0xff,
    0xff, 0xff, 0xbf, 0x8, 0x0, 0x0, 0x0, 0x0,
    0x0, 0x0, 0xab, 0xff, 0xff, 0xfd, 0xc0, 0xd2,
    0xff, 0xff, 0xff, 0x83, 0x0, 0x0, 0x0, 0x0,
    0x0, 0x19, 0xfe, 0xff, 0xff, 0x60, 0x0, 0x0,
    0x93, 0xff, 0xff, 0xdd, 0x0, 0x0, 0x0, 0x0,
    0x0, 0x4a, 0xff, 0xff, 0xf4, 0x4, 0x0, 0x0,
    0x3d, 0xff, 0xff, 0xf8, 0x0, 0x0, 0x0, 0x0,
    0x0, 0x59, 0xff, 0xff, 0xda, 0x0, 0x0, 0x0,
    0x48, 0xff, 0xff, 0xe7, 0x0, 0x0, 0x0, 0x0,
    0x0, 0x46, 0xff, 0xff, 0xe9, 0x0, 0x0, 0x0,
    0x78, 0xff, 0xff, 0xae, 0x0, 0x0, 0x0, 0x0,
    0x0, 0x11, 0xfc, 0xff, 0xff, 0x18, 0x0, 0x0,
    0xc9, 0xff, 0xff, 0x4a, 0x0, 0x0, 0x0, 0x0,
    0x0, 0x0, 0xae, 0xff, 0xff, 0x63, 0x0, 0x30,
    0xff, 0xff, 0xc1, 0x0, 0x0, 0x0, 0x0, 0x0,
    0x0, 0x0, 0x3c, 0xff, 0xff, 0xbd, 0x0, 0xb3,
    0xff, 0xf4, 0x25, 0x0, 0x0, 0x0, 0x0, 0x0,
    0x0, 0x0, 0x0, 0xba, 0xff, 0xfe, 0x78, 0xff,
    0xfe, 0x53, 0x0, 0x0, 0x0, 0x0, 0x0, 0x0,
    0x0, 0x0, 0x0, 0x32, 0xff, 0xff, 0xff, 0xff,
    0x71, 0x0, 0x0, 0x0, 0x0, 0x0, 0x0, 0x0,
    0x0, 0x0, 0x0, 0xe, 0xe5, 0xff, 0xff, 0xa7,
    0x0, 0x0, 0x0, 0x0, 0x0, 0x0, 0x0, 0x0,
    0x0, 0x0, 0x7, 0xc2, 0xff, 0xff, 0xff, 0xf1,
    0x19, 0x0, 0x0, 0x0, 0x67, 0x8c, 0x8c, 0x41,
    0x0, 0x0, 0x97, 0xff, 0xff, 0xee, 0xff, 0xff,
    0xac, 0x0, 0x0, 0x0, 0xd9, 0xff, 0xff, 0x65,
    0x0, 0x41, 0xff, 0xff, 0xf0, 0x21, 0xe1, 0xff,
    0xff, 0x4f, 0x0, 0x9, 0xfc, 0xff, 0xff, 0x37,
    0x0, 0xbe, 0xff, 0xff, 0x88, 0x0, 0x48, 0xff,
    0xff, 0xe3, 0xd, 0x40, 0xff, 0xff, 0xee, 0x4,
    0xe, 0xfd, 0xff, 0xff, 0x35, 0x0, 0x0, 0xa2,
    0xff, 0xff, 0x92, 0x8f, 0xff, 0xff, 0x98, 0x0,
    0x36, 0xff, 0xff, 0xfe, 0x6, 0x0, 0x0, 0x13,
    0xea, 0xff, 0xfd, 0xf4, 0xff, 0xff, 0x2e, 0x0,
    0x42, 0xff, 0xff, 0xf8, 0x0, 0x0, 0x0, 0x0,
    0x57, 0xff, 0xff, 0xff, 0xff, 0xa7, 0x0, 0x0,
    0x2f, 0xff, 0xff, 0xff, 0x13, 0x0, 0x0, 0x0,
    0x9, 0xe8, 0xff, 0xff, 0xff, 0x63, 0x0, 0x0,
    0x6, 0xf2, 0xff, 0xff, 0x7e, 0x0, 0x0, 0x1c,
    0xc2, 0xff, 0xff, 0xff, 0xff, 0xfe, 0xa5, 0x38,
    0x0, 0x8a, 0xff, 0xff, 0xff, 0xce, 0xc9, 0xf9,
    0xff, 0xff, 0xfc, 0xd9, 0xff, 0xff, 0xff, 0x80,
    0x0, 0x9, 0xc2, 0xff, 0xff, 0xff, 0xff, 0xff,
    0xff, 0xf4, 0x56, 0x12, 0xcd, 0xff, 0xff, 0x80,
    0x0, 0x0, 0x5, 0x73, 0xd0, 0xf9, 0xfa, 0xd9,
    0x91, 0x1e, 0x0, 0x0, 0xc, 0x93, 0xef, 0x80,

    /* U+0027 "'" */
    0x68, 0xff, 0xff, 0x70, 0x68, 0xff, 0xff, 0x49,
    0x68, 0xff, 0xff, 0x22, 0x68, 0xff, 0xf8, 0x2,
    0x68, 0xff, 0xd2, 0x0, 0x68, 0xff, 0xac, 0x0,
    0x68, 0xff, 0x84, 0x0, 0x41, 0xa0, 0x3e, 0x0,

    /* U+0028 "(" */
    0x0, 0x0, 0x0, 0x49, 0xc1, 0xf5, 0xc, 0x0,
    0x0, 0x60, 0xfe, 0xff, 0xff, 0xc, 0x0, 0x1e,
    0xf6, 0xff, 0xef, 0x5c, 0x3, 0x0, 0x8f, 0xff,
    0xff, 0x64, 0x0, 0x0, 0x1, 0xe6, 0xff, 0xf9,
    0xb, 0x0, 0x0, 0x29, 0xff, 0xff, 0xc7, 0x0,
    0x0, 0x0, 0x59, 0xff, 0xff, 0x9f, 0x0, 0x0,
    0x0, 0x7b, 0xff, 0xff, 0x83, 0x0, 0x0, 0x0,
    0x97, 0xff, 0xff, 0x6e, 0x0, 0x0, 0x0, 0xaa,
    0xff, 0xff, 0x5f, 0x0, 0x0, 0x0, 0xb9, 0xff,
    0xff, 0x56, 0x0, 0x0, 0x0, 0xc2, 0xff, 0xff,
    0x52, 0x0, 0x0, 0x0, 0xc5, 0xff, 0xff, 0x50,
    0x0, 0x0, 0x0, 0xc9, 0xff, 0xff, 0x4d, 0x0,
    0x0, 0x0, 0xcc, 0xff, 0xff, 0x4b, 0x0, 0x0,
    0x0, 0xd0, 0xff, 0xff, 0x48, 0x0, 0x0, 0x0,
    0xcd, 0xff, 0xff, 0x4b, 0x0, 0x0, 0x0, 0xc9,
    0xff, 0xff, 0x4c, 0x0, 0x0, 0x0, 0xc6, 0xff,
    0xff, 0x50, 0x0, 0x0, 0x0, 0xc2, 0xff, 0xff,
    0x52, 0x0, 0x0, 0x0, 0xbb, 0xff, 0xff, 0x56,
    0x0, 0x0, 0x0, 0xae, 0xff, 0xff, 0x5f, 0x0,
    0x0, 0x0, 0x9a, 0xff, 0xff, 0x6d, 0x0, 0x0,
    0x0, 0x80, 0xff, 0xff, 0x80, 0x0, 0x0, 0x0,
    0x5c, 0xff, 0xff, 0x9c, 0x0, 0x0, 0x0, 0x2b,
    0xff, 0xff, 0xc2, 0x0, 0x0, 0x0, 0x2, 0xe8,
    0xff, 0xf6, 0x9, 0x0, 0x0, 0x0, 0x93, 0xff,
    0xff, 0x5b, 0x0, 0x0, 0x0, 0x21, 0xf8, 0xff,
    0xe7, 0x4b, 0x2, 0x0, 0x0, 0x65, 0xff, 0xff,
    0xff, 0xc, 0x0, 0x0, 0x0, 0x4a, 0xc4, 0xf5,
    0xc,

    /* U+0029 ")" */
    0x20, 0xf4, 0xbe, 0x42, 0x0, 0x0, 0x0, 0x20,
    0xff, 0xff, 0xfd, 0x55, 0x0, 0x0, 0x7, 0x5a,
    0xf1, 0xff, 0xf2, 0x17, 0x0, 0x0, 0x0, 0x70,
    0xff, 0xff, 0x83, 0x0, 0x0, 0x0, 0x13, 0xfd,
    0xff, 0xd9, 0x0, 0x0, 0x0, 0x0, 0xd4, 0xff,
    0xff, 0x1b, 0x0, 0x0, 0x0, 0xac, 0xff, 0xff,
    0x4b, 0x0, 0x0, 0x0, 0x90, 0xff, 0xff, 0x6c,
    0x0, 0x0, 0x0, 0x7e, 0xff, 0xff, 0x88, 0x0,
    0x0, 0x0, 0x6f, 0xff, 0xff, 0x9a, 0x0, 0x0,
    0x0, 0x66, 0xff, 0xff, 0xaa, 0x0, 0x0, 0x0,
    0x62, 0xff, 0xff, 0xb2, 0x0, 0x0, 0x0, 0x60,
    0xff, 0xff, 0xb9, 0x0, 0x0, 0x0, 0x5d, 0xff,
    0xff, 0xbc, 0x0, 0x0, 0x0, 0x5b, 0xff, 0xff,
    0xbf, 0x0, 0x0, 0x0, 0x58, 0xff, 0xff, 0xc0,
    0x0, 0x0, 0x0, 0x5b, 0xff, 0xff, 0xbc, 0x0,
    0x0, 0x0, 0x5d, 0xff, 0xff, 0xb9, 0x0, 0x0,
    0x0, 0x60, 0xff, 0xff, 0xb5, 0x0, 0x0, 0x0,
    0x63, 0xff, 0xff, 0xb2, 0x0, 0x0, 0x0, 0x66,
    0xff, 0xff, 0xa9, 0x0, 0x0, 0x0, 0x6f, 0xff,
    0xff, 0x9a, 0x0, 0x0, 0x0, 0x7e, 0xff, 0xff,
    0x87, 0x0, 0x0, 0x0, 0x92, 0xff, 0xff, 0x6b,
    0x0, 0x0, 0x0, 0xad, 0xff, 0xff, 0x4a, 0x0,
    0x0, 0x0, 0xd5, 0xff, 0xff, 0x1a, 0x0, 0x0,
    0x15, 0xfe, 0xff, 0xd9, 0x0, 0x0, 0x0, 0x71,
    0xff, 0xff, 0x83, 0x0, 0x7, 0x5b, 0xf2, 0xff,
    0xf2, 0x17, 0x0, 0x20, 0xff, 0xff, 0xfd, 0x55,
    0x0, 0x0, 0x20, 0xf4, 0xbe, 0x42, 0x0, 0x0,
    0x0,

    /* U+002A "*" */
    0x0, 0x0, 0x0, 0x0, 0xcd, 0xff, 0x8c, 0x0,
    0x0, 0x0, 0x0, 0x0, 0x0, 0x0, 0x0, 0xb8,
    0xff, 0x74, 0x0, 0x0, 0x0, 0x0, 0x3, 0x5d,
    0x3, 0x0, 0xa2, 0xff, 0x5d, 0x0, 0x10, 0x54,
    0x0, 0x48, 0xff, 0xd5, 0x4d, 0x8c, 0xff, 0x4d,
    0x73, 0xee, 0xf7, 0xe, 0x5c, 0xeb, 0xff, 0xff,
    0xf2, 0xff, 0xf2, 0xff, 0xff, 0xd6, 0x2a, 0x0,
    0x5, 0x54, 0xbe, 0xff, 0xff, 0xfb, 0xa3, 0x3d,
    0x0, 0x0, 0x0, 0x0, 0x0, 0x8c, 0xff, 0xec,
    0xfe, 0x42, 0x0, 0x0, 0x0, 0x0, 0x0, 0x41,
    0xfe, 0xe2, 0x39, 0xff, 0xe4, 0x13, 0x0, 0x0,
    0x0, 0xf, 0xe1, 0xff, 0x65, 0x0, 0xb2, 0xff,
    0xad, 0x0, 0x0, 0x0, 0x2e, 0xdc, 0xdf, 0x5,
    0x0, 0x33, 0xff, 0xb8, 0xe, 0x0, 0x0, 0x0,
    0x8, 0x30, 0x0, 0x0, 0x0, 0x39, 0x0, 0x0,
    0x0,

    /* U+002B "+" */
    0x0, 0x0, 0x0, 0x0, 0x6, 0x80, 0x80, 0x2c,
    0x0, 0x0, 0x0, 0x0, 0x0, 0x0, 0x0, 0x0,
    0xc, 0xff, 0xff, 0x58, 0x0, 0x0, 0x0, 0x0,
    0x0, 0x0, 0x0, 0x0, 0xc, 0xff, 0xff, 0x58,
    0x0, 0x0, 0x0, 0x0, 0x0, 0x0, 0x0, 0x0,
    0xc, 0xff, 0xff, 0x58, 0x0, 0x0, 0x0, 0x0,
    0x0, 0x0, 0x0, 0x0, 0xc, 0xff, 0xff, 0x58,
    0x0, 0x0, 0x0, 0x0, 0x20, 0x80, 0x80, 0x80,
    0x86, 0xff, 0xff, 0xac, 0x80, 0x80, 0x80, 0x5a,
    0x40, 0xff, 0xff, 0xff, 0xff, 0xff, 0xff, 0xff,
    0xff, 0xff, 0xff, 0xb4, 0x40, 0xff, 0xff, 0xff,
    0xff, 0xff, 0xff, 0xff, 0xff, 0xff, 0xff, 0xb4,
    0x0, 0x0, 0x0, 0x0, 0xc, 0xff, 0xff, 0x58,
    0x0, 0x0, 0x0, 0x0, 0x0, 0x0, 0x0, 0x0,
    0xc, 0xff, 0xff, 0x58, 0x0, 0x0, 0x0, 0x0,
    0x0, 0x0, 0x0, 0x0, 0xc, 0xff, 0xff, 0x58,
    0x0, 0x0, 0x0, 0x0, 0x0, 0x0, 0x0, 0x0,
    0xc, 0xff, 0xff, 0x58, 0x0, 0x0, 0x0, 0x0,
    0x0, 0x0, 0x0, 0x0, 0xc, 0xff, 0xff, 0x58,
    0x0, 0x0, 0x0, 0x0,

    /* U+002C "," */
    0x68, 0x88, 0x88, 0x48, 0xc4, 0xff, 0xff, 0x88,
    0xc4, 0xff, 0xff, 0x88, 0xc4, 0xff, 0xff, 0x88,
    0x0, 0x1f, 0xff, 0x7d, 0x0, 0x78, 0xff, 0x4f,
    0x70, 0xfc, 0xd0, 0x5, 0x79, 0xa8, 0x15, 0x0,
    0x0, 0x0, 0x0, 0x0,

    /* U+002D "-" */
    0x63, 0x7c, 0x7c, 0x7c, 0x7c, 0x7c, 0x6e, 0xcc,
    0xff, 0xff, 0xff, 0xff, 0xff, 0xe4, 0xcc, 0xff,
    0xff, 0xff, 0xff, 0xff, 0xe4,

    /* U+002E "." */
    0x59, 0xa8, 0xa8, 0x74, 0x88, 0xff, 0xff, 0xb0,
    0x88, 0xff, 0xff, 0xb0, 0x88, 0xff, 0xff, 0xb0,

    /* U+002F "/" */
    0x0, 0x0, 0x0, 0x0, 0x0, 0x0, 0x0, 0xba,
    0xff, 0xfe, 0x14, 0x0, 0x0, 0x0, 0x0, 0x0,
    0x0, 0x6, 0xf6, 0xff, 0xcf, 0x0, 0x0, 0x0,
    0x0, 0x0, 0x0, 0x0, 0x40, 0xff, 0xff, 0x8c,
    0x0, 0x0, 0x0, 0x0, 0x0, 0x0, 0x0, 0x82,
    0xff, 0xff, 0x47, 0x0, 0x0, 0x0, 0x0, 0x0,
    0x0, 0x0, 0xc5, 0xff, 0xfa, 0xb, 0x0, 0x0,
    0x0, 0x0, 0x0, 0x0, 0xc, 0xfb, 0xff, 0xc1,
    0x0, 0x0, 0x0, 0x0, 0x0, 0x0, 0x0, 0x4b,
    0xff, 0xff, 0x7e, 0x0, 0x0, 0x0, 0x0, 0x0,
    0x0, 0x0, 0x8e, 0xff, 0xff, 0x3b, 0x0, 0x0,
    0x0, 0x0, 0x0, 0x0, 0x0, 0xd0, 0xff, 0xf3,
    0x5, 0x0, 0x0, 0x0, 0x0, 0x0, 0x0, 0x15,
    0xff, 0xff, 0xb4, 0x0, 0x0, 0x0, 0x0, 0x0,
    0x0, 0x0, 0x57, 0xff, 0xff, 0x70, 0x0, 0x0,
    0x0, 0x0, 0x0, 0x0, 0x0, 0x99, 0xff, 0xff,
    0x2d, 0x0, 0x0, 0x0, 0x0, 0x0, 0x0, 0x0,
    0xdc, 0xff, 0xe9, 0x1, 0x0, 0x0, 0x0, 0x0,
    0x0, 0x0, 0x20, 0xff, 0xff, 0xa7, 0x0, 0x0,
    0x0, 0x0, 0x0, 0x0, 0x0, 0x62, 0xff, 0xff,
    0x63, 0x0, 0x0, 0x0, 0x0, 0x0, 0x0, 0x0,
    0xa4, 0xff, 0xff, 0x20, 0x0, 0x0, 0x0, 0x0,
    0x0, 0x0, 0x1, 0xe8, 0xff, 0xdc, 0x0, 0x0,
    0x0, 0x0, 0x0, 0x0, 0x0, 0x2b, 0xff, 0xff,
    0x99, 0x0, 0x0, 0x0, 0x0, 0x0, 0x0, 0x0,
    0x6d, 0xff, 0xff, 0x56, 0x0, 0x0, 0x0, 0x0,
    0x0, 0x0, 0x0, 0xb0, 0xff, 0xfe, 0x14, 0x0,
    0x0, 0x0, 0x0, 0x0, 0x0, 0x3, 0xf1, 0xff,
    0xcf, 0x0, 0x0, 0x0, 0x0, 0x0, 0x0, 0x0,
    0x35, 0xff, 0xff, 0x8c, 0x0, 0x0, 0x0, 0x0,
    0x0, 0x0, 0x0, 0x7a, 0xff, 0xff, 0x48, 0x0,
    0x0, 0x0, 0x0, 0x0, 0x0, 0x0, 0xbc, 0xff,
    0xfa, 0xb, 0x0, 0x0, 0x0, 0x0, 0x0, 0x0,
    0x8, 0xf7, 0xff, 0xc2, 0x0, 0x0, 0x0, 0x0,
    0x0, 0x0, 0x0,

    /* U+0030 "0" */
    0x0, 0x0, 0x0, 0x30, 0xa5, 0xe5, 0xfc, 0xf5,
    0xcc, 0x74, 0x8, 0x0, 0x0, 0x0, 0x0, 0x5f,
    0xfb, 0xff, 0xff, 0xff, 0xff, 0xff, 0xff, 0xcd,
    0x11, 0x0, 0x0, 0x2d, 0xfb, 0xff, 0xff, 0xeb,
    0xb4, 0xc6, 0xff, 0xff, 0xff, 0xa9, 0x0, 0x0,
    0xa6, 0xff, 0xff, 0xd1, 0xd, 0x0, 0x0, 0x5b,
    0xff, 0xff, 0xff, 0x27, 0x3, 0xf2, 0xff, 0xff,
    0x55, 0x0, 0x0, 0x0, 0x0, 0xd1, 0xff, 0xff,
    0x75, 0x24, 0xff, 0xff, 0xff, 0x1e, 0x0, 0x0,
    0x0, 0x0, 0x9a, 0xff, 0xff, 0xa4, 0x3d, 0xff,
    0xff, 0xff, 0x4, 0x0, 0x0, 0x0, 0x0, 0x80,
    0xff, 0xff, 0xbd, 0x44, 0xff, 0xff, 0xfc, 0x0,
    0x0, 0x0, 0x0, 0x0, 0x78, 0xff, 0xff, 0xc4,
    0x44, 0xff, 0xff, 0xfc, 0x0, 0x0, 0x0, 0x0,
    0x0, 0x78, 0xff, 0xff, 0xc4, 0x44, 0xff, 0xff,
    0xfc, 0x0, 0x0, 0x0, 0x0, 0x0, 0x78, 0xff,
    0xff, 0xc4, 0x44, 0xff, 0xff, 0xfc, 0x0, 0x0,
    0x0, 0x0, 0x0, 0x78, 0xff, 0xff, 0xc4, 0x44,
    0xff, 0xff, 0xfc, 0x0, 0x0, 0x0, 0x0, 0x0,
    0x78, 0xff, 0xff, 0xc4, 0x44, 0xff, 0xff, 0xfc,
    0x0, 0x0, 0x0, 0x0, 0x0, 0x78, 0xff, 0xff,
    0xc4, 0x44, 0xff, 0xff, 0xfc, 0x0, 0x0, 0x0,
    0x0, 0x0, 0x78, 0xff, 0xff, 0xc4, 0x44, 0xff,
    0xff, 0xfc, 0x0, 0x0, 0x0, 0x0, 0x0, 0x78,
    0xff, 0xff, 0xc4, 0x44, 0xff, 0xff, 0xfc, 0x0,
    0x0, 0x0, 0x0, 0x0, 0x78, 0xff, 0xff, 0xc4,
    0x44, 0xff, 0xff, 0xfc, 0x0, 0x0, 0x0, 0x0,
    0x0, 0x78, 0xff, 0xff, 0xc4, 0x44, 0xff, 0xff,
    0xfc, 0x0, 0x0, 0x0, 0x0, 0x0, 0x78, 0xff,
    0xff, 0xc4, 0x3d, 0xff, 0xff, 0xff, 0x6, 0x0,
    0x0, 0x0, 0x0, 0x82, 0xff, 0xff, 0xbc, 0x23,
    0xff, 0xff, 0xff, 0x24, 0x0, 0x0, 0x0, 0x0,
    0xa0, 0xff, 0xff, 0xa3, 0x1, 0xec, 0xff, 0xff,
    0x65, 0x0, 0x0, 0x0, 0x2, 0xde, 0xff, 0xff,
    0x70, 0x0, 0x98, 0xff, 0xff, 0xe0, 0x19, 0x0,
    0x0, 0x72, 0xff, 0xff, 0xfd, 0x20, 0x0, 0x21,
    0xf5, 0xff, 0xff, 0xf3, 0xbd, 0xd0, 0xff, 0xff,
    0xff, 0x9e, 0x0, 0x0, 0x0, 0x4d, 0xf7, 0xff,
    0xff, 0xff, 0xff, 0xff, 0xff, 0xc4, 0xc, 0x0,
    0x0, 0x0, 0x0, 0x28, 0xa0, 0xe2, 0xfd, 0xf5,
    0xcb, 0x70, 0x6, 0x0, 0x0,

    /* U+0031 "1" */
    0x0, 0x0, 0x0, 0x0, 0x1, 0x8a, 0xff, 0xff,
    0x58, 0x0, 0x0, 0x0, 0x2a, 0xb5, 0xff, 0xff,
    0xff, 0x58, 0x7, 0x71, 0xc1, 0xff, 0xff, 0xff,
    0xff, 0xff, 0x58, 0x18, 0xff, 0xff, 0xff, 0xff,
    0xff, 0xff, 0xff, 0x58, 0x18, 0xff, 0xea, 0xb6,
    0x7f, 0xeb, 0xff, 0xff, 0x58, 0x5, 0x1b, 0x0,
    0x0, 0x0, 0xe0, 0xff, 0xff, 0x58, 0x0, 0x0,
    0x0, 0x0, 0x0, 0xe0, 0xff, 0xff, 0x58, 0x0,
    0x0, 0x0, 0x0, 0x0, 0xe0, 0xff, 0xff, 0x58,
    0x0, 0x0, 0x0, 0x0, 0x0, 0xe0, 0xff, 0xff,
    0x58, 0x0, 0x0, 0x0, 0x0, 0x0, 0xe0, 0xff,
    0xff, 0x58, 0x0, 0x0, 0x0, 0x0, 0x0, 0xe0,
    0xff, 0xff, 0x58, 0x0, 0x0, 0x0, 0x0, 0x0,
    0xe0, 0xff, 0xff, 0x58, 0x0, 0x0, 0x0, 0x0,
    0x0, 0xe0, 0xff, 0xff, 0x58, 0x0, 0x0, 0x0,
    0x0, 0x0, 0xe0, 0xff, 0xff, 0x58, 0x0, 0x0,
    0x0, 0x0, 0x0, 0xe0, 0xff, 0xff, 0x58, 0x0,
    0x0, 0x0, 0x0, 0x0, 0xe0, 0xff, 0xff, 0x58,
    0x0, 0x0, 0x0, 0x0, 0x0, 0xe0, 0xff, 0xff,
    0x58, 0x0, 0x0, 0x0, 0x0, 0x0, 0xe0, 0xff,
    0xff, 0x58, 0x0, 0x0, 0x0, 0x0, 0x0, 0xe0,
    0xff, 0xff, 0x58, 0x0, 0x0, 0x0, 0x0, 0x0,
    0xe0, 0xff, 0xff, 0x58, 0x0, 0x0, 0x0, 0x0,
    0x0, 0xe0, 0xff, 0xff, 0x58, 0x0, 0x0, 0x0,
    0x0, 0x0, 0xe0, 0xff, 0xff, 0x58, 0x0, 0x0,
    0x0, 0x0, 0x0, 0xe0, 0xff, 0xff, 0x58, 0x0,
    0x0, 0x0, 0x0, 0x0, 0xe0, 0xff, 0xff, 0x58,
    0x0, 0x0, 0x0, 0x0, 0x0, 0xe0, 0xff, 0xff,
    0x58,

    /* U+0032 "2" */
    0x0, 0x0, 0x3, 0x63, 0xc2, 0xf0, 0xfe, 0xee,
    0xba, 0x55, 0x0, 0x0, 0x0, 0x0, 0x5, 0xb1,
    0xff, 0xff, 0xff, 0xff, 0xff, 0xff, 0xff, 0x9b,
    0x0, 0x0, 0x0, 0x7b, 0xff, 0xff, 0xff, 0xe7,
    0xb9, 0xdf, 0xff, 0xff, 0xff, 0x5d, 0x0, 0x4,
    0xec, 0xff, 0xff, 0xb2, 0x7, 0x0, 0x3, 0xaf,
    0xff, 0xff, 0xd2, 0x0, 0x39, 0xff, 0xff, 0xff,
    0x20, 0x0, 0x0, 0x0, 0x36, 0xff, 0xff, 0xff,
    0x16, 0x64, 0xff, 0xff, 0xdd, 0x0, 0x0, 0x0,
    0x0, 0x9, 0xff, 0xff, 0xff, 0x39, 0x79, 0xff,
    0xff, 0xbe, 0x0, 0x0, 0x0, 0x0, 0x0, 0xff,
    0xff, 0xff, 0x42, 0x80, 0xff, 0xff, 0xb4, 0x0,
    0x0, 0x0, 0x0, 0x11, 0xff, 0xff, 0xff, 0x36,
    0xa, 0x14, 0x14, 0xe, 0x0, 0x0, 0x0, 0x0,
    0x47, 0xff, 0xff, 0xfe, 0xf, 0x0, 0x0, 0x0,
    0x0, 0x0, 0x0, 0x0, 0x0, 0xa7, 0xff, 0xff,
    0xc4, 0x0, 0x0, 0x0, 0x0, 0x0, 0x0, 0x0,
    0x0, 0x2b, 0xfd, 0xff, 0xff, 0x5e, 0x0, 0x0,
    0x0, 0x0, 0x0, 0x0, 0x0, 0x1, 0xbf, 0xff,
    0xff, 0xd6, 0x4, 0x0, 0x0, 0x0, 0x0, 0x0,
    0x0, 0x0, 0x60, 0xff, 0xff, 0xff, 0x43, 0x0,
    0x0, 0x0, 0x0, 0x0, 0x0, 0x0, 0x14, 0xec,
    0xff, 0xff, 0xa0, 0x0, 0x0, 0x0, 0x0, 0x0,
    0x0, 0x0, 0x0, 0xa3, 0xff, 0xff, 0xe9, 0x13,
    0x0, 0x0, 0x0, 0x0, 0x0, 0x0, 0x0, 0x44,
    0xff, 0xff, 0xff, 0x57, 0x0, 0x0, 0x0, 0x0,
    0x0, 0x0, 0x0, 0x8, 0xdc, 0xff, 0xff, 0xb1,
    0x0, 0x0, 0x0, 0x0, 0x0, 0x0, 0x0, 0x0,
    0x85, 0xff, 0xff, 0xf2, 0x1d, 0x0, 0x0, 0x0,
    0x0, 0x0, 0x0, 0x0, 0x2b, 0xfa, 0xff, 0xff,
    0x6a, 0x0, 0x0, 0x0, 0x0, 0x0, 0x0, 0x0,
    0x2, 0xc5, 0xff, 0xff, 0xc3, 0x2, 0x0, 0x0,
    0x0, 0x0, 0x0, 0x0, 0x0, 0x68, 0xff, 0xff,
    0xf9, 0x28, 0x0, 0x0, 0x0, 0x0, 0x0, 0x0,
    0x0, 0x18, 0xf0, 0xff, 0xff, 0x7d, 0x0, 0x0,
    0x0, 0x0, 0x0, 0x0, 0x0, 0x0, 0x9f, 0xff,
    0xff, 0xff, 0xc9, 0xc4, 0xc4, 0xc4, 0xc4, 0xc4,
    0xc4, 0x87, 0x0, 0xc4, 0xff, 0xff, 0xff, 0xff,
    0xff, 0xff, 0xff, 0xff, 0xff, 0xff, 0xb0, 0x0,
    0xc4, 0xff, 0xff, 0xff, 0xff, 0xff, 0xff, 0xff,
    0xff, 0xff, 0xff, 0xb0, 0x0,

    /* U+0033 "3" */
    0x0, 0x0, 0x1a, 0x8c, 0xd6, 0xf7, 0xfc, 0xe6,
    0xad, 0x3f, 0x0, 0x0, 0x0, 0x0, 0x3b, 0xef,
    0xff, 0xff, 0xff, 0xff, 0xff, 0xff, 0xff, 0x81,
    0x0, 0x0, 0xe, 0xe8, 0xff, 0xff, 0xfa, 0xbd,
    0xb3, 0xe5, 0xff, 0xff, 0xff, 0x49, 0x0, 0x6a,
    0xff, 0xff, 0xfa, 0x30, 0x0, 0x0, 0x6, 0xbb,
    0xff, 0xff, 0xbc, 0x0, 0xaa, 0xff, 0xff, 0xad,
    0x0, 0x0, 0x0, 0x0, 0x47, 0xff, 0xff, 0xfa,
    0x4, 0xc6, 0xff, 0xff, 0x77, 0x0, 0x0, 0x0,
    0x0, 0x1b, 0xff, 0xff, 0xff, 0x1d, 0xa3, 0xcc,
    0xcc, 0x4e, 0x0, 0x0, 0x0, 0x0, 0x13, 0xff,
    0xff, 0xff, 0x1e, 0x0, 0x0, 0x0, 0x0, 0x0,
    0x0, 0x0, 0x0, 0x35, 0xff, 0xff, 0xfb, 0x7,
    0x0, 0x0, 0x0, 0x0, 0x0, 0x0, 0x0, 0x1,
    0x9f, 0xff, 0xff, 0xb7, 0x0, 0x0, 0x0, 0x0,
    0x0, 0x0, 0x4a, 0x7a, 0xc2, 0xff, 0xff, 0xf8,
    0x32, 0x0, 0x0, 0x0, 0x0, 0x0, 0x0, 0xb4,
    0xff, 0xff, 0xff, 0xe4, 0x44, 0x0, 0x0, 0x0,
    0x0, 0x0, 0x0, 0x0, 0xb4, 0xff, 0xff, 0xf5,
    0x60, 0x0, 0x0, 0x0, 0x0, 0x0, 0x0, 0x0,
    0x0, 0xb1, 0xff, 0xff, 0xff, 0xff, 0x8b, 0x0,
    0x0, 0x0, 0x0, 0x0, 0x0, 0x0, 0x0, 0x15,
    0x81, 0xff, 0xff, 0xff, 0x3e, 0x0, 0x0, 0x0,
    0x0, 0x0, 0x0, 0x0, 0x0, 0x0, 0xad, 0xff,
    0xff, 0xad, 0x0, 0x0, 0x0, 0x0, 0x0, 0x0,
    0x0, 0x0, 0x0, 0x50, 0xff, 0xff, 0xf0, 0x1,
    0x0, 0x0, 0x0, 0x0, 0x0, 0x0, 0x0, 0x0,
    0x22, 0xff, 0xff, 0xff, 0x16, 0x3d, 0x4c, 0x4c,
    0x1d, 0x0, 0x0, 0x0, 0x0, 0x12, 0xff, 0xff,
    0xff, 0x22, 0xcb, 0xff, 0xff, 0x65, 0x0, 0x0,
    0x0, 0x0, 0x18, 0xff, 0xff, 0xff, 0x1b, 0xbe,
    0xff, 0xff, 0x7e, 0x0, 0x0, 0x0, 0x0, 0x31,
    0xff, 0xff, 0xfd, 0x5, 0x9a, 0xff, 0xff, 0xb5,
    0x0, 0x0, 0x0, 0x0, 0x69, 0xff, 0xff, 0xd2,
    0x0, 0x53, 0xff, 0xff, 0xfd, 0x48, 0x0, 0x0,
    0x19, 0xdf, 0xff, 0xff, 0x86, 0x0, 0x4, 0xd6,
    0xff, 0xff, 0xff, 0xcf, 0xc4, 0xf6, 0xff, 0xff,
    0xf3, 0x1b, 0x0, 0x0, 0x29, 0xe6, 0xff, 0xff,
    0xff, 0xff, 0xff, 0xff, 0xf8, 0x4d, 0x0, 0x0,
    0x0, 0x0, 0x14, 0x86, 0xd4, 0xf7, 0xfa, 0xe1,
    0xa1, 0x2a, 0x0, 0x0, 0x0,

    /* U+0034 "4" */
    0x0, 0x0, 0x0, 0x0, 0x0, 0x0, 0xb0, 0xff,
    0xff, 0xff, 0x50, 0x0, 0x0, 0x0, 0x0, 0x0,
    0x0, 0x0, 0x0, 0x21, 0xfd, 0xff, 0xff, 0xff,
    0x50, 0x0, 0x0, 0x0, 0x0, 0x0, 0x0, 0x0,
    0x0, 0x8e, 0xff, 0xff, 0xff, 0xff, 0x50, 0x0,
    0x0, 0x0, 0x0, 0x0, 0x0, 0x0, 0xd, 0xf1,
    0xff, 0xff, 0xff, 0xff, 0x50, 0x0, 0x0, 0x0,
    0x0, 0x0, 0x0, 0x0, 0x6b, 0xff, 0xfa, 0xd3,
    0xff, 0xff, 0x50, 0x0, 0x0, 0x0, 0x0, 0x0,
    0x0, 0x2, 0xd9, 0xff, 0xb2, 0xc0, 0xff, 0xff,
    0x50, 0x0, 0x0, 0x0, 0x0, 0x0, 0x0, 0x4a,
    0xff, 0xff, 0x57, 0xc0, 0xff, 0xff, 0x50, 0x0,
    0x0, 0x0, 0x0, 0x0, 0x0, 0xba, 0xff, 0xf3,
    0xa, 0xc0, 0xff, 0xff, 0x50, 0x0, 0x0, 0x0,
    0x0, 0x0, 0x2b, 0xff, 0xff, 0xa2, 0x0, 0xc0,
    0xff, 0xff, 0x50, 0x0, 0x0, 0x0, 0x0, 0x0,
    0x98, 0xff, 0xff, 0x47, 0x0, 0xc0, 0xff, 0xff,
    0x50, 0x0, 0x0, 0x0, 0x0, 0x11, 0xf5, 0xff,
    0xe9, 0x4, 0x0, 0xc0, 0xff, 0xff, 0x50, 0x0,
    0x0, 0x0, 0x0, 0x76, 0xff, 0xff, 0x92, 0x0,
    0x0, 0xc0, 0xff, 0xff, 0x50, 0x0, 0x0, 0x0,
    0x4, 0xe1, 0xff, 0xff, 0x37, 0x0, 0x0, 0xc0,
    0xff, 0xff, 0x50, 0x0, 0x0, 0x0, 0x56, 0xff,
    0xff, 0xdb, 0x1, 0x0, 0x0, 0xc0, 0xff, 0xff,
    0x50, 0x0, 0x0, 0x0, 0xb9, 0xff, 0xff, 0x82,
    0x0, 0x0, 0x0, 0xc0, 0xff, 0xff, 0x50, 0x0,
    0x0, 0x0, 0xcc, 0xff, 0xff, 0xf0, 0xe8, 0xe8,
    0xe8, 0xfa, 0xff, 0xff, 0xf0, 0xe8, 0xe8, 0xb,
    0xcc, 0xff, 0xff, 0xff, 0xff, 0xff, 0xff, 0xff,
    0xff, 0xff, 0xff, 0xff, 0xff, 0xc, 0xcc, 0xff,
    0xff, 0xff, 0xff, 0xff, 0xff, 0xff, 0xff, 0xff,
    0xff, 0xff, 0xff, 0xc, 0x0, 0x0, 0x0, 0x0,
    0x0, 0x0, 0x0, 0xc0, 0xff, 0xff, 0x50, 0x0,
    0x0, 0x0, 0x0, 0x0, 0x0, 0x0, 0x0, 0x0,
    0x0, 0xc0, 0xff, 0xff, 0x50, 0x0, 0x0, 0x0,
    0x0, 0x0, 0x0, 0x0, 0x0, 0x0, 0x0, 0xc0,
    0xff, 0xff, 0x50, 0x0, 0x0, 0x0, 0x0, 0x0,
    0x0, 0x0, 0x0, 0x0, 0x0, 0xc0, 0xff, 0xff,
    0x50, 0x0, 0x0, 0x0, 0x0, 0x0, 0x0, 0x0,
    0x0, 0x0, 0x0, 0xc0, 0xff, 0xff, 0x50, 0x0,
    0x0, 0x0, 0x0, 0x0, 0x0, 0x0, 0x0, 0x0,
    0x0, 0xc0, 0xff, 0xff, 0x50, 0x0, 0x0, 0x0,
    0x0, 0x0, 0x0, 0x0, 0x0, 0x0, 0x0, 0xc0,
    0xff, 0xff, 0x50, 0x0, 0x0, 0x0,

    /* U+0035 "5" */
    0xc, 0xff, 0xff, 0xff, 0xff, 0xff, 0xff, 0xff,
    0xff, 0xff, 0xff, 0x6c, 0x0, 0xc, 0xff, 0xff,
    0xff, 0xff, 0xff, 0xff, 0xff, 0xff, 0xff, 0xff,
    0x6c, 0x0, 0xc, 0xff, 0xff, 0xff, 0xff, 0xff,
    0xff, 0xff, 0xff, 0xff, 0xff, 0x6c, 0x0, 0xc,
    0xff, 0xff, 0xe5, 0x4c, 0x4c, 0x4c, 0x4c, 0x4c,
    0x4c, 0x4c, 0x20, 0x0, 0xc, 0xff, 0xff, 0xd2,
    0x0, 0x0, 0x0, 0x0, 0x0, 0x0, 0x0, 0x0,
    0x0, 0xc, 0xff, 0xff, 0xca, 0x0, 0x0, 0x0,
    0x0, 0x0, 0x0, 0x0, 0x0, 0x0, 0xc, 0xff,
    0xff, 0xc2, 0x0, 0x0, 0x0, 0x0, 0x0, 0x0,
    0x0, 0x0, 0x0, 0xc, 0xff, 0xff, 0xba, 0x0,
    0x0, 0x0, 0x0, 0x0, 0x0, 0x0, 0x0, 0x0,
    0xc, 0xff, 0xff, 0xb2, 0x1, 0x3c, 0x70, 0x76,
    0x57, 0xe, 0x0, 0x0, 0x0, 0xc, 0xff, 0xff,
    0xc5, 0xc5, 0xff, 0xff, 0xff, 0xff, 0xf0, 0x4c,
    0x0, 0x0, 0xc, 0xff, 0xff, 0xff, 0xff, 0xff,
    0xff, 0xff, 0xff, 0xff, 0xf8, 0x29, 0x0, 0xc,
    0xff, 0xff, 0xff, 0xcc, 0x2c, 0x4, 0x37, 0xe0,
    0xff, 0xff, 0xa1, 0x0, 0xc, 0xff, 0xff, 0xee,
    0x16, 0x0, 0x0, 0x0, 0x57, 0xff, 0xff, 0xef,
    0x2, 0x1, 0x18, 0x18, 0x11, 0x0, 0x0, 0x0,
    0x0, 0x13, 0xff, 0xff, 0xff, 0x22, 0x0, 0x0,
    0x0, 0x0, 0x0, 0x0, 0x0, 0x0, 0x0, 0xf6,
    0xff, 0xff, 0x40, 0x0, 0x0, 0x0, 0x0, 0x0,
    0x0, 0x0, 0x0, 0x0, 0xe9, 0xff, 0xff, 0x4c,
    0x0, 0x0, 0x0, 0x0, 0x0, 0x0, 0x0, 0x0,
    0x0, 0xe4, 0xff, 0xff, 0x4e, 0x2b, 0x48, 0x48,
    0x2d, 0x0, 0x0, 0x0, 0x0, 0x0, 0xea, 0xff,
    0xff, 0x42, 0x91, 0xff, 0xff, 0xa8, 0x0, 0x0,
    0x0, 0x0, 0x0, 0xf6, 0xff, 0xff, 0x2e, 0x7c,
    0xff, 0xff, 0xc0, 0x0, 0x0, 0x0, 0x0, 0xe,
    0xff, 0xff, 0xff, 0xd, 0x55, 0xff, 0xff, 0xf0,
    0x5, 0x0, 0x0, 0x0, 0x42, 0xff, 0xff, 0xd6,
    0x0, 0x14, 0xfc, 0xff, 0xff, 0x76, 0x0, 0x0,
    0x3, 0xba, 0xff, 0xff, 0x84, 0x0, 0x0, 0xa3,
    0xff, 0xff, 0xff, 0xc0, 0xa1, 0xd8, 0xff, 0xff,
    0xf2, 0x18, 0x0, 0x0, 0x13, 0xd3, 0xff, 0xff,
    0xff, 0xff, 0xff, 0xff, 0xf9, 0x4c, 0x0, 0x0,
    0x0, 0x0, 0xc, 0x7c, 0xcf, 0xf5, 0xfc, 0xe6,
    0xa5, 0x2b, 0x0, 0x0, 0x0,

    /* U+0036 "6" */
    0x0, 0x0, 0x0, 0x24, 0xa1, 0xe5, 0xfd, 0xf5,
    0xce, 0x7d, 0xf, 0x0, 0x0, 0x0, 0x0, 0x38,
    0xf3, 0xff, 0xff, 0xff, 0xff, 0xff, 0xff, 0xe1,
    0x23, 0x0, 0x0, 0xc, 0xe4, 0xff, 0xff, 0xf5,
    0xbb, 0xc8, 0xfe, 0xff, 0xff, 0xce, 0x2, 0x0,
    0x6f, 0xff, 0xff, 0xe3, 0x1d, 0x0, 0x0, 0x40,
    0xfe, 0xff, 0xff, 0x45, 0x0, 0xc3, 0xff, 0xff,
    0x66, 0x0, 0x0, 0x0, 0x0, 0xc3, 0xff, 0xff,
    0x88, 0x4, 0xf8, 0xff, 0xff, 0x21, 0x0, 0x0,
    0x0, 0x0, 0x98, 0xff, 0xff, 0xa2, 0x23, 0xff,
    0xff, 0xfd, 0x3, 0x0, 0x0, 0x0, 0x0, 0x10,
    0x1c, 0x1c, 0x13, 0x3a, 0xff, 0xff, 0xf5, 0x0,
    0x0, 0x0, 0x0, 0x0, 0x0, 0x0, 0x0, 0x0,
    0x42, 0xff, 0xff, 0xf4, 0x0, 0x0, 0x0, 0x0,
    0x0, 0x0, 0x0, 0x0, 0x0, 0x44, 0xff, 0xff,
    0xf4, 0x0, 0x1a, 0x64, 0x78, 0x68, 0x2b, 0x0,
    0x0, 0x0, 0x44, 0xff, 0xff, 0xf4, 0x67, 0xf9,
    0xff, 0xff, 0xff, 0xff, 0xa7, 0x8, 0x0, 0x44,
    0xff, 0xff, 0xfe, 0xfd, 0xff, 0xff, 0xff, 0xff,
    0xff, 0xff, 0x96, 0x0, 0x44, 0xff, 0xff, 0xff,
    0xdf, 0x49, 0x8, 0x1a, 0xa2, 0xff, 0xff, 0xfd,
    0x1b, 0x44, 0xff, 0xff, 0xfc, 0x24, 0x0, 0x0,
    0x0, 0x8, 0xec, 0xff, 0xff, 0x64, 0x44, 0xff,
    0xff, 0xf4, 0x0, 0x0, 0x0, 0x0, 0x0, 0xaf,
    0xff, 0xff, 0x93, 0x44, 0xff, 0xff, 0xf4, 0x0,
    0x0, 0x0, 0x0, 0x0, 0x95, 0xff, 0xff, 0xae,
    0x44, 0xff, 0xff, 0xf4, 0x0, 0x0, 0x0, 0x0,
    0x0, 0x86, 0xff, 0xff, 0xba, 0x40, 0xff, 0xff,
    0xf5, 0x0, 0x0, 0x0, 0x0, 0x0, 0x81, 0xff,
    0xff, 0xb6, 0x2d, 0xff, 0xff, 0xff, 0x3, 0x0,
    0x0, 0x0, 0x0, 0x8b, 0xff, 0xff, 0xa2, 0xc,
    0xfd, 0xff, 0xff, 0x24, 0x0, 0x0, 0x0, 0x0,
    0xaf, 0xff, 0xff, 0x7d, 0x0, 0xcc, 0xff, 0xff,
    0x67, 0x0, 0x0, 0x0, 0x8, 0xee, 0xff, 0xff,
    0x41, 0x0, 0x74, 0xff, 0xff, 0xe3, 0x1c, 0x0,
    0x1, 0x8d, 0xff, 0xff, 0xe5, 0x4, 0x0, 0xc,
    0xe3, 0xff, 0xff, 0xf5, 0xc3, 0xdd, 0xff, 0xff,
    0xff, 0x67, 0x0, 0x0, 0x0, 0x34, 0xef, 0xff,
    0xff, 0xff, 0xff, 0xff, 0xff, 0x9c, 0x1, 0x0,
    0x0, 0x0, 0x0, 0x21, 0x9d, 0xe4, 0xfd, 0xf3,
    0xc4, 0x5e, 0x1, 0x0, 0x0,

    /* U+0037 "7" */
    0x58, 0xff, 0xff, 0xff, 0xff, 0xff, 0xff, 0xff,
    0xff, 0xff, 0x60, 0x58, 0xff, 0xff, 0xff, 0xff,
    0xff, 0xff, 0xff, 0xff, 0xff, 0x5d, 0x34, 0x98,
    0x98, 0x98, 0x98, 0x98, 0x98, 0xf3, 0xff, 0xff,
    0x34, 0x0, 0x0, 0x0, 0x0, 0x0, 0x0, 0x7,
    0xfb, 0xff, 0xfb, 0x7, 0x0, 0x0, 0x0, 0x0,
    0x0, 0x0, 0x33, 0xff, 0xff, 0xd2, 0x0, 0x0,
    0x0, 0x0, 0x0, 0x0, 0x0, 0x66, 0xff, 0xff,
    0xa1, 0x0, 0x0, 0x0, 0x0, 0x0, 0x0, 0x0,
    0x97, 0xff, 0xff, 0x6f, 0x0, 0x0, 0x0, 0x0,
    0x0, 0x0, 0x0, 0xca, 0xff, 0xff, 0x3e, 0x0,
    0x0, 0x0, 0x0, 0x0, 0x0, 0x5, 0xf7, 0xff,
    0xff, 0xf, 0x0, 0x0, 0x0, 0x0, 0x0, 0x0,
    0x2e, 0xff, 0xff, 0xda, 0x0, 0x0, 0x0, 0x0,
    0x0, 0x0, 0x0, 0x5f, 0xff, 0xff, 0xaa, 0x0,
    0x0, 0x0, 0x0, 0x0, 0x0, 0x0, 0x91, 0xff,
    0xff, 0x79, 0x0, 0x0, 0x0, 0x0, 0x0, 0x0,
    0x0, 0xc3, 0xff, 0xff, 0x48, 0x0, 0x0, 0x0,
    0x0, 0x0, 0x0, 0x2, 0xf4, 0xff, 0xff, 0x16,
    0x0, 0x0, 0x0, 0x0, 0x0, 0x0, 0x26, 0xff,
    0xff, 0xe6, 0x0, 0x0, 0x0, 0x0, 0x0, 0x0,
    0x0, 0x5a, 0xff, 0xff, 0xb3, 0x0, 0x0, 0x0,
    0x0, 0x0, 0x0, 0x0, 0x8b, 0xff, 0xff, 0x82,
    0x0, 0x0, 0x0, 0x0, 0x0, 0x0, 0x0, 0xbe,
    0xff, 0xff, 0x51, 0x0, 0x0, 0x0, 0x0, 0x0,
    0x0, 0x1, 0xee, 0xff, 0xff, 0x20, 0x0, 0x0,
    0x0, 0x0, 0x0, 0x0, 0x22, 0xff, 0xff, 0xee,
    0x1, 0x0, 0x0, 0x0, 0x0, 0x0, 0x0, 0x53,
    0xff, 0xff, 0xbe, 0x0, 0x0, 0x0, 0x0, 0x0,
    0x0, 0x0, 0x85, 0xff, 0xff, 0x8d, 0x0, 0x0,
    0x0, 0x0, 0x0, 0x0, 0x0, 0xb7, 0xff, 0xff,
    0x5a, 0x0, 0x0, 0x0, 0x0, 0x0, 0x0, 0x0,
    0xea, 0xff, 0xff, 0x2a, 0x0, 0x0, 0x0, 0x0,
    0x0, 0x0, 0x1a, 0xff, 0xff, 0xf6, 0x3, 0x0,
    0x0, 0x0, 0x0,

    /* U+0038 "8" */
    0x0, 0x0, 0x1, 0x5a, 0xbd, 0xee, 0xfe, 0xee,
    0xbd, 0x56, 0x0, 0x0, 0x0, 0x0, 0x1, 0xa3,
    0xff, 0xff, 0xff, 0xff, 0xff, 0xff, 0xff, 0x99,
    0x0, 0x0, 0x0, 0x63, 0xff, 0xff, 0xff, 0xbe,
    0x90, 0xbf, 0xff, 0xff, 0xff, 0x55, 0x0, 0x0,
    0xd0, 0xff, 0xff, 0x98, 0x0, 0x0, 0x0, 0xa0,
    0xff, 0xff, 0xc0, 0x0, 0xf, 0xff, 0xff, 0xff,
    0x28, 0x0, 0x0, 0x0, 0x36, 0xff, 0xff, 0xfa,
    0x4, 0x2d, 0xff, 0xff, 0xfa, 0x1, 0x0, 0x0,
    0x0, 0xc, 0xff, 0xff, 0xff, 0x1c, 0x30, 0xff,
    0xff, 0xfa, 0x0, 0x0, 0x0, 0x0, 0xa, 0xff,
    0xff, 0xff, 0x20, 0x18, 0xff, 0xff, 0xff, 0x17,
    0x0, 0x0, 0x0, 0x28, 0xff, 0xff, 0xfe, 0xb,
    0x0, 0xd9, 0xff, 0xff, 0x5d, 0x0, 0x0, 0x0,
    0x6b, 0xff, 0xff, 0xcd, 0x0, 0x0, 0x63, 0xff,
    0xff, 0xe5, 0x39, 0x6, 0x3a, 0xea, 0xff, 0xff,
    0x5b, 0x0, 0x0, 0x1, 0xa6, 0xff, 0xff, 0xff,
    0xff, 0xff, 0xff, 0xff, 0x9c, 0x0, 0x0, 0x0,
    0x0, 0x5, 0xd0, 0xff, 0xff, 0xff, 0xff, 0xff,
    0xc3, 0x3, 0x0, 0x0, 0x0, 0x3, 0xab, 0xff,
    0xff, 0xff, 0xff, 0xff, 0xff, 0xff, 0x9d, 0x1,
    0x0, 0x0, 0x7e, 0xff, 0xff, 0xe6, 0x56, 0x2a,
    0x58, 0xea, 0xff, 0xff, 0x6e, 0x0, 0xb, 0xf3,
    0xff, 0xff, 0x3c, 0x0, 0x0, 0x0, 0x45, 0xff,
    0xff, 0xea, 0x4, 0x4b, 0xff, 0xff, 0xd5, 0x0,
    0x0, 0x0, 0x0, 0x0, 0xe5, 0xff, 0xff, 0x3e,
    0x71, 0xff, 0xff, 0xa5, 0x0, 0x0, 0x0, 0x0,
    0x0, 0xb6, 0xff, 0xff, 0x67, 0x7f, 0xff, 0xff,
    0x92, 0x0, 0x0, 0x0, 0x0, 0x0, 0xa3, 0xff,
    0xff, 0x77, 0x79, 0xff, 0xff, 0x9a, 0x0, 0x0,
    0x0, 0x0, 0x0, 0xa9, 0xff, 0xff, 0x70, 0x61,
    0xff, 0xff, 0xb5, 0x0, 0x0, 0x0, 0x0, 0x0,
    0xc2, 0xff, 0xff, 0x58, 0x34, 0xff, 0xff, 0xeb,
    0x5, 0x0, 0x0, 0x0, 0x7, 0xf1, 0xff, 0xff,
    0x2c, 0x3, 0xe8, 0xff, 0xff, 0x7d, 0x0, 0x0,
    0x0, 0x80, 0xff, 0xff, 0xe2, 0x1, 0x0, 0x75,
    0xff, 0xff, 0xff, 0xc8, 0xa2, 0xc8, 0xff, 0xff,
    0xff, 0x6d, 0x0, 0x0, 0x4, 0xad, 0xff, 0xff,
    0xff, 0xff, 0xff, 0xff, 0xff, 0xa8, 0x2, 0x0,
    0x0, 0x0, 0x2, 0x5f, 0xc0, 0xef, 0xfe, 0xef,
    0xc0, 0x5e, 0x1, 0x0, 0x0,

    /* U+0039 "9" */
    0x0, 0x0, 0x0, 0x5a, 0xc1, 0xf3, 0xfe, 0xe5,
    0xa3, 0x27, 0x0, 0x0, 0x0, 0x0, 0x1, 0x9b,
    0xff, 0xff, 0xff, 0xff, 0xff, 0xff, 0xf4, 0x41,
    0x0, 0x0, 0x0, 0x6a, 0xff, 0xff, 0xff, 0xd9,
    0xb9, 0xee, 0xff, 0xff, 0xed, 0x15, 0x0, 0x5,
    0xe7, 0xff, 0xff, 0x90, 0x1, 0x0, 0x10, 0xd1,
    0xff, 0xff, 0x84, 0x0, 0x42, 0xff, 0xff, 0xef,
    0x9, 0x0, 0x0, 0x0, 0x50, 0xff, 0xff, 0xdc,
    0x0, 0x7a, 0xff, 0xff, 0xb6, 0x0, 0x0, 0x0,
    0x0, 0x13, 0xff, 0xff, 0xff, 0x16, 0x9d, 0xff,
    0xff, 0x9a, 0x0, 0x0, 0x0, 0x0, 0x0, 0xf6,
    0xff, 0xff, 0x3a, 0xac, 0xff, 0xff, 0x92, 0x0,
    0x0, 0x0, 0x0, 0x0, 0xec, 0xff, 0xff, 0x4c,
    0xac, 0xff, 0xff, 0x9a, 0x0, 0x0, 0x0, 0x0,
    0x0, 0xec, 0xff, 0xff, 0x50, 0x9c, 0xff, 0xff,
    0xac, 0x0, 0x0, 0x0, 0x0, 0x0, 0xec, 0xff,
    0xff, 0x50, 0x78, 0xff, 0xff, 0xd3, 0x0, 0x0,
    0x0, 0x0, 0x0, 0xee, 0xff, 0xff, 0x50, 0x3e,
    0xff, 0xff, 0xff, 0x41, 0x0, 0x0, 0x0, 0x70,
    0xff, 0xff, 0xff, 0x50, 0x2, 0xdb, 0xff, 0xff,
    0xf4, 0x9a, 0x81, 0xb7, 0xff, 0xff, 0xff, 0xff,
    0x50, 0x0, 0x3e, 0xf7, 0xff, 0xff, 0xff, 0xff,
    0xff, 0xdb, 0xf3, 0xff, 0xff, 0x50, 0x0, 0x0,
    0x30, 0xad, 0xeb, 0xfc, 0xea, 0x9f, 0x18, 0xec,
    0xff, 0xff, 0x50, 0x0, 0x0, 0x0, 0x0, 0x0,
    0x0, 0x0, 0x0, 0x0, 0xec, 0xff, 0xff, 0x50,
    0x0, 0x0, 0x0, 0x0, 0x0, 0x0, 0x0, 0x0,
    0x0, 0xec, 0xff, 0xff, 0x4e, 0x0, 0x0, 0x0,
    0x0, 0x0, 0x0, 0x0, 0x0, 0x0, 0xef, 0xff,
    0xff, 0x44, 0x3f, 0x64, 0x64, 0x3c, 0x0, 0x0,
    0x0, 0x0, 0x2, 0xfc, 0xff, 0xff, 0x2c, 0x96,
    0xff, 0xff, 0xa5, 0x0, 0x0, 0x0, 0x0, 0x20,
    0xff, 0xff, 0xfb, 0x8, 0x74, 0xff, 0xff, 0xd7,
    0x0, 0x0, 0x0, 0x0, 0x66, 0xff, 0xff, 0xcb,
    0x0, 0x2e, 0xff, 0xff, 0xff, 0x5b, 0x0, 0x0,
    0x19, 0xe0, 0xff, 0xff, 0x75, 0x0, 0x0, 0xb6,
    0xff, 0xff, 0xff, 0xd5, 0xc1, 0xf4, 0xff, 0xff,
    0xe8, 0xe, 0x0, 0x0, 0x16, 0xd2, 0xff, 0xff,
    0xff, 0xff, 0xff, 0xff, 0xf7, 0x40, 0x0, 0x0,
    0x0, 0x0, 0x8, 0x72, 0xc9, 0xf3, 0xfd, 0xe8,
    0xa6, 0x2b, 0x0, 0x0, 0x0,

    /* U+003A ":" */
    0x1a, 0x80, 0x80, 0x80, 0x6, 0x34, 0xff, 0xff,
    0xff, 0xc, 0x34, 0xff, 0xff, 0xff, 0xc, 0x34,
    0xff, 0xff, 0xff, 0xc, 0x0, 0x0, 0x0, 0x0,
    0x0, 0x0, 0x0, 0x0, 0x0, 0x0, 0x0, 0x0,
    0x0, 0x0, 0x0, 0x0, 0x0, 0x0, 0x0, 0x0,
    0x0, 0x0, 0x0, 0x0, 0x0, 0x0, 0x0, 0x0,
    0x0, 0x0, 0x1a, 0x80, 0x80, 0x80, 0x6, 0x34,
    0xff, 0xff, 0xff, 0xc, 0x34, 0xff, 0xff, 0xff,
    0xc, 0x34, 0xff, 0xff, 0xff, 0xc,

    /* U+003B ";" */
    0x3c, 0xff, 0xff, 0xff, 0x4, 0x3c, 0xff, 0xff,
    0xff, 0x4, 0x3c, 0xff, 0xff, 0xff, 0x4, 0x27,
    0xa8, 0xa8, 0xa8, 0x3, 0x0, 0x0, 0x0, 0x0,
    0x0, 0x0, 0x0, 0x0, 0x0, 0x0, 0x0, 0x0,
    0x0, 0x0, 0x0, 0x0, 0x0, 0x0, 0x0, 0x0,
    0x0, 0x0, 0x0, 0x0, 0x0, 0x0, 0x0, 0x0,
    0x0, 0x0, 0x0, 0x0, 0x0, 0x0, 0x0, 0x0,
    0x0, 0x0, 0x0, 0x0, 0x3c, 0xff, 0xff, 0xff,
    0x18, 0x3c, 0xff, 0xff, 0xff, 0x18, 0x3c, 0xff,
    0xff, 0xff, 0x18, 0x1e, 0x80, 0xc6, 0xff, 0x12,
    0x8, 0x3c, 0xdd, 0xe7, 0x0, 0x10, 0xf7, 0xfd,
    0x63, 0x0, 0x0, 0x39, 0x1e, 0x0, 0x0,

    /* U+003C "<" */
    0x0, 0x0, 0x0, 0x0, 0x0, 0x0, 0x0, 0x0,
    0x0, 0x4, 0x0, 0x0, 0x0, 0x0, 0x0, 0x0,
    0x0, 0x1c, 0x9f, 0x71, 0x0, 0x0, 0x0, 0x0,
    0x0, 0xf, 0x87, 0xf7, 0xff, 0x74, 0x0, 0x0,
    0x0, 0x6, 0x6f, 0xec, 0xff, 0xff, 0xff, 0x74,
    0x0, 0x1, 0x58, 0xdd, 0xff, 0xff, 0xff, 0xfc,
    0xa3, 0x20, 0x13, 0xca, 0xff, 0xff, 0xff, 0xfb,
    0x9c, 0x24, 0x0, 0x0, 0x28, 0xff, 0xff, 0xf8,
    0x97, 0x1f, 0x0, 0x0, 0x0, 0x0, 0x28, 0xff,
    0xff, 0xc3, 0x33, 0x0, 0x0, 0x0, 0x0, 0x0,
    0x23, 0xff, 0xff, 0xff, 0xff, 0xb2, 0x35, 0x0,
    0x0, 0x0, 0x0, 0x35, 0xc0, 0xff, 0xff, 0xff,
    0xff, 0xb5, 0x36, 0x0, 0x0, 0x0, 0x0, 0x4b,
    0xd5, 0xff, 0xff, 0xff, 0xff, 0x62, 0x0, 0x0,
    0x0, 0x0, 0x3, 0x63, 0xe5, 0xff, 0xff, 0x74,
    0x0, 0x0, 0x0, 0x0, 0x0, 0x0, 0xa, 0x7b,
    0xf2, 0x74, 0x0, 0x0, 0x0, 0x0, 0x0, 0x0,
    0x0, 0x0, 0x15, 0x32,

    /* U+003D "=" */
    0x60, 0xff, 0xff, 0xff, 0xff, 0xff, 0xff, 0xff,
    0xff, 0xd4, 0x60, 0xff, 0xff, 0xff, 0xff, 0xff,
    0xff, 0xff, 0xff, 0xd4, 0x30, 0x80, 0x80, 0x80,
    0x80, 0x80, 0x80, 0x80, 0x80, 0x6a, 0x0, 0x0,
    0x0, 0x0, 0x0, 0x0, 0x0, 0x0, 0x0, 0x0,
    0x0, 0x0, 0x0, 0x0, 0x0, 0x0, 0x0, 0x0,
    0x0, 0x0, 0x30, 0x80, 0x80, 0x80, 0x80, 0x80,
    0x80, 0x80, 0x80, 0x6a, 0x60, 0xff, 0xff, 0xff,
    0xff, 0xff, 0xff, 0xff, 0xff, 0xd4, 0x60, 0xff,
    0xff, 0xff, 0xff, 0xff, 0xff, 0xff, 0xff, 0xd4,

    /* U+003E ">" */
    0x5, 0x0, 0x0, 0x0, 0x0, 0x0, 0x0, 0x0,
    0x0, 0x0, 0x44, 0xb9, 0x2f, 0x0, 0x0, 0x0,
    0x0, 0x0, 0x0, 0x0, 0x44, 0xff, 0xfe, 0xa1,
    0x1f, 0x0, 0x0, 0x0, 0x0, 0x0, 0x44, 0xff,
    0xff, 0xff, 0xf7, 0x8a, 0x10, 0x0, 0x0, 0x0,
    0x11, 0x8b, 0xf4, 0xff, 0xff, 0xff, 0xee, 0x73,
    0x7, 0x0, 0x0, 0x0, 0x14, 0x85, 0xf2, 0xff,
    0xff, 0xff, 0xdf, 0x2f, 0x0, 0x0, 0x0, 0x0,
    0x10, 0x7f, 0xee, 0xff, 0xff, 0x58, 0x0, 0x0,
    0x0, 0x0, 0x0, 0x21, 0xa8, 0xff, 0xff, 0x58,
    0x0, 0x0, 0x0, 0x21, 0x9c, 0xfb, 0xff, 0xff,
    0xff, 0x52, 0x0, 0x21, 0x9c, 0xfb, 0xff, 0xff,
    0xff, 0xd6, 0x4d, 0x0, 0x36, 0xfb, 0xff, 0xff,
    0xff, 0xe7, 0x66, 0x4, 0x0, 0x0, 0x44, 0xff,
    0xff, 0xf3, 0x7d, 0xc, 0x0, 0x0, 0x0, 0x0,
    0x44, 0xfb, 0x96, 0x17, 0x0, 0x0, 0x0, 0x0,
    0x0, 0x0, 0x20, 0x26, 0x0, 0x0, 0x0, 0x0,
    0x0, 0x0, 0x0, 0x0,

    /* U+003F "?" */
    0x0, 0x0, 0xb, 0x78, 0xce, 0xf5, 0xfd, 0xe6,
    0xac, 0x3d, 0x0, 0x0, 0x0, 0x0, 0x17, 0xd5,
    0xff, 0xff, 0xff, 0xff, 0xff, 0xff, 0xff, 0x81,
    0x0, 0x0, 0x0, 0xb8, 0xff, 0xff, 0xff, 0xf3,
    0xe4, 0xff, 0xff, 0xff, 0xff, 0x55, 0x0, 0x2d,
    0xff, 0xff, 0xff, 0x76, 0x4, 0x0, 0x25, 0xd7,
    0xff, 0xff, 0xd1, 0x0, 0x6b, 0xff, 0xff, 0xc7,
    0x0, 0x0, 0x0, 0x0, 0x3d, 0xff, 0xff, 0xff,
    0x19, 0x7e, 0xff, 0xff, 0xa4, 0x0, 0x0, 0x0,
    0x0, 0x1, 0xf3, 0xff, 0xff, 0x3b, 0x64, 0xff,
    0xff, 0xba, 0x0, 0x0, 0x0, 0x0, 0x0, 0xe8,
    0xff, 0xff, 0x41, 0x1b, 0x56, 0x26, 0x2, 0x0,
    0x0, 0x0, 0x0, 0x7, 0xfc, 0xff, 0xff, 0x2e,
    0x0, 0x0, 0x0, 0x0, 0x0, 0x0, 0x0, 0x0,
    0x40, 0xff, 0xff, 0xf8, 0x8, 0x0, 0x0, 0x0,
    0x0, 0x0, 0x0, 0x0, 0x0, 0xa5, 0xff, 0xff,
    0xb2, 0x0, 0x0, 0x0, 0x0, 0x0, 0x0, 0x0,
    0x0, 0x33, 0xfd, 0xff, 0xff, 0x3f, 0x0, 0x0,
    0x0, 0x0, 0x0, 0x0, 0x0, 0xd, 0xd8, 0xff,
    0xff, 0xa8, 0x0, 0x0, 0x0, 0x0, 0x0, 0x0,
    0x0, 0x6, 0xb9, 0xff, 0xff, 0xdb, 0x12, 0x0,
    0x0, 0x0, 0x0, 0x0, 0x0, 0x5, 0xaf, 0xff,
    0xff, 0xe5, 0x23, 0x0, 0x0, 0x0, 0x0, 0x0,
    0x0, 0x9, 0xb5, 0xff, 0xff, 0xe3, 0x25, 0x0,
    0x0, 0x0, 0x0, 0x0, 0x0, 0x0, 0x44, 0xff,
    0xff, 0xda, 0x1e, 0x0, 0x0, 0x0, 0x0, 0x0,
    0x0, 0x0, 0x0, 0x44, 0xff, 0xff, 0x98, 0x0,
    0x0, 0x0, 0x0, 0x0, 0x0, 0x0, 0x0, 0x0,
    0x44, 0xff, 0xff, 0x98, 0x0, 0x0, 0x0, 0x0,
    0x0, 0x0, 0x0, 0x0, 0x0, 0x35, 0xc8, 0xc8,
    0x77, 0x0, 0x0, 0x0, 0x0, 0x0, 0x0, 0x0,
    0x0, 0x0, 0x0, 0x0, 0x0, 0x0, 0x0, 0x0,
    0x0, 0x0, 0x0, 0x0, 0x0, 0x0, 0x0, 0x0,
    0x0, 0x0, 0x0, 0x0, 0x0, 0x0, 0x0, 0x0,
    0x0, 0x0, 0x0, 0x0, 0x27, 0x60, 0x60, 0x4d,
    0x0, 0x0, 0x0, 0x0, 0x0, 0x0, 0x0, 0x0,
    0x0, 0x68, 0xff, 0xff, 0xcc, 0x0, 0x0, 0x0,
    0x0, 0x0, 0x0, 0x0, 0x0, 0x0, 0x68, 0xff,
    0xff, 0xcc, 0x0, 0x0, 0x0, 0x0, 0x0, 0x0,
    0x0, 0x0, 0x0, 0x68, 0xff, 0xff, 0xcc, 0x0,
    0x0, 0x0, 0x0, 0x0, 0x0,

    /* U+0040 "@" */
    0x0, 0x0, 0x0, 0x0, 0x0, 0x0, 0x0, 0x0,
    0x1, 0x3a, 0x86, 0xbf, 0xe4, 0xf7, 0xfc, 0xf1,
    0xcf, 0x96, 0x3f, 0x0, 0x0, 0x0, 0x0, 0x0,
    0x0, 0x0, 0x0, 0x0, 0x0, 0x0, 0x0, 0x1,
    0x59, 0xd7, 0xff, 0xff, 0xff, 0xff, 0xff, 0xff,
    0xff, 0xff, 0xff, 0xff, 0xc2, 0x29, 0x0, 0x0,
    0x0, 0x0, 0x0, 0x0, 0x0, 0x0, 0x0, 0x13,
    0xb6, 0xff, 0xff, 0xff, 0xff, 0xed, 0xbb, 0xa0,
    0x9c, 0xb0, 0xdf, 0xff, 0xff, 0xff, 0xf5, 0x48,
    0x0, 0x0, 0x0, 0x0, 0x0, 0x0, 0x0, 0x1a,
    0xd8, 0xff, 0xff, 0xff, 0xbb, 0x44, 0x3, 0x0,
    0x0, 0x0, 0x0, 0x0, 0x2f, 0xab, 0xff, 0xff,
    0xf7, 0x35, 0x0, 0x0, 0x0, 0x0, 0x0, 0x9,
    0xcf, 0xff, 0xff, 0xf7, 0x5d, 0x0, 0x0, 0x0,
    0x0, 0x0, 0x0, 0x0, 0x0, 0x0, 0x0, 0x62,
    0xfd, 0xff, 0xdb, 0x7, 0x0, 0x0, 0x0, 0x0,
    0x92, 0xff, 0xff, 0xf8, 0x41, 0x0, 0x0, 0x0,
    0x0, 0x0, 0x0, 0x0, 0x0, 0x0, 0x0, 0x0,
    0x0, 0x72, 0xff, 0xff, 0x72, 0x0, 0x0, 0x0,
    0x2b, 0xfd, 0xff, 0xff, 0x61, 0x0, 0x0, 0x0,
    0x0, 0x0, 0x13, 0x56, 0x6a, 0x2a, 0x12, 0x30,
    0x30, 0x0, 0x2, 0xcc, 0xff, 0xe1, 0x2, 0x0,
    0x0, 0xa4, 0xff, 0xff, 0xba, 0x0, 0x0, 0x0,
    0x0, 0x3, 0x7f, 0xf8, 0xff, 0xff, 0xfe, 0xe3,
    0xff, 0xe8, 0x0, 0x0, 0x55, 0xff, 0xff, 0x39,
    0x0, 0x12, 0xf9, 0xff, 0xff, 0x34, 0x0, 0x0,
    0x0, 0x2, 0xa9, 0xff, 0xff, 0xff, 0xff, 0xff,
    0xff, 0xff, 0xc0, 0x0, 0x0, 0x9, 0xf6, 0xff,
    0x7b, 0x0, 0x5f, 0xff, 0xff, 0xc9, 0x0, 0x0,
    0x0, 0x0, 0x81, 0xff, 0xff, 0xf8, 0x6e, 0xf,
    0x4e, 0xff, 0xff, 0x9a, 0x0, 0x0, 0x0, 0xc2,
    0xff, 0xa9, 0x0, 0xa3, 0xff, 0xff, 0x73, 0x0,
    0x0, 0x0, 0x28, 0xfb, 0xff, 0xfe, 0x4a, 0x0,
    0x0, 0x66, 0xff, 0xff, 0x72, 0x0, 0x0, 0x0,
    0x9b, 0xff, 0xc5, 0x0, 0xd7, 0xff, 0xff, 0x30,
    0x0, 0x0, 0x0, 0xa3, 0xff, 0xff, 0x96, 0x0,
    0x0, 0x0, 0x8b, 0xff, 0xff, 0x4a, 0x0, 0x0,
    0x0, 0x88, 0xff, 0xd2, 0x4, 0xfc, 0xff, 0xf9,
    0x4, 0x0, 0x0, 0xd, 0xf8, 0xff, 0xfc, 0x1b,
    0x0, 0x0, 0x0, 0xb2, 0xff, 0xff, 0x22, 0x0,
    0x0, 0x0, 0x86, 0xff, 0xd0, 0x1d, 0xff, 0xff,
    0xd7, 0x0, 0x0, 0x0, 0x50, 0xff, 0xff, 0xbf,
    0x0, 0x0, 0x0, 0x0, 0xd7, 0xff, 0xf8, 0x2,
    0x0, 0x0, 0x0, 0x94, 0xff, 0xbe, 0x2f, 0xff,
    0xff, 0xbf, 0x0, 0x0, 0x0, 0x85, 0xff, 0xff,
    0x81, 0x0, 0x0, 0x0, 0x3, 0xfa, 0xff, 0xd2,
    0x0, 0x0, 0x0, 0x0, 0xb7, 0xff, 0x9a, 0x39,
    0xff, 0xff, 0xb4, 0x0, 0x0, 0x0, 0xa5, 0xff,
    0xff, 0x5e, 0x0, 0x0, 0x0, 0x22, 0xff, 0xff,
    0xaa, 0x0, 0x0, 0x0, 0x2, 0xec, 0xff, 0x61,
    0x3a, 0xff, 0xff, 0xb2, 0x0, 0x0, 0x0, 0xae,
    0xff, 0xff, 0x53, 0x0, 0x0, 0x0, 0x4c, 0xff,
    0xff, 0x82, 0x0, 0x0, 0x0, 0x41, 0xff, 0xfc,
    0x17, 0x30, 0xff, 0xff, 0xbf, 0x0, 0x0, 0x0,
    0x9c, 0xff, 0xff, 0x65, 0x0, 0x0, 0x0, 0x94,
    0xff, 0xff, 0x5a, 0x0, 0x0, 0x0, 0xb4, 0xff,
    0xa8, 0x0, 0x18, 0xff, 0xff, 0xdb, 0x0, 0x0,
    0x0, 0x69, 0xff, 0xff, 0xae, 0x0, 0x0, 0x29,
    0xf6, 0xff, 0xff, 0x3e, 0x0, 0x0, 0x59, 0xff,
    0xf8, 0x25, 0x0, 0x1, 0xf2, 0xff, 0xfd, 0xe,
    0x0, 0x0, 0x16, 0xf7, 0xff, 0xff, 0x9b, 0x84,
    0xed, 0xcd, 0xff, 0xff, 0x55, 0x11, 0x74, 0xfa,
    0xff, 0x61, 0x0, 0x0, 0x0, 0xbd, 0xff, 0xff,
    0x53, 0x0, 0x0, 0x0, 0x6d, 0xff, 0xff, 0xff,
    0xff, 0xf4, 0x26, 0xe1, 0xff, 0xff, 0xff, 0xff,
    0xf6, 0x62, 0x0, 0x0, 0x0, 0x0, 0x6f, 0xff,
    0xff, 0xb5, 0x0, 0x0, 0x0, 0x0, 0x54, 0xbe,
    0xd8, 0xbe, 0x40, 0x0, 0x22, 0xa5, 0xd4, 0xc5,
    0x89, 0x1f, 0x0, 0x0, 0x0, 0x0, 0x0, 0x13,
    0xf6, 0xff, 0xff, 0x41, 0x0, 0x0, 0x0, 0x0,
    0x0, 0x0, 0x0, 0x0, 0x0, 0x0, 0x0, 0x0,
    0x0, 0x0, 0x0, 0x0, 0x0, 0x0, 0x0, 0x0,
    0x0, 0x88, 0xff, 0xff, 0xe4, 0x1d, 0x0, 0x0,
    0x0, 0x0, 0x0, 0x0, 0x0, 0x0, 0x0, 0x0,
    0x0, 0x0, 0x0, 0x0, 0x0, 0x0, 0x0, 0x0,
    0x0, 0x0, 0xc, 0xda, 0xff, 0xff, 0xde, 0x2f,
    0x0, 0x0, 0x0, 0x0, 0x0, 0x0, 0x0, 0x0,
    0x0, 0x0, 0x0, 0x0, 0x0, 0x0, 0x0, 0x0,
    0x0, 0x0, 0x0, 0x0, 0x27, 0xe9, 0xff, 0xff,
    0xfb, 0x95, 0x29, 0x0, 0x0, 0x0, 0x0, 0x0,
    0x0, 0x0, 0xc, 0x3c, 0x0, 0x0, 0x0, 0x0,
    0x0, 0x0, 0x0, 0x0, 0x0, 0x0, 0x22, 0xd1,
    0xff, 0xff, 0xff, 0xff, 0xde, 0xae, 0x94, 0x8d,
    0x97, 0xb0, 0xd6, 0xfd, 0xfd, 0xd, 0x0, 0x0,
    0x0, 0x0, 0x0, 0x0, 0x0, 0x0, 0x0, 0x0,
    0x6, 0x76, 0xeb, 0xff, 0xff, 0xff, 0xff, 0xff,
    0xff, 0xff, 0xff, 0xff, 0xff, 0xff, 0x49, 0x0,
    0x0, 0x0, 0x0, 0x0, 0x0, 0x0, 0x0, 0x0,
    0x0, 0x0, 0x0, 0x7, 0x4f, 0x96, 0xc9, 0xeb,
    0xfb, 0xfc, 0xf0, 0xd6, 0xb3, 0x82, 0x44, 0x8,
    0x0, 0x0, 0x0, 0x0, 0x0,

    /* U+0041 "A" */
    0x0, 0x0, 0x0, 0x0, 0x0, 0x5f, 0xff, 0xff,
    0xff, 0x1b, 0x0, 0x0, 0x0, 0x0, 0x0, 0x0,
    0x0, 0x0, 0x0, 0x0, 0x94, 0xff, 0xff, 0xff,
    0x50, 0x0, 0x0, 0x0, 0x0, 0x0, 0x0, 0x0,
    0x0, 0x0, 0x0, 0xc9, 0xff, 0xff, 0xff, 0x84,
    0x0, 0x0, 0x0, 0x0, 0x0, 0x0, 0x0, 0x0,
    0x0, 0x5, 0xf8, 0xff, 0xff, 0xff, 0xb9, 0x0,
    0x0, 0x0, 0x0, 0x0, 0x0, 0x0, 0x0, 0x0,
    0x33, 0xff, 0xff, 0xff, 0xff, 0xee, 0x1, 0x0,
    0x0, 0x0, 0x0, 0x0, 0x0, 0x0, 0x0, 0x68,
    0xff, 0xff, 0xc4, 0xff, 0xff, 0x24, 0x0, 0x0,
    0x0, 0x0, 0x0, 0x0, 0x0, 0x0, 0x9c, 0xff,
    0xff, 0x69, 0xff, 0xff, 0x59, 0x0, 0x0, 0x0,
    0x0, 0x0, 0x0, 0x0, 0x0, 0xd1, 0xff, 0xe6,
    0x26, 0xff, 0xff, 0x8f, 0x0, 0x0, 0x0, 0x0,
    0x0, 0x0, 0x0, 0xa, 0xfd, 0xff, 0xb9, 0x2,
    0xf4, 0xff, 0xc4, 0x0, 0x0, 0x0, 0x0, 0x0,
    0x0, 0x0, 0x3c, 0xff, 0xff, 0x8a, 0x0, 0xc6,
    0xff, 0xf4, 0x3, 0x0, 0x0, 0x0, 0x0, 0x0,
    0x0, 0x70, 0xff, 0xff, 0x5e, 0x0, 0x96, 0xff,
    0xff, 0x2e, 0x0, 0x0, 0x0, 0x0, 0x0, 0x0,
    0xa5, 0xff, 0xff, 0x2e, 0x0, 0x68, 0xff, 0xff,
    0x63, 0x0, 0x0, 0x0, 0x0, 0x0, 0x0, 0xda,
    0xff, 0xfb, 0x7, 0x0, 0x39, 0xff, 0xff, 0x98,
    0x0, 0x0, 0x0, 0x0, 0x0, 0x10, 0xff, 0xff,
    0xd3, 0x0, 0x0, 0xc, 0xfe, 0xff, 0xcd, 0x0,
    0x0, 0x0, 0x0, 0x0, 0x44, 0xff, 0xff, 0xa6,
    0x0, 0x0, 0x0, 0xda, 0xff, 0xfb, 0x8, 0x0,
    0x0, 0x0, 0x0, 0x79, 0xff, 0xff, 0x76, 0x0,
    0x0, 0x0, 0xab, 0xff, 0xff, 0x37, 0x0, 0x0,
    0x0, 0x0, 0xaf, 0xff, 0xff, 0xff, 0xff, 0xff,
    0xff, 0xff, 0xff, 0xff, 0x6c, 0x0, 0x0, 0x0,
    0x0, 0xe3, 0xff, 0xff, 0xff, 0xff, 0xff, 0xff,
    0xff, 0xff, 0xff, 0xa1, 0x0, 0x0, 0x0, 0x18,
    0xff, 0xff, 0xf0, 0x7c, 0x7c, 0x7c, 0x7c, 0x87,
    0xff, 0xff, 0xd7, 0x0, 0x0, 0x0, 0x4d, 0xff,
    0xff, 0xbe, 0x0, 0x0, 0x0, 0x0, 0x1, 0xf3,
    0xff, 0xfe, 0xe, 0x0, 0x0, 0x81, 0xff, 0xff,
    0x8e, 0x0, 0x0, 0x0, 0x0, 0x0, 0xc8, 0xff,
    0xff, 0x41, 0x0, 0x0, 0xb7, 0xff, 0xff, 0x62,
    0x0, 0x0, 0x0, 0x0, 0x0, 0x9d, 0xff, 0xff,
    0x76, 0x0, 0x0, 0xec, 0xff, 0xff, 0x32, 0x0,
    0x0, 0x0, 0x0, 0x0, 0x72, 0xff, 0xff, 0xaa,
    0x0, 0x21, 0xff, 0xff, 0xfd, 0x9, 0x0, 0x0,
    0x0, 0x0, 0x0, 0x45, 0xff, 0xff, 0xe0, 0x0,
    0x56, 0xff, 0xff, 0xd6, 0x0, 0x0, 0x0, 0x0,
    0x0, 0x0, 0x1a, 0xff, 0xff, 0xff, 0x16,

    /* U+0042 "B" */
    0x1c, 0xff, 0xff, 0xff, 0xff, 0xff, 0xff, 0xf4,
    0xd1, 0x8e, 0x23, 0x0, 0x0, 0x0, 0x1c, 0xff,
    0xff, 0xff, 0xff, 0xff, 0xff, 0xff, 0xff, 0xff,
    0xf8, 0x56, 0x0, 0x0, 0x1c, 0xff, 0xff, 0xff,
    0xb5, 0x9a, 0xa2, 0xbc, 0xf1, 0xff, 0xff, 0xf8,
    0x26, 0x0, 0x1c, 0xff, 0xff, 0xff, 0x48, 0x0,
    0x0, 0x0, 0xc, 0xb9, 0xff, 0xff, 0x91, 0x0,
    0x1c, 0xff, 0xff, 0xff, 0x48, 0x0, 0x0, 0x0,
    0x0, 0x32, 0xff, 0xff, 0xcf, 0x0, 0x1c, 0xff,
    0xff, 0xff, 0x48, 0x0, 0x0, 0x0, 0x0, 0x7,
    0xff, 0xff, 0xec, 0x0, 0x1c, 0xff, 0xff, 0xff,
    0x48, 0x0, 0x0, 0x0, 0x0, 0x0, 0xfe, 0xff,
    0xf2, 0x0, 0x1c, 0xff, 0xff, 0xff, 0x48, 0x0,
    0x0, 0x0, 0x0, 0x12, 0xff, 0xff, 0xdf, 0x0,
    0x1c, 0xff, 0xff, 0xff, 0x48, 0x0, 0x0, 0x0,
    0x0, 0x4c, 0xff, 0xff, 0xae, 0x0, 0x1c, 0xff,
    0xff, 0xff, 0x48, 0x0, 0x0, 0x0, 0x18, 0xd4,
    0xff, 0xff, 0x4c, 0x0, 0x1c, 0xff, 0xff, 0xff,
    0xbe, 0xa4, 0xa6, 0xbf, 0xf8, 0xff, 0xff, 0x8a,
    0x0, 0x0, 0x1c, 0xff, 0xff, 0xff, 0xff, 0xff,
    0xff, 0xff, 0xff, 0xef, 0x5e, 0x0, 0x0, 0x0,
    0x1c, 0xff, 0xff, 0xff, 0xff, 0xff, 0xff, 0xff,
    0xff, 0xff, 0xff, 0x9f, 0x5, 0x0, 0x1c, 0xff,
    0xff, 0xff, 0x48, 0x0, 0x3, 0x1f, 0x79, 0xf9,
    0xff, 0xff, 0x8e, 0x0, 0x1c, 0xff, 0xff, 0xff,
    0x48, 0x0, 0x0, 0x0, 0x0, 0x65, 0xff, 0xff,
    0xfb, 0x17, 0x1c, 0xff, 0xff, 0xff, 0x48, 0x0,
    0x0, 0x0, 0x0, 0x4, 0xec, 0xff, 0xff, 0x5f,
    0x1c, 0xff, 0xff, 0xff, 0x48, 0x0, 0x0, 0x0,
    0x0, 0x0, 0xb9, 0xff, 0xff, 0x88, 0x1c, 0xff,
    0xff, 0xff, 0x48, 0x0, 0x0, 0x0, 0x0, 0x0,
    0xa4, 0xff, 0xff, 0x9a, 0x1c, 0xff, 0xff, 0xff,
    0x48, 0x0, 0x0, 0x0, 0x0, 0x0, 0xa6, 0xff,
    0xff, 0x95, 0x1c, 0xff, 0xff, 0xff, 0x48, 0x0,
    0x0, 0x0, 0x0, 0x0, 0xbe, 0xff, 0xff, 0x7f,
    0x1c, 0xff, 0xff, 0xff, 0x48, 0x0, 0x0, 0x0,
    0x0, 0x8, 0xf2, 0xff, 0xff, 0x4f, 0x1c, 0xff,
    0xff, 0xff, 0x48, 0x0, 0x0, 0x0, 0x0, 0x82,
    0xff, 0xff, 0xf3, 0xd, 0x1c, 0xff, 0xff, 0xff,
    0xa1, 0x7c, 0x7d, 0x8d, 0xcb, 0xff, 0xff, 0xff,
    0x7d, 0x0, 0x1c, 0xff, 0xff, 0xff, 0xff, 0xff,
    0xff, 0xff, 0xff, 0xff, 0xff, 0xa5, 0x4, 0x0,
    0x1c, 0xff, 0xff, 0xff, 0xff, 0xff, 0xff, 0xfe,
    0xec, 0xb7, 0x50, 0x0, 0x0, 0x0,

    /* U+0043 "C" */
    0x0, 0x0, 0x0, 0x49, 0xaf, 0xe5, 0xfc, 0xfa,
    0xe0, 0xa6, 0x34, 0x0, 0x0, 0x0, 0x0, 0x0,
    0x92, 0xff, 0xff, 0xff, 0xff, 0xff, 0xff, 0xff,
    0xfc, 0x64, 0x0, 0x0, 0x0, 0x62, 0xff, 0xff,
    0xff, 0xef, 0xbd, 0xbc, 0xee, 0xff, 0xff, 0xfb,
    0x29, 0x0, 0x1, 0xde, 0xff, 0xff, 0xbf, 0xb,
    0x0, 0x0, 0xc, 0xc8, 0xff, 0xff, 0x95, 0x0,
    0x2c, 0xff, 0xff, 0xff, 0x36, 0x0, 0x0, 0x0,
    0x0, 0x55, 0xff, 0xff, 0xd9, 0x0, 0x5d, 0xff,
    0xff, 0xfb, 0x4, 0x0, 0x0, 0x0, 0x0, 0x2f,
    0xff, 0xff, 0xfd, 0x4, 0x7c, 0xff, 0xff, 0xe6,
    0x0, 0x0, 0x0, 0x0, 0x0, 0x20, 0xff, 0xff,
    0xff, 0x13, 0x8b, 0xff, 0xff, 0xdd, 0x0, 0x0,
    0x0, 0x0, 0x0, 0x1c, 0xff, 0xff, 0xff, 0x18,
    0x90, 0xff, 0xff, 0xdc, 0x0, 0x0, 0x0, 0x0,
    0x0, 0x1c, 0xff, 0xff, 0xff, 0x18, 0x90, 0xff,
    0xff, 0xdc, 0x0, 0x0, 0x0, 0x0, 0x0, 0x0,
    0x0, 0x0, 0x0, 0x0, 0x90, 0xff, 0xff, 0xdc,
    0x0, 0x0, 0x0, 0x0, 0x0, 0x0, 0x0, 0x0,
    0x0, 0x0, 0x90, 0xff, 0xff, 0xdc, 0x0, 0x0,
    0x0, 0x0, 0x0, 0x0, 0x0, 0x0, 0x0, 0x0,
    0x90, 0xff, 0xff, 0xdc, 0x0, 0x0, 0x0, 0x0,
    0x0, 0x0, 0x0, 0x0, 0x0, 0x0, 0x90, 0xff,
    0xff, 0xdc, 0x0, 0x0, 0x0, 0x0, 0x0, 0x0,
    0x0, 0x0, 0x0, 0x0, 0x90, 0xff, 0xff, 0xdc,
    0x0, 0x0, 0x0, 0x0, 0x0, 0x0, 0x0, 0x0,
    0x0, 0x0, 0x90, 0xff, 0xff, 0xdc, 0x0, 0x0,
    0x0, 0x0, 0x0, 0xb, 0x68, 0x68, 0x68, 0xa,
    0x90, 0xff, 0xff, 0xdc, 0x0, 0x0, 0x0, 0x0,
    0x0, 0x1c, 0xff, 0xff, 0xff, 0x18, 0x8c, 0xff,
    0xff, 0xdd, 0x0, 0x0, 0x0, 0x0, 0x0, 0x1c,
    0xff, 0xff, 0xff, 0x17, 0x7a, 0xff, 0xff, 0xe6,
    0x0, 0x0, 0x0, 0x0, 0x0, 0x23, 0xff, 0xff,
    0xff, 0xd, 0x57, 0xff, 0xff, 0xfc, 0x5, 0x0,
    0x0, 0x0, 0x0, 0x35, 0xff, 0xff, 0xf3, 0x0,
    0x20, 0xff, 0xff, 0xff, 0x3e, 0x0, 0x0, 0x0,
    0x0, 0x65, 0xff, 0xff, 0xc8, 0x0, 0x0, 0xcf,
    0xff, 0xff, 0xc6, 0x12, 0x0, 0x0, 0x16, 0xda,
    0xff, 0xff, 0x7f, 0x0, 0x0, 0x4b, 0xff, 0xff,
    0xff, 0xf5, 0xc5, 0xc6, 0xf6, 0xff, 0xff, 0xf3,
    0x19, 0x0, 0x0, 0x0, 0x76, 0xff, 0xff, 0xff,
    0xff, 0xff, 0xff, 0xff, 0xf9, 0x50, 0x0, 0x0,
    0x0, 0x0, 0x0, 0x3d, 0xa8, 0xe3, 0xfc, 0xfb,
    0xe1, 0xa3, 0x2f, 0x0, 0x0, 0x0,

    /* U+0044 "D" */
    0x1c, 0xff, 0xff, 0xff, 0xff, 0xff, 0xfe, 0xef,
    0xcc, 0x89, 0x21, 0x0, 0x0, 0x0, 0x1c, 0xff,
    0xff, 0xff, 0xff, 0xff, 0xff, 0xff, 0xff, 0xff,
    0xf6, 0x5d, 0x0, 0x0, 0x1c, 0xff, 0xff, 0xff,
    0xb5, 0x98, 0x9c, 0xba, 0xf8, 0xff, 0xff, 0xfc,
    0x38, 0x0, 0x1c, 0xff, 0xff, 0xff, 0x48, 0x0,
    0x0, 0x0, 0x1e, 0xe0, 0xff, 0xff, 0xb8, 0x0,
    0x1c, 0xff, 0xff, 0xff, 0x48, 0x0, 0x0, 0x0,
    0x0, 0x69, 0xff, 0xff, 0xfc, 0xc, 0x1c, 0xff,
    0xff, 0xff, 0x48, 0x0, 0x0, 0x0, 0x0, 0x33,
    0xff, 0xff, 0xff, 0x39, 0x1c, 0xff, 0xff, 0xff,
    0x48, 0x0, 0x0, 0x0, 0x0, 0x1a, 0xff, 0xff,
    0xff, 0x54, 0x1c, 0xff, 0xff, 0xff, 0x48, 0x0,
    0x0, 0x0, 0x0, 0xf, 0xff, 0xff, 0xff, 0x5e,
    0x1c, 0xff, 0xff, 0xff, 0x48, 0x0, 0x0, 0x0,
    0x0, 0xc, 0xff, 0xff, 0xff, 0x60, 0x1c, 0xff,
    0xff, 0xff, 0x48, 0x0, 0x0, 0x0, 0x0, 0xc,
    0xff, 0xff, 0xff, 0x60, 0x1c, 0xff, 0xff, 0xff,
    0x48, 0x0, 0x0, 0x0, 0x0, 0xc, 0xff, 0xff,
    0xff, 0x60, 0x1c, 0xff, 0xff, 0xff, 0x48, 0x0,
    0x0, 0x0, 0x0, 0xc, 0xff, 0xff, 0xff, 0x60,
    0x1c, 0xff, 0xff, 0xff, 0x48, 0x0, 0x0, 0x0,
    0x0, 0xc, 0xff, 0xff, 0xff, 0x60, 0x1c, 0xff,
    0xff, 0xff, 0x48, 0x0, 0x0, 0x0, 0x0, 0xc,
    0xff, 0xff, 0xff, 0x60, 0x1c, 0xff, 0xff, 0xff,
    0x48, 0x0, 0x0, 0x0, 0x0, 0xc, 0xff, 0xff,
    0xff, 0x60, 0x1c, 0xff, 0xff, 0xff, 0x48, 0x0,
    0x0, 0x0, 0x0, 0xc, 0xff, 0xff, 0xff, 0x60,
    0x1c, 0xff, 0xff, 0xff, 0x48, 0x0, 0x0, 0x0,
    0x0, 0xd, 0xff, 0xff, 0xff, 0x60, 0x1c, 0xff,
    0xff, 0xff, 0x48, 0x0, 0x0, 0x0, 0x0, 0x12,
    0xff, 0xff, 0xff, 0x5a, 0x1c, 0xff, 0xff, 0xff,
    0x48, 0x0, 0x0, 0x0, 0x0, 0x1e, 0xff, 0xff,
    0xff, 0x4a, 0x1c, 0xff, 0xff, 0xff, 0x48, 0x0,
    0x0, 0x0, 0x0, 0x36, 0xff, 0xff, 0xff, 0x27,
    0x1c, 0xff, 0xff, 0xff, 0x48, 0x0, 0x0, 0x0,
    0x0, 0x6c, 0xff, 0xff, 0xed, 0x2, 0x1c, 0xff,
    0xff, 0xff, 0x48, 0x0, 0x0, 0x0, 0x16, 0xe0,
    0xff, 0xff, 0x97, 0x0, 0x1c, 0xff, 0xff, 0xff,
    0xa1, 0x7c, 0x7f, 0x9d, 0xed, 0xff, 0xff, 0xf2,
    0x1f, 0x0, 0x1c, 0xff, 0xff, 0xff, 0xff, 0xff,
    0xff, 0xff, 0xff, 0xff, 0xee, 0x42, 0x0, 0x0,
    0x1c, 0xff, 0xff, 0xff, 0xff, 0xff, 0xff, 0xf3,
    0xcd, 0x86, 0x1a, 0x0, 0x0, 0x0,

    /* U+0045 "E" */
    0x1c, 0xff, 0xff, 0xff, 0xff, 0xff, 0xff, 0xff,
    0xff, 0xff, 0x50, 0x1c, 0xff, 0xff, 0xff, 0xff,
    0xff, 0xff, 0xff, 0xff, 0xff, 0x50, 0x1c, 0xff,
    0xff, 0xff, 0xb5, 0x98, 0x98, 0x98, 0x98, 0x98,
    0x30, 0x1c, 0xff, 0xff, 0xff, 0x48, 0x0, 0x0,
    0x0, 0x0, 0x0, 0x0, 0x1c, 0xff, 0xff, 0xff,
    0x48, 0x0, 0x0, 0x0, 0x0, 0x0, 0x0, 0x1c,
    0xff, 0xff, 0xff, 0x48, 0x0, 0x0, 0x0, 0x0,
    0x0, 0x0, 0x1c, 0xff, 0xff, 0xff, 0x48, 0x0,
    0x0, 0x0, 0x0, 0x0, 0x0, 0x1c, 0xff, 0xff,
    0xff, 0x48, 0x0, 0x0, 0x0, 0x0, 0x0, 0x0,
    0x1c, 0xff, 0xff, 0xff, 0x48, 0x0, 0x0, 0x0,
    0x0, 0x0, 0x0, 0x1c, 0xff, 0xff, 0xff, 0x48,
    0x0, 0x0, 0x0, 0x0, 0x0, 0x0, 0x1c, 0xff,
    0xff, 0xff, 0x48, 0x0, 0x0, 0x0, 0x0, 0x0,
    0x0, 0x1c, 0xff, 0xff, 0xff, 0xff, 0xff, 0xff,
    0xff, 0xff, 0x2c, 0x0, 0x1c, 0xff, 0xff, 0xff,
    0xff, 0xff, 0xff, 0xff, 0xff, 0x2c, 0x0, 0x1c,
    0xff, 0xff, 0xff, 0x9b, 0x74, 0x74, 0x74, 0x74,
    0x14, 0x0, 0x1c, 0xff, 0xff, 0xff, 0x48, 0x0,
    0x0, 0x0, 0x0, 0x0, 0x0, 0x1c, 0xff, 0xff,
    0xff, 0x48, 0x0, 0x0, 0x0, 0x0, 0x0, 0x0,
    0x1c, 0xff, 0xff, 0xff, 0x48, 0x0, 0x0, 0x0,
    0x0, 0x0, 0x0, 0x1c, 0xff, 0xff, 0xff, 0x48,
    0x0, 0x0, 0x0, 0x0, 0x0, 0x0, 0x1c, 0xff,
    0xff, 0xff, 0x48, 0x0, 0x0, 0x0, 0x0, 0x0,
    0x0, 0x1c, 0xff, 0xff, 0xff, 0x48, 0x0, 0x0,
    0x0, 0x0, 0x0, 0x0, 0x1c, 0xff, 0xff, 0xff,
    0x48, 0x0, 0x0, 0x0, 0x0, 0x0, 0x0, 0x1c,
    0xff, 0xff, 0xff, 0x48, 0x0, 0x0, 0x0, 0x0,
    0x0, 0x0, 0x1c, 0xff, 0xff, 0xff, 0xa1, 0x7c,
    0x7c, 0x7c, 0x7c, 0x7c, 0x2f, 0x1c, 0xff, 0xff,
    0xff, 0xff, 0xff, 0xff, 0xff, 0xff, 0xff, 0x60,
    0x1c, 0xff, 0xff, 0xff, 0xff, 0xff, 0xff, 0xff,
    0xff, 0xff, 0x60,

    /* U+0046 "F" */
    0x1c, 0xff, 0xff, 0xff, 0xff, 0xff, 0xff, 0xff,
    0xff, 0xff, 0x48, 0x1c, 0xff, 0xff, 0xff, 0xff,
    0xff, 0xff, 0xff, 0xff, 0xff, 0x48, 0x1c, 0xff,
    0xff, 0xff, 0xa4, 0x80, 0x80, 0x80, 0x80, 0x80,
    0x24, 0x1c, 0xff, 0xff, 0xff, 0x48, 0x0, 0x0,
    0x0, 0x0, 0x0, 0x0, 0x1c, 0xff, 0xff, 0xff,
    0x48, 0x0, 0x0, 0x0, 0x0, 0x0, 0x0, 0x1c,
    0xff, 0xff, 0xff, 0x48, 0x0, 0x0, 0x0, 0x0,
    0x0, 0x0, 0x1c, 0xff, 0xff, 0xff, 0x48, 0x0,
    0x0, 0x0, 0x0, 0x0, 0x0, 0x1c, 0xff, 0xff,
    0xff, 0x48, 0x0, 0x0, 0x0, 0x0, 0x0, 0x0,
    0x1c, 0xff, 0xff, 0xff, 0x48, 0x0, 0x0, 0x0,
    0x0, 0x0, 0x0, 0x1c, 0xff, 0xff, 0xff, 0x48,
    0x0, 0x0, 0x0, 0x0, 0x0, 0x0, 0x1c, 0xff,
    0xff, 0xff, 0x48, 0x0, 0x0, 0x0, 0x0, 0x0,
    0x0, 0x1c, 0xff, 0xff, 0xff, 0xff, 0xff, 0xff,
    0xff, 0xf0, 0x0, 0x0, 0x1c, 0xff, 0xff, 0xff,
    0xff, 0xff, 0xff, 0xff, 0xf0, 0x0, 0x0, 0x1c,
    0xff, 0xff, 0xff, 0x9b, 0x74, 0x74, 0x74, 0x6d,
    0x0, 0x0, 0x1c, 0xff, 0xff, 0xff, 0x48, 0x0,
    0x0, 0x0, 0x0, 0x0, 0x0, 0x1c, 0xff, 0xff,
    0xff, 0x48, 0x0, 0x0, 0x0, 0x0, 0x0, 0x0,
    0x1c, 0xff, 0xff, 0xff, 0x48, 0x0, 0x0, 0x0,
    0x0, 0x0, 0x0, 0x1c, 0xff, 0xff, 0xff, 0x48,
    0x0, 0x0, 0x0, 0x0, 0x0, 0x0, 0x1c, 0xff,
    0xff, 0xff, 0x48, 0x0, 0x0, 0x0, 0x0, 0x0,
    0x0, 0x1c, 0xff, 0xff, 0xff, 0x48, 0x0, 0x0,
    0x0, 0x0, 0x0, 0x0, 0x1c, 0xff, 0xff, 0xff,
    0x48, 0x0, 0x0, 0x0, 0x0, 0x0, 0x0, 0x1c,
    0xff, 0xff, 0xff, 0x48, 0x0, 0x0, 0x0, 0x0,
    0x0, 0x0, 0x1c, 0xff, 0xff, 0xff, 0x48, 0x0,
    0x0, 0x0, 0x0, 0x0, 0x0, 0x1c, 0xff, 0xff,
    0xff, 0x48, 0x0, 0x0, 0x0, 0x0, 0x0, 0x0,
    0x1c, 0xff, 0xff, 0xff, 0x48, 0x0, 0x0, 0x0,
    0x0, 0x0, 0x0,

    /* U+0047 "G" */
    0x0, 0x0, 0x0, 0x4d, 0xb1, 0xe7, 0xfc, 0xf9,
    0xe2, 0xac, 0x45, 0x0, 0x0, 0x0, 0x0, 0x1,
    0x98, 0xff, 0xff, 0xff, 0xff, 0xff, 0xff, 0xff,
    0xff, 0x90, 0x0, 0x0, 0x0, 0x64, 0xff, 0xff,
    0xff, 0xf1, 0xbf, 0xbb, 0xeb, 0xff, 0xff, 0xff,
    0x54, 0x0, 0x1, 0xdd, 0xff, 0xff, 0xbf, 0xd,
    0x0, 0x0, 0x7, 0xaf, 0xff, 0xff, 0xc5, 0x0,
    0x28, 0xff, 0xff, 0xff, 0x31, 0x0, 0x0, 0x0,
    0x0, 0x2d, 0xff, 0xff, 0xfd, 0xc, 0x5a, 0xff,
    0xff, 0xf7, 0x1, 0x0, 0x0, 0x0, 0x0, 0x3,
    0xfc, 0xff, 0xff, 0x30, 0x78, 0xff, 0xff, 0xe0,
    0x0, 0x0, 0x0, 0x0, 0x0, 0x0, 0xed, 0xff,
    0xff, 0x42, 0x8a, 0xff, 0xff, 0xd5, 0x0, 0x0,
    0x0, 0x0, 0x0, 0x0, 0xe8, 0xff, 0xff, 0x48,
    0x8f, 0xff, 0xff, 0xd4, 0x0, 0x0, 0x0, 0x0,
    0x0, 0x0, 0xb, 0xc, 0xc, 0x3, 0x90, 0xff,
    0xff, 0xd4, 0x0, 0x0, 0x0, 0x0, 0x0, 0x0,
    0x0, 0x0, 0x0, 0x0, 0x90, 0xff, 0xff, 0xd4,
    0x0, 0x0, 0x0, 0x0, 0x0, 0x0, 0x0, 0x0,
    0x0, 0x0, 0x90, 0xff, 0xff, 0xd4, 0x0, 0x0,
    0x0, 0x0, 0x0, 0x0, 0x0, 0x0, 0x0, 0x0,
    0x90, 0xff, 0xff, 0xd4, 0x0, 0x0, 0x0, 0x50,
    0x74, 0x74, 0x74, 0x74, 0x74, 0x35, 0x90, 0xff,
    0xff, 0xd4, 0x0, 0x0, 0x0, 0xb0, 0xff, 0xff,
    0xff, 0xff, 0xff, 0x74, 0x90, 0xff, 0xff, 0xd4,
    0x0, 0x0, 0x0, 0xb0, 0xff, 0xff, 0xff, 0xff,
    0xff, 0x74, 0x90, 0xff, 0xff, 0xd4, 0x0, 0x0,
    0x0, 0x0, 0x0, 0x0, 0x98, 0xff, 0xff, 0x74,
    0x90, 0xff, 0xff, 0xd4, 0x0, 0x0, 0x0, 0x0,
    0x0, 0x0, 0x98, 0xff, 0xff, 0x74, 0x8a, 0xff,
    0xff, 0xd6, 0x0, 0x0, 0x0, 0x0, 0x0, 0x0,
    0x9d, 0xff, 0xff, 0x74, 0x78, 0xff, 0xff, 0xe3,
    0x0, 0x0, 0x0, 0x0, 0x0, 0x0, 0xae, 0xff,
    0xff, 0x74, 0x56, 0xff, 0xff, 0xfc, 0x7, 0x0,
    0x0, 0x0, 0x0, 0x0, 0xd4, 0xff, 0xff, 0x74,
    0x20, 0xff, 0xff, 0xff, 0x46, 0x0, 0x0, 0x0,
    0x0, 0x22, 0xfe, 0xff, 0xff, 0x74, 0x0, 0xce,
    0xff, 0xff, 0xd6, 0x1e, 0x0, 0x0, 0x12, 0xbf,
    0xff, 0xff, 0xff, 0x74, 0x0, 0x51, 0xff, 0xff,
    0xff, 0xfc, 0xd2, 0xcc, 0xf7, 0xff, 0xb6, 0xef,
    0xff, 0x74, 0x0, 0x0, 0x85, 0xff, 0xff, 0xff,
    0xff, 0xff, 0xff, 0xee, 0x23, 0xd5, 0xff, 0x74,
    0x0, 0x0, 0x0, 0x47, 0xb1, 0xe8, 0xfc, 0xee,
    0xaf, 0x27, 0x0, 0xba, 0xff, 0x74,

    /* U+0048 "H" */
    0x1c, 0xff, 0xff, 0xff, 0x48, 0x0, 0x0, 0x0,
    0x0, 0x0, 0x7c, 0xff, 0xff, 0xe8, 0x1c, 0xff,
    0xff, 0xff, 0x48, 0x0, 0x0, 0x0, 0x0, 0x0,
    0x7c, 0xff, 0xff, 0xe8, 0x1c, 0xff, 0xff, 0xff,
    0x48, 0x0, 0x0, 0x0, 0x0, 0x0, 0x7c, 0xff,
    0xff, 0xe8, 0x1c, 0xff, 0xff, 0xff, 0x48, 0x0,
    0x0, 0x0, 0x0, 0x0, 0x7c, 0xff, 0xff, 0xe8,
    0x1c, 0xff, 0xff, 0xff, 0x48, 0x0, 0x0, 0x0,
    0x0, 0x0, 0x7c, 0xff, 0xff, 0xe8, 0x1c, 0xff,
    0xff, 0xff, 0x48, 0x0, 0x0, 0x0, 0x0, 0x0,
    0x7c, 0xff, 0xff, 0xe8, 0x1c, 0xff, 0xff, 0xff,
    0x48, 0x0, 0x0, 0x0, 0x0, 0x0, 0x7c, 0xff,
    0xff, 0xe8, 0x1c, 0xff, 0xff, 0xff, 0x48, 0x0,
    0x0, 0x0, 0x0, 0x0, 0x7c, 0xff, 0xff, 0xe8,
    0x1c, 0xff, 0xff, 0xff, 0x48, 0x0, 0x0, 0x0,
    0x0, 0x0, 0x7c, 0xff, 0xff, 0xe8, 0x1c, 0xff,
    0xff, 0xff, 0x48, 0x0, 0x0, 0x0, 0x0, 0x0,
    0x7c, 0xff, 0xff, 0xe8, 0x1c, 0xff, 0xff, 0xff,
    0x48, 0x0, 0x0, 0x0, 0x0, 0x0, 0x7c, 0xff,
    0xff, 0xe8, 0x1c, 0xff, 0xff, 0xff, 0xff, 0xff,
    0xff, 0xff, 0xff, 0xff, 0xff, 0xff, 0xff, 0xe8,
    0x1c, 0xff, 0xff, 0xff, 0xff, 0xff, 0xff, 0xff,
    0xff, 0xff, 0xff, 0xff, 0xff, 0xe8, 0x1c, 0xff,
    0xff, 0xff, 0xa1, 0x7c, 0x7c, 0x7c, 0x7c, 0x7c,
    0xbc, 0xff, 0xff, 0xe8, 0x1c, 0xff, 0xff, 0xff,
    0x48, 0x0, 0x0, 0x0, 0x0, 0x0, 0x7c, 0xff,
    0xff, 0xe8, 0x1c, 0xff, 0xff, 0xff, 0x48, 0x0,
    0x0, 0x0, 0x0, 0x0, 0x7c, 0xff, 0xff, 0xe8,
    0x1c, 0xff, 0xff, 0xff, 0x48, 0x0, 0x0, 0x0,
    0x0, 0x0, 0x7c, 0xff, 0xff, 0xe8, 0x1c, 0xff,
    0xff, 0xff, 0x48, 0x0, 0x0, 0x0, 0x0, 0x0,
    0x7c, 0xff, 0xff, 0xe8, 0x1c, 0xff, 0xff, 0xff,
    0x48, 0x0, 0x0, 0x0, 0x0, 0x0, 0x7c, 0xff,
    0xff, 0xe8, 0x1c, 0xff, 0xff, 0xff, 0x48, 0x0,
    0x0, 0x0, 0x0, 0x0, 0x7c, 0xff, 0xff, 0xe8,
    0x1c, 0xff, 0xff, 0xff, 0x48, 0x0, 0x0, 0x0,
    0x0, 0x0, 0x7c, 0xff, 0xff, 0xe8, 0x1c, 0xff,
    0xff, 0xff, 0x48, 0x0, 0x0, 0x0, 0x0, 0x0,
    0x7c, 0xff, 0xff, 0xe8, 0x1c, 0xff, 0xff, 0xff,
    0x48, 0x0, 0x0, 0x0, 0x0, 0x0, 0x7c, 0xff,
    0xff, 0xe8, 0x1c, 0xff, 0xff, 0xff, 0x48, 0x0,
    0x0, 0x0, 0x0, 0x0, 0x7c, 0xff, 0xff, 0xe8,
    0x1c, 0xff, 0xff, 0xff, 0x48, 0x0, 0x0, 0x0,
    0x0, 0x0, 0x7c, 0xff, 0xff, 0xe8,

    /* U+0049 "I" */
    0xf0, 0xff, 0xff, 0x68, 0xf0, 0xff, 0xff, 0x68,
    0xf0, 0xff, 0xff, 0x68, 0xf0, 0xff, 0xff, 0x68,
    0xf0, 0xff, 0xff, 0x68, 0xf0, 0xff, 0xff, 0x68,
    0xf0, 0xff, 0xff, 0x68, 0xf0, 0xff, 0xff, 0x68,
    0xf0, 0xff, 0xff, 0x68, 0xf0, 0xff, 0xff, 0x68,
    0xf0, 0xff, 0xff, 0x68, 0xf0, 0xff, 0xff, 0x68,
    0xf0, 0xff, 0xff, 0x68, 0xf0, 0xff, 0xff, 0x68,
    0xf0, 0xff, 0xff, 0x68, 0xf0, 0xff, 0xff, 0x68,
    0xf0, 0xff, 0xff, 0x68, 0xf0, 0xff, 0xff, 0x68,
    0xf0, 0xff, 0xff, 0x68, 0xf0, 0xff, 0xff, 0x68,
    0xf0, 0xff, 0xff, 0x68, 0xf0, 0xff, 0xff, 0x68,
    0xf0, 0xff, 0xff, 0x68, 0xf0, 0xff, 0xff, 0x68,
    0xf0, 0xff, 0xff, 0x68,

    /* U+004A "J" */
    0x0, 0x0, 0x0, 0x40, 0xff, 0xff, 0xff, 0x1c,
    0x0, 0x0, 0x0, 0x40, 0xff, 0xff, 0xff, 0x1c,
    0x0, 0x0, 0x0, 0x40, 0xff, 0xff, 0xff, 0x1c,
    0x0, 0x0, 0x0, 0x40, 0xff, 0xff, 0xff, 0x1c,
    0x0, 0x0, 0x0, 0x40, 0xff, 0xff, 0xff, 0x1c,
    0x0, 0x0, 0x0, 0x40, 0xff, 0xff, 0xff, 0x1c,
    0x0, 0x0, 0x0, 0x40, 0xff, 0xff, 0xff, 0x1c,
    0x0, 0x0, 0x0, 0x40, 0xff, 0xff, 0xff, 0x1c,
    0x0, 0x0, 0x0, 0x40, 0xff, 0xff, 0xff, 0x1c,
    0x0, 0x0, 0x0, 0x40, 0xff, 0xff, 0xff, 0x1c,
    0x0, 0x0, 0x0, 0x40, 0xff, 0xff, 0xff, 0x1c,
    0x0, 0x0, 0x0, 0x40, 0xff, 0xff, 0xff, 0x1c,
    0x0, 0x0, 0x0, 0x40, 0xff, 0xff, 0xff, 0x1c,
    0x0, 0x0, 0x0, 0x40, 0xff, 0xff, 0xff, 0x1c,
    0x0, 0x0, 0x0, 0x40, 0xff, 0xff, 0xff, 0x1c,
    0x0, 0x0, 0x0, 0x40, 0xff, 0xff, 0xff, 0x1c,
    0x0, 0x0, 0x0, 0x40, 0xff, 0xff, 0xff, 0x1c,
    0x0, 0x0, 0x0, 0x40, 0xff, 0xff, 0xff, 0x1c,
    0x0, 0x0, 0x0, 0x40, 0xff, 0xff, 0xff, 0x1c,
    0x0, 0x0, 0x0, 0x46, 0xff, 0xff, 0xff, 0x18,
    0x0, 0x0, 0x0, 0x60, 0xff, 0xff, 0xff, 0x7,
    0x0, 0x0, 0x2, 0xb9, 0xff, 0xff, 0xe1, 0x0,
    0x64, 0x90, 0xd1, 0xff, 0xff, 0xff, 0x97, 0x0,
    0xcc, 0xff, 0xff, 0xff, 0xff, 0xea, 0x1e, 0x0,
    0xcc, 0xff, 0xf9, 0xdd, 0x99, 0x1e, 0x0, 0x0,

    /* U+004B "K" */
    0x1c, 0xff, 0xff, 0xff, 0x48, 0x0, 0x0, 0x0,
    0x0, 0x60, 0xff, 0xff, 0xcd, 0x0, 0x1c, 0xff,
    0xff, 0xff, 0x48, 0x0, 0x0, 0x0, 0x2, 0xd8,
    0xff, 0xff, 0x5e, 0x0, 0x1c, 0xff, 0xff, 0xff,
    0x48, 0x0, 0x0, 0x0, 0x51, 0xff, 0xff, 0xe6,
    0x6, 0x0, 0x1c, 0xff, 0xff, 0xff, 0x48, 0x0,
    0x0, 0x0, 0xcd, 0xff, 0xff, 0x7e, 0x0, 0x0,
    0x1c, 0xff, 0xff, 0xff, 0x48, 0x0, 0x0, 0x45,
    0xff, 0xff, 0xf8, 0x16, 0x0, 0x0, 0x1c, 0xff,
    0xff, 0xff, 0x48, 0x0, 0x0, 0xbe, 0xff, 0xff,
    0x9e, 0x0, 0x0, 0x0, 0x1c, 0xff, 0xff, 0xff,
    0x48, 0x0, 0x38, 0xff, 0xff, 0xff, 0x2d, 0x0,
    0x0, 0x0, 0x1c, 0xff, 0xff, 0xff, 0x48, 0x0,
    0xaf, 0xff, 0xff, 0xbe, 0x0, 0x0, 0x0, 0x0,
    0x1c, 0xff, 0xff, 0xff, 0x48, 0x2a, 0xfe, 0xff,
    0xff, 0x4e, 0x0, 0x0, 0x0, 0x0, 0x1c, 0xff,
    0xff, 0xff, 0x48, 0xa2, 0xff, 0xff, 0xdc, 0x2,
    0x0, 0x0, 0x0, 0x0, 0x1c, 0xff, 0xff, 0xff,
    0x68, 0xfb, 0xff, 0xff, 0x6d, 0x0, 0x0, 0x0,
    0x0, 0x0, 0x1c, 0xff, 0xff, 0xff, 0xdb, 0xff,
    0xff, 0xff, 0x66, 0x0, 0x0, 0x0, 0x0, 0x0,
    0x1c, 0xff, 0xff, 0xff, 0xff, 0xff, 0xff, 0xff,
    0xcc, 0x0, 0x0, 0x0, 0x0, 0x0, 0x1c, 0xff,
    0xff, 0xff, 0xff, 0xc6, 0xfb, 0xff, 0xff, 0x32,
    0x0, 0x0, 0x0, 0x0, 0x1c, 0xff, 0xff, 0xff,
    0xfe, 0x2f, 0xac, 0xff, 0xff, 0x99, 0x0, 0x0,
    0x0, 0x0, 0x1c, 0xff, 0xff, 0xff, 0xa4, 0x0,
    0x46, 0xff, 0xff, 0xf3, 0xc, 0x0, 0x0, 0x0,
    0x1c, 0xff, 0xff, 0xff, 0x4a, 0x0, 0x2, 0xde,
    0xff, 0xff, 0x66, 0x0, 0x0, 0x0, 0x1c, 0xff,
    0xff, 0xff, 0x48, 0x0, 0x0, 0x7b, 0xff, 0xff,
    0xcc, 0x0, 0x0, 0x0, 0x1c, 0xff, 0xff, 0xff,
    0x48, 0x0, 0x0, 0x1a, 0xfc, 0xff, 0xff, 0x32,
    0x0, 0x0, 0x1c, 0xff, 0xff, 0xff, 0x48, 0x0,
    0x0, 0x0, 0xb2, 0xff, 0xff, 0x99, 0x0, 0x0,
    0x1c, 0xff, 0xff, 0xff, 0x48, 0x0, 0x0, 0x0,
    0x4b, 0xff, 0xff, 0xf3, 0xc, 0x0, 0x1c, 0xff,
    0xff, 0xff, 0x48, 0x0, 0x0, 0x0, 0x3, 0xe3,
    0xff, 0xff, 0x66, 0x0, 0x1c, 0xff, 0xff, 0xff,
    0x48, 0x0, 0x0, 0x0, 0x0, 0x81, 0xff, 0xff,
    0xcc, 0x0, 0x1c, 0xff, 0xff, 0xff, 0x48, 0x0,
    0x0, 0x0, 0x0, 0x1e, 0xfd, 0xff, 0xff, 0x32,
    0x1c, 0xff, 0xff, 0xff, 0x48, 0x0, 0x0, 0x0,
    0x0, 0x0, 0xb7, 0xff, 0xff, 0x99,

    /* U+004C "L" */
    0x1c, 0xff, 0xff, 0xff, 0x48, 0x0, 0x0, 0x0,
    0x0, 0x0, 0x0, 0x1c, 0xff, 0xff, 0xff, 0x48,
    0x0, 0x0, 0x0, 0x0, 0x0, 0x0, 0x1c, 0xff,
    0xff, 0xff, 0x48, 0x0, 0x0, 0x0, 0x0, 0x0,
    0x0, 0x1c, 0xff, 0xff, 0xff, 0x48, 0x0, 0x0,
    0x0, 0x0, 0x0, 0x0, 0x1c, 0xff, 0xff, 0xff,
    0x48, 0x0, 0x0, 0x0, 0x0, 0x0, 0x0, 0x1c,
    0xff, 0xff, 0xff, 0x48, 0x0, 0x0, 0x0, 0x0,
    0x0, 0x0, 0x1c, 0xff, 0xff, 0xff, 0x48, 0x0,
    0x0, 0x0, 0x0, 0x0, 0x0, 0x1c, 0xff, 0xff,
    0xff, 0x48, 0x0, 0x0, 0x0, 0x0, 0x0, 0x0,
    0x1c, 0xff, 0xff, 0xff, 0x48, 0x0, 0x0, 0x0,
    0x0, 0x0, 0x0, 0x1c, 0xff, 0xff, 0xff, 0x48,
    0x0, 0x0, 0x0, 0x0, 0x0, 0x0, 0x1c, 0xff,
    0xff, 0xff, 0x48, 0x0, 0x0, 0x0, 0x0, 0x0,
    0x0, 0x1c, 0xff, 0xff, 0xff, 0x48, 0x0, 0x0,
    0x0, 0x0, 0x0, 0x0, 0x1c, 0xff, 0xff, 0xff,
    0x48, 0x0, 0x0, 0x0, 0x0, 0x0, 0x0, 0x1c,
    0xff, 0xff, 0xff, 0x48, 0x0, 0x0, 0x0, 0x0,
    0x0, 0x0, 0x1c, 0xff, 0xff, 0xff, 0x48, 0x0,
    0x0, 0x0, 0x0, 0x0, 0x0, 0x1c, 0xff, 0xff,
    0xff, 0x48, 0x0, 0x0, 0x0, 0x0, 0x0, 0x0,
    0x1c, 0xff, 0xff, 0xff, 0x48, 0x0, 0x0, 0x0,
    0x0, 0x0, 0x0, 0x1c, 0xff, 0xff, 0xff, 0x48,
    0x0, 0x0, 0x0, 0x0, 0x0, 0x0, 0x1c, 0xff,
    0xff, 0xff, 0x48, 0x0, 0x0, 0x0, 0x0, 0x0,
    0x0, 0x1c, 0xff, 0xff, 0xff, 0x48, 0x0, 0x0,
    0x0, 0x0, 0x0, 0x0, 0x1c, 0xff, 0xff, 0xff,
    0x48, 0x0, 0x0, 0x0, 0x0, 0x0, 0x0, 0x1c,
    0xff, 0xff, 0xff, 0x48, 0x0, 0x0, 0x0, 0x0,
    0x0, 0x0, 0x1c, 0xff, 0xff, 0xff, 0xa1, 0x7c,
    0x7c, 0x7c, 0x7c, 0x7c, 0x3c, 0x1c, 0xff, 0xff,
    0xff, 0xff, 0xff, 0xff, 0xff, 0xff, 0xff, 0x7c,
    0x1c, 0xff, 0xff, 0xff, 0xff, 0xff, 0xff, 0xff,
    0xff, 0xff, 0x7c,

    /* U+004D "M" */
    0x0, 0xba, 0xff, 0xff, 0xb7, 0x0, 0x0, 0x0,
    0x0, 0x0, 0x0, 0x0, 0x0, 0xe4, 0xff, 0xff,
    0x86, 0x0, 0xbf, 0xff, 0xff, 0xed, 0x1, 0x0,
    0x0, 0x0, 0x0, 0x0, 0x0, 0x1a, 0xff, 0xff,
    0xff, 0x8b, 0x0, 0xc4, 0xff, 0xff, 0xff, 0x24,
    0x0, 0x0, 0x0, 0x0, 0x0, 0x0, 0x50, 0xff,
    0xff, 0xff, 0x8f, 0x0, 0xc9, 0xff, 0xff, 0xff,
    0x5a, 0x0, 0x0, 0x0, 0x0, 0x0, 0x0, 0x87,
    0xff, 0xff, 0xff, 0x94, 0x0, 0xcd, 0xff, 0xff,
    0xff, 0x90, 0x0, 0x0, 0x0, 0x0, 0x0, 0x0,
    0xbd, 0xff, 0xff, 0xff, 0x99, 0x0, 0xd2, 0xff,
    0xff, 0xff, 0xc5, 0x0, 0x0, 0x0, 0x0, 0x0,
    0x2, 0xf2, 0xff, 0xff, 0xff, 0x9e, 0x0, 0xd6,
    0xff, 0xff, 0xff, 0xf7, 0x5, 0x0, 0x0, 0x0,
    0x0, 0x29, 0xff, 0xff, 0xff, 0xff, 0xa2, 0x0,
    0xdb, 0xff, 0xe0, 0xf8, 0xff, 0x33, 0x0, 0x0,
    0x0, 0x0, 0x60, 0xff, 0xd8, 0xff, 0xff, 0xa7,
    0x0, 0xdf, 0xff, 0xd6, 0xc5, 0xff, 0x69, 0x0,
    0x0, 0x0, 0x0, 0x97, 0xff, 0x9b, 0xff, 0xff,
    0xab, 0x0, 0xe4, 0xff, 0xd2, 0x8c, 0xff, 0xa0,
    0x0, 0x0, 0x0, 0x0, 0xcd, 0xff, 0x5f, 0xfe,
    0xff, 0xb0, 0x0, 0xe9, 0xff, 0xce, 0x52, 0xff,
    0xd6, 0x0, 0x0, 0x0, 0x9, 0xfb, 0xff, 0x25,
    0xfb, 0xff, 0xb5, 0x0, 0xee, 0xff, 0xcb, 0x19,
    0xff, 0xfe, 0xe, 0x0, 0x0, 0x3b, 0xff, 0xeb,
    0x1, 0xf7, 0xff, 0xb9, 0x0, 0xf2, 0xff, 0xc7,
    0x0, 0xdf, 0xff, 0x42, 0x0, 0x0, 0x70, 0xff,
    0xb1, 0x0, 0xf3, 0xff, 0xbe, 0x0, 0xf7, 0xff,
    0xc3, 0x0, 0xa6, 0xff, 0x77, 0x0, 0x0, 0xa7,
    0xff, 0x76, 0x0, 0xef, 0xff, 0xc2, 0x0, 0xfb,
    0xff, 0xbf, 0x0, 0x6d, 0xff, 0xaf, 0x0, 0x0,
    0xdd, 0xff, 0x3d, 0x0, 0xec, 0xff, 0xc7, 0x0,
    0xff, 0xff, 0xbc, 0x0, 0x32, 0xff, 0xe4, 0x0,
    0x14, 0xff, 0xfa, 0x9, 0x0, 0xe8, 0xff, 0xcc,
    0x5, 0xff, 0xff, 0xb8, 0x0, 0x5, 0xf6, 0xff,
    0x1b, 0x4a, 0xff, 0xca, 0x0, 0x0, 0xe4, 0xff,
    0xd1, 0x9, 0xff, 0xff, 0xb4, 0x0, 0x0, 0xc0,
    0xff, 0x51, 0x80, 0xff, 0x8f, 0x0, 0x0, 0xe0,
    0xff, 0xd5, 0xe, 0xff, 0xff, 0xb0, 0x0, 0x0,
    0x85, 0xff, 0x88, 0xb7, 0xff, 0x54, 0x0, 0x0,
    0xdc, 0xff, 0xda, 0x13, 0xff, 0xff, 0xac, 0x0,
    0x0, 0x4d, 0xff, 0xbe, 0xed, 0xff, 0x1b, 0x0,
    0x0, 0xd9, 0xff, 0xde, 0x17, 0xff, 0xff, 0xa9,
    0x0, 0x0, 0x14, 0xff, 0xfc, 0xff, 0xe1, 0x0,
    0x0, 0x0, 0xd5, 0xff, 0xe3, 0x1c, 0xff, 0xff,
    0xa5, 0x0, 0x0, 0x0, 0xda, 0xff, 0xff, 0xa7,
    0x0, 0x0, 0x0, 0xd1, 0xff, 0xe7, 0x21, 0xff,
    0xff, 0xa1, 0x0, 0x0, 0x0, 0xa0, 0xff, 0xff,
    0x6d, 0x0, 0x0, 0x0, 0xce, 0xff, 0xed, 0x25,
    0xff, 0xff, 0x9e, 0x0, 0x0, 0x0, 0x66, 0xff,
    0xff, 0x33, 0x0, 0x0, 0x0, 0xca, 0xff, 0xf1,
    0x2a, 0xff, 0xff, 0x9a, 0x0, 0x0, 0x0, 0x2d,
    0xff, 0xf5, 0x4, 0x0, 0x0, 0x0, 0xc6, 0xff,
    0xf6,

    /* U+004E "N" */
    0x1c, 0xff, 0xff, 0x69, 0x0, 0x0, 0x0, 0x0,
    0x0, 0x0, 0xe8, 0xff, 0xec, 0x1c, 0xff, 0xff,
    0xd3, 0x0, 0x0, 0x0, 0x0, 0x0, 0x0, 0xe8,
    0xff, 0xec, 0x1c, 0xff, 0xff, 0xff, 0x3d, 0x0,
    0x0, 0x0, 0x0, 0x0, 0xe8, 0xff, 0xec, 0x1c,
    0xff, 0xff, 0xff, 0xa8, 0x0, 0x0, 0x0, 0x0,
    0x0, 0xe8, 0xff, 0xec, 0x1c, 0xff, 0xff, 0xff,
    0xfb, 0x17, 0x0, 0x0, 0x0, 0x0, 0xe8, 0xff,
    0xec, 0x1c, 0xff, 0xff, 0xff, 0xff, 0x7c, 0x0,
    0x0, 0x0, 0x0, 0xe8, 0xff, 0xec, 0x1c, 0xff,
    0xff, 0xff, 0xff, 0xe3, 0x4, 0x0, 0x0, 0x0,
    0xe8, 0xff, 0xec, 0x1c, 0xff, 0xff, 0xff, 0xff,
    0xff, 0x50, 0x0, 0x0, 0x0, 0xe8, 0xff, 0xec,
    0x1c, 0xff, 0xff, 0xd2, 0xf3, 0xff, 0xbb, 0x0,
    0x0, 0x0, 0xe8, 0xff, 0xec, 0x1c, 0xff, 0xff,
    0xc4, 0x98, 0xff, 0xff, 0x27, 0x0, 0x0, 0xe8,
    0xff, 0xec, 0x1c, 0xff, 0xff, 0xc4, 0x2f, 0xff,
    0xff, 0x8f, 0x0, 0x0, 0xe8, 0xff, 0xec, 0x1c,
    0xff, 0xff, 0xc4, 0x0, 0xc6, 0xff, 0xef, 0xa,
    0x0, 0xe8, 0xff, 0xec, 0x1c, 0xff, 0xff, 0xc4,
    0x0, 0x5d, 0xff, 0xff, 0x64, 0x0, 0xe8, 0xff,
    0xec, 0x1c, 0xff, 0xff, 0xc4, 0x0, 0x8, 0xec,
    0xff, 0xcd, 0x0, 0xe8, 0xff, 0xec, 0x1c, 0xff,
    0xff, 0xc4, 0x0, 0x0, 0x8c, 0xff, 0xff, 0x39,
    0xe8, 0xff, 0xec, 0x1c, 0xff, 0xff, 0xc4, 0x0,
    0x0, 0x23, 0xfe, 0xff, 0xa2, 0xe8, 0xff, 0xec,
    0x1c, 0xff, 0xff, 0xc4, 0x0, 0x0, 0x0, 0xb9,
    0xff, 0xf8, 0xf4, 0xff, 0xec, 0x1c, 0xff, 0xff,
    0xc4, 0x0, 0x0, 0x0, 0x4f, 0xff, 0xff, 0xff,
    0xff, 0xec, 0x1c, 0xff, 0xff, 0xc4, 0x0, 0x0,
    0x0, 0x4, 0xe3, 0xff, 0xff, 0xff, 0xec, 0x1c,
    0xff, 0xff, 0xc4, 0x0, 0x0, 0x0, 0x0, 0x7e,
    0xff, 0xff, 0xff, 0xec, 0x1c, 0xff, 0xff, 0xc4,
    0x0, 0x0, 0x0, 0x0, 0x19, 0xfb, 0xff, 0xff,
    0xec, 0x1c, 0xff, 0xff, 0xc4, 0x0, 0x0, 0x0,
    0x0, 0x0, 0xac, 0xff, 0xff, 0xec, 0x1c, 0xff,
    0xff, 0xc4, 0x0, 0x0, 0x0, 0x0, 0x0, 0x43,
    0xff, 0xff, 0xec, 0x1c, 0xff, 0xff, 0xc4, 0x0,
    0x0, 0x0, 0x0, 0x0, 0x1, 0xd9, 0xff, 0xec,
    0x1c, 0xff, 0xff, 0xc4, 0x0, 0x0, 0x0, 0x0,
    0x0, 0x0, 0x71, 0xff, 0xec,

    /* U+004F "O" */
    0x0, 0x0, 0x0, 0x3c, 0xa6, 0xdf, 0xf8, 0xfd,
    0xe8, 0xb3, 0x55, 0x1, 0x0, 0x0, 0x0, 0x0,
    0x85, 0xff, 0xff, 0xff, 0xff, 0xff, 0xff, 0xff,
    0xff, 0xa8, 0x4, 0x0, 0x0, 0x5a, 0xff, 0xff,
    0xff, 0xf2, 0xc0, 0xbb, 0xe9, 0xff, 0xff, 0xff,
    0x84, 0x0, 0x1, 0xdc, 0xff, 0xff, 0xc0, 0xf,
    0x0, 0x0, 0x5, 0x9c, 0xff, 0xff, 0xf5, 0x11,
    0x2f, 0xff, 0xff, 0xff, 0x31, 0x0, 0x0, 0x0,
    0x0, 0xd, 0xf8, 0xff, 0xff, 0x5a, 0x64, 0xff,
    0xff, 0xf6, 0x1, 0x0, 0x0, 0x0, 0x0, 0x0,
    0xcb, 0xff, 0xff, 0x8e, 0x81, 0xff, 0xff, 0xe0,
    0x0, 0x0, 0x0, 0x0, 0x0, 0x0, 0xb4, 0xff,
    0xff, 0xad, 0x8e, 0xff, 0xff, 0xdc, 0x0, 0x0,
    0x0, 0x0, 0x0, 0x0, 0xb0, 0xff, 0xff, 0xba,
    0x90, 0xff, 0xff, 0xdc, 0x0, 0x0, 0x0, 0x0,
    0x0, 0x0, 0xb0, 0xff, 0xff, 0xbc, 0x90, 0xff,
    0xff, 0xdc, 0x0, 0x0, 0x0, 0x0, 0x0, 0x0,
    0xb0, 0xff, 0xff, 0xbc, 0x90, 0xff, 0xff, 0xdc,
    0x0, 0x0, 0x0, 0x0, 0x0, 0x0, 0xb0, 0xff,
    0xff, 0xbc, 0x90, 0xff, 0xff, 0xdc, 0x0, 0x0,
    0x0, 0x0, 0x0, 0x0, 0xb0, 0xff, 0xff, 0xbc,
    0x90, 0xff, 0xff, 0xdc, 0x0, 0x0, 0x0, 0x0,
    0x0, 0x0, 0xb0, 0xff, 0xff, 0xbc, 0x90, 0xff,
    0xff, 0xdc, 0x0, 0x0, 0x0, 0x0, 0x0, 0x0,
    0xb0, 0xff, 0xff, 0xbc, 0x90, 0xff, 0xff, 0xdc,
    0x0, 0x0, 0x0, 0x0, 0x0, 0x0, 0xb0, 0xff,
    0xff, 0xbc, 0x90, 0xff, 0xff, 0xdc, 0x0, 0x0,
    0x0, 0x0, 0x0, 0x0, 0xb0, 0xff, 0xff, 0xbc,
    0x90, 0xff, 0xff, 0xdc, 0x0, 0x0, 0x0, 0x0,
    0x0, 0x0, 0xb0, 0xff, 0xff, 0xbc, 0x8c, 0xff,
    0xff, 0xdc, 0x0, 0x0, 0x0, 0x0, 0x0, 0x0,
    0xb0, 0xff, 0xff, 0xb8, 0x7e, 0xff, 0xff, 0xe2,
    0x0, 0x0, 0x0, 0x0, 0x0, 0x0, 0xb7, 0xff,
    0xff, 0xaa, 0x5d, 0xff, 0xff, 0xfa, 0x3, 0x0,
    0x0, 0x0, 0x0, 0x0, 0xd1, 0xff, 0xff, 0x88,
    0x26, 0xff, 0xff, 0xff, 0x3b, 0x0, 0x0, 0x0,
    0x0, 0x14, 0xfc, 0xff, 0xff, 0x4f, 0x0, 0xd2,
    0xff, 0xff, 0xcc, 0x16, 0x0, 0x0, 0x9, 0xab,
    0xff, 0xff, 0xef, 0xa, 0x0, 0x4f, 0xff, 0xff,
    0xff, 0xf8, 0xc8, 0xc3, 0xef, 0xff, 0xff, 0xff,
    0x71, 0x0, 0x0, 0x0, 0x78, 0xfe, 0xff, 0xff,
    0xff, 0xff, 0xff, 0xff, 0xff, 0x97, 0x1, 0x0,
    0x0, 0x0, 0x0, 0x36, 0xa2, 0xdd, 0xf8, 0xfd,
    0xe7, 0xb1, 0x4d, 0x0, 0x0, 0x0,

    /* U+0050 "P" */
    0x1c, 0xff, 0xff, 0xff, 0xff, 0xff, 0xff, 0xf9,
    0xdc, 0x98, 0x22, 0x0, 0x0, 0x1c, 0xff, 0xff,
    0xff, 0xff, 0xff, 0xff, 0xff, 0xff, 0xff, 0xf4,
    0x41, 0x0, 0x1c, 0xff, 0xff, 0xff, 0xa4, 0x80,
    0x86, 0xa2, 0xe9, 0xff, 0xff, 0xe9, 0xd, 0x1c,
    0xff, 0xff, 0xff, 0x48, 0x0, 0x0, 0x0, 0x10,
    0xdb, 0xff, 0xff, 0x69, 0x1c, 0xff, 0xff, 0xff,
    0x48, 0x0, 0x0, 0x0, 0x0, 0x7f, 0xff, 0xff,
    0xaf, 0x1c, 0xff, 0xff, 0xff, 0x48, 0x0, 0x0,
    0x0, 0x0, 0x5b, 0xff, 0xff, 0xd6, 0x1c, 0xff,
    0xff, 0xff, 0x48, 0x0, 0x0, 0x0, 0x0, 0x4e,
    0xff, 0xff, 0xe8, 0x1c, 0xff, 0xff, 0xff, 0x48,
    0x0, 0x0, 0x0, 0x0, 0x50, 0xff, 0xff, 0xe6,
    0x1c, 0xff, 0xff, 0xff, 0x48, 0x0, 0x0, 0x0,
    0x0, 0x6b, 0xff, 0xff, 0xcc, 0x1c, 0xff, 0xff,
    0xff, 0x48, 0x0, 0x0, 0x0, 0x0, 0xb6, 0xff,
    0xff, 0x92, 0x1c, 0xff, 0xff, 0xff, 0x48, 0x0,
    0x8, 0x2b, 0x93, 0xff, 0xff, 0xff, 0x32, 0x1c,
    0xff, 0xff, 0xff, 0xff, 0xff, 0xff, 0xff, 0xff,
    0xff, 0xff, 0x91, 0x0, 0x1c, 0xff, 0xff, 0xff,
    0xff, 0xff, 0xff, 0xff, 0xff, 0xf7, 0x82, 0x2,
    0x0, 0x1c, 0xff, 0xff, 0xff, 0xa1, 0x7c, 0x7c,
    0x75, 0x55, 0x12, 0x0, 0x0, 0x0, 0x1c, 0xff,
    0xff, 0xff, 0x48, 0x0, 0x0, 0x0, 0x0, 0x0,
    0x0, 0x0, 0x0, 0x1c, 0xff, 0xff, 0xff, 0x48,
    0x0, 0x0, 0x0, 0x0, 0x0, 0x0, 0x0, 0x0,
    0x1c, 0xff, 0xff, 0xff, 0x48, 0x0, 0x0, 0x0,
    0x0, 0x0, 0x0, 0x0, 0x0, 0x1c, 0xff, 0xff,
    0xff, 0x48, 0x0, 0x0, 0x0, 0x0, 0x0, 0x0,
    0x0, 0x0, 0x1c, 0xff, 0xff, 0xff, 0x48, 0x0,
    0x0, 0x0, 0x0, 0x0, 0x0, 0x0, 0x0, 0x1c,
    0xff, 0xff, 0xff, 0x48, 0x0, 0x0, 0x0, 0x0,
    0x0, 0x0, 0x0, 0x0, 0x1c, 0xff, 0xff, 0xff,
    0x48, 0x0, 0x0, 0x0, 0x0, 0x0, 0x0, 0x0,
    0x0, 0x1c, 0xff, 0xff, 0xff, 0x48, 0x0, 0x0,
    0x0, 0x0, 0x0, 0x0, 0x0, 0x0, 0x1c, 0xff,
    0xff, 0xff, 0x48, 0x0, 0x0, 0x0, 0x0, 0x0,
    0x0, 0x0, 0x0, 0x1c, 0xff, 0xff, 0xff, 0x48,
    0x0, 0x0, 0x0, 0x0, 0x0, 0x0, 0x0, 0x0,
    0x1c, 0xff, 0xff, 0xff, 0x48, 0x0, 0x0, 0x0,
    0x0, 0x0, 0x0, 0x0, 0x0,

    /* U+0051 "Q" */
    0x0, 0x0, 0x0, 0x3c, 0xa6, 0xdf, 0xf8, 0xfd,
    0xe8, 0xb3, 0x56, 0x1, 0x0, 0x0, 0x0, 0x0,
    0x85, 0xff, 0xff, 0xff, 0xff, 0xff, 0xff, 0xff,
    0xff, 0xac, 0x5, 0x0, 0x0, 0x5a, 0xff, 0xff,
    0xff, 0xf2, 0xc0, 0xbb, 0xe7, 0xff, 0xff, 0xff,
    0x8d, 0x0, 0x1, 0xdc, 0xff, 0xff, 0xc0, 0xf,
    0x0, 0x0, 0x4, 0x95, 0xff, 0xff, 0xf8, 0x16,
    0x2f, 0xff, 0xff, 0xff, 0x31, 0x0, 0x0, 0x0,
    0x0, 0x9, 0xf4, 0xff, 0xff, 0x62, 0x64, 0xff,
    0xff, 0xf6, 0x1, 0x0, 0x0, 0x0, 0x0, 0x0,
    0xc3, 0xff, 0xff, 0x97, 0x81, 0xff, 0xff, 0xe0,
    0x0, 0x0, 0x0, 0x0, 0x0, 0x0, 0xac, 0xff,
    0xff, 0xb5, 0x8e, 0xff, 0xff, 0xdc, 0x0, 0x0,
    0x0, 0x0, 0x0, 0x0, 0xa8, 0xff, 0xff, 0xc2,
    0x90, 0xff, 0xff, 0xdc, 0x0, 0x0, 0x0, 0x0,
    0x0, 0x0, 0xa8, 0xff, 0xff, 0xc4, 0x90, 0xff,
    0xff, 0xdc, 0x0, 0x0, 0x0, 0x0, 0x0, 0x0,
    0xa8, 0xff, 0xff, 0xc4, 0x90, 0xff, 0xff, 0xdc,
    0x0, 0x0, 0x0, 0x0, 0x0, 0x0, 0xa8, 0xff,
    0xff, 0xc4, 0x90, 0xff, 0xff, 0xdc, 0x0, 0x0,
    0x0, 0x0, 0x0, 0x0, 0xa8, 0xff, 0xff, 0xc4,
    0x90, 0xff, 0xff, 0xdc, 0x0, 0x0, 0x0, 0x0,
    0x0, 0x0, 0xa8, 0xff, 0xff, 0xc4, 0x90, 0xff,
    0xff, 0xdc, 0x0, 0x0, 0x0, 0x0, 0x0, 0x0,
    0xa8, 0xff, 0xff, 0xc4, 0x90, 0xff, 0xff, 0xdc,
    0x0, 0x0, 0x0, 0x0, 0x0, 0x0, 0xa8, 0xff,
    0xff, 0xc4, 0x90, 0xff, 0xff, 0xdc, 0x0, 0x0,
    0x0, 0x0, 0x0, 0x0, 0xa8, 0xff, 0xff, 0xc4,
    0x90, 0xff, 0xff, 0xdc, 0x0, 0x0, 0x0, 0x0,
    0x0, 0x0, 0xa8, 0xff, 0xff, 0xc4, 0x8c, 0xff,
    0xff, 0xdc, 0x0, 0x0, 0x0, 0x0, 0x0, 0x0,
    0xa8, 0xff, 0xff, 0xc1, 0x7e, 0xff, 0xff, 0xe2,
    0x0, 0x0, 0x0, 0x0, 0x0, 0x0, 0xaf, 0xff,
    0xff, 0xb2, 0x5d, 0xff, 0xff, 0xfa, 0x3, 0x0,
    0x0, 0x0, 0x0, 0x0, 0xc9, 0xff, 0xff, 0x91,
    0x26, 0xff, 0xff, 0xff, 0x3b, 0x0, 0x0, 0x0,
    0x0, 0xf, 0xf8, 0xff, 0xff, 0x59, 0x0, 0xd2,
    0xff, 0xff, 0xcc, 0x16, 0x0, 0x0, 0x8, 0xa5,
    0xff, 0xff, 0xf4, 0xe, 0x0, 0x4f, 0xff, 0xff,
    0xff, 0xf8, 0xc8, 0xc3, 0xef, 0xff, 0xff, 0xff,
    0x7a, 0x0, 0x0, 0x0, 0x78, 0xfe, 0xff, 0xff,
    0xff, 0xff, 0xff, 0xff, 0xff, 0x9e, 0x2, 0x0,
    0x0, 0x0, 0x0, 0x36, 0xa2, 0xdd, 0xf8, 0xff,
    0xff, 0xff, 0x80, 0x0, 0x0, 0x0, 0x0, 0x0,
    0x0, 0x0, 0x0, 0x0, 0x0, 0x13, 0xe6, 0xff,
    0xee, 0x25, 0x0, 0x0, 0x0, 0x0, 0x0, 0x0,
    0x0, 0x0, 0x0, 0x0, 0x44, 0xfe, 0xff, 0xe0,
    0x23, 0x0, 0x0, 0x0, 0x0, 0x0, 0x0, 0x0,
    0x0, 0x0, 0x0, 0x79, 0xff, 0xff, 0x7f, 0x0,
    0x0, 0x0, 0x0, 0x0, 0x0, 0x0, 0x0, 0x0,
    0x0, 0x0, 0x91, 0xff, 0x4c, 0x0, 0x0, 0x0,
    0x0, 0x0, 0x0, 0x0, 0x0, 0x0, 0x0, 0x0,
    0x0, 0x68, 0x17, 0x0,

    /* U+0052 "R" */
    0x1c, 0xff, 0xff, 0xff, 0xff, 0xff, 0xf9, 0xe4,
    0xb6, 0x6c, 0xb, 0x0, 0x0, 0x0, 0x1c, 0xff,
    0xff, 0xff, 0xff, 0xff, 0xff, 0xff, 0xff, 0xff,
    0xe1, 0x2e, 0x0, 0x0, 0x1c, 0xff, 0xff, 0xff,
    0xa4, 0x80, 0x89, 0xb3, 0xfb, 0xff, 0xff, 0xe2,
    0xc, 0x0, 0x1c, 0xff, 0xff, 0xff, 0x48, 0x0,
    0x0, 0x0, 0x35, 0xf9, 0xff, 0xff, 0x6b, 0x0,
    0x1c, 0xff, 0xff, 0xff, 0x48, 0x0, 0x0, 0x0,
    0x0, 0xa4, 0xff, 0xff, 0xb2, 0x0, 0x1c, 0xff,
    0xff, 0xff, 0x48, 0x0, 0x0, 0x0, 0x0, 0x6c,
    0xff, 0xff, 0xdb, 0x0, 0x1c, 0xff, 0xff, 0xff,
    0x48, 0x0, 0x0, 0x0, 0x0, 0x5a, 0xff, 0xff,
    0xe9, 0x0, 0x1c, 0xff, 0xff, 0xff, 0x48, 0x0,
    0x0, 0x0, 0x0, 0x61, 0xff, 0xff, 0xe5, 0x0,
    0x1c, 0xff, 0xff, 0xff, 0x48, 0x0, 0x0, 0x0,
    0x0, 0x85, 0xff, 0xff, 0xcb, 0x0, 0x1c, 0xff,
    0xff, 0xff, 0x48, 0x0, 0x0, 0x0, 0x8, 0xde,
    0xff, 0xff, 0x97, 0x0, 0x1c, 0xff, 0xff, 0xff,
    0x48, 0x1, 0xd, 0x41, 0xc1, 0xff, 0xff, 0xff,
    0x3b, 0x0, 0x1c, 0xff, 0xff, 0xff, 0xff, 0xff,
    0xff, 0xff, 0xff, 0xff, 0xff, 0x9a, 0x0, 0x0,
    0x1c, 0xff, 0xff, 0xff, 0xff, 0xff, 0xff, 0xff,
    0xff, 0xfd, 0x68, 0x2, 0x0, 0x0, 0x1c, 0xff,
    0xff, 0xff, 0xa1, 0x7c, 0x7f, 0xfe, 0xff, 0xff,
    0x27, 0x0, 0x0, 0x0, 0x1c, 0xff, 0xff, 0xff,
    0x48, 0x0, 0x0, 0xcd, 0xff, 0xff, 0x6e, 0x0,
    0x0, 0x0, 0x1c, 0xff, 0xff, 0xff, 0x48, 0x0,
    0x0, 0x86, 0xff, 0xff, 0xb5, 0x0, 0x0, 0x0,
    0x1c, 0xff, 0xff, 0xff, 0x48, 0x0, 0x0, 0x3f,
    0xff, 0xff, 0xf6, 0x8, 0x0, 0x0, 0x1c, 0xff,
    0xff, 0xff, 0x48, 0x0, 0x0, 0x6, 0xf4, 0xff,
    0xff, 0x46, 0x0, 0x0, 0x1c, 0xff, 0xff, 0xff,
    0x48, 0x0, 0x0, 0x0, 0xb2, 0xff, 0xff, 0x8e,
    0x0, 0x0, 0x1c, 0xff, 0xff, 0xff, 0x48, 0x0,
    0x0, 0x0, 0x6c, 0xff, 0xff, 0xd5, 0x0, 0x0,
    0x1c, 0xff, 0xff, 0xff, 0x48, 0x0, 0x0, 0x0,
    0x26, 0xff, 0xff, 0xff, 0x1d, 0x0, 0x1c, 0xff,
    0xff, 0xff, 0x48, 0x0, 0x0, 0x0, 0x0, 0xdf,
    0xff, 0xff, 0x64, 0x0, 0x1c, 0xff, 0xff, 0xff,
    0x48, 0x0, 0x0, 0x0, 0x0, 0x98, 0xff, 0xff,
    0xac, 0x0, 0x1c, 0xff, 0xff, 0xff, 0x48, 0x0,
    0x0, 0x0, 0x0, 0x52, 0xff, 0xff, 0xf0, 0x4,
    0x1c, 0xff, 0xff, 0xff, 0x48, 0x0, 0x0, 0x0,
    0x0, 0xf, 0xfc, 0xff, 0xff, 0x3c,

    /* U+0053 "S" */
    0x0, 0x0, 0x21, 0x96, 0xdd, 0xfb, 0xfa, 0xdd,
    0x99, 0x26, 0x0, 0x0, 0x0, 0x0, 0x46, 0xf4,
    0xff, 0xff, 0xff, 0xff, 0xff, 0xff, 0xf5, 0x45,
    0x0, 0x0, 0x14, 0xef, 0xff, 0xff, 0xf1, 0xb6,
    0xba, 0xf5, 0xff, 0xff, 0xeb, 0x10, 0x0, 0x74,
    0xff, 0xff, 0xd2, 0x12, 0x0, 0x0, 0x1b, 0xdd,
    0xff, 0xff, 0x72, 0x0, 0xaf, 0xff, 0xff, 0x60,
    0x0, 0x0, 0x0, 0x0, 0x57, 0xff, 0xff, 0xc0,
    0x0, 0xc1, 0xff, 0xff, 0x48, 0x0, 0x0, 0x0,
    0x0, 0x12, 0xff, 0xff, 0xf2, 0x0, 0xb9, 0xff,
    0xff, 0x67, 0x0, 0x0, 0x0, 0x0, 0x0, 0xe5,
    0xc6, 0x7f, 0x2, 0x93, 0xff, 0xff, 0xd1, 0x6,
    0x0, 0x0, 0x0, 0x0, 0x9, 0x0, 0x0, 0x0,
    0x47, 0xff, 0xff, 0xff, 0xa6, 0x4, 0x0, 0x0,
    0x0, 0x0, 0x0, 0x0, 0x0, 0x1, 0xc2, 0xff,
    0xff, 0xff, 0xb8, 0xc, 0x0, 0x0, 0x0, 0x0,
    0x0, 0x0, 0x0, 0x1b, 0xdf, 0xff, 0xff, 0xff,
    0xcd, 0x18, 0x0, 0x0, 0x0, 0x0, 0x0, 0x0,
    0x0, 0x1c, 0xd2, 0xff, 0xff, 0xff, 0xe0, 0x28,
    0x0, 0x0, 0x0, 0x0, 0x0, 0x0, 0x0, 0xf,
    0xbd, 0xff, 0xff, 0xff, 0xed, 0x38, 0x0, 0x0,
    0x0, 0x0, 0x0, 0x0, 0x0, 0x6, 0xa6, 0xff,
    0xff, 0xff, 0xf1, 0x2f, 0x0, 0x0, 0x0, 0x0,
    0x0, 0x0, 0x0, 0x1, 0x89, 0xff, 0xff, 0xff,
    0xdd, 0xd, 0x0, 0x0, 0x0, 0x0, 0x0, 0x0,
    0x0, 0x0, 0x7f, 0xff, 0xff, 0xff, 0x8e, 0x0,
    0x0, 0x0, 0x0, 0x0, 0x0, 0x0, 0x0, 0x0,
    0xa2, 0xff, 0xff, 0xf6, 0xb, 0x3b, 0x86, 0xcd,
    0x38, 0x0, 0x0, 0x0, 0x0, 0x12, 0xf9, 0xff,
    0xff, 0x47, 0xc3, 0xff, 0xff, 0x5e, 0x0, 0x0,
    0x0, 0x0, 0x0, 0xc8, 0xff, 0xff, 0x68, 0x9e,
    0xff, 0xff, 0x95, 0x0, 0x0, 0x0, 0x0, 0x0,
    0xb8, 0xff, 0xff, 0x6b, 0x5d, 0xff, 0xff, 0xea,
    0xb, 0x0, 0x0, 0x0, 0x0, 0xdc, 0xff, 0xff,
    0x4e, 0xe, 0xf1, 0xff, 0xff, 0xa5, 0x7, 0x0,
    0x0, 0x6d, 0xff, 0xff, 0xf8, 0x10, 0x0, 0x72,
    0xff, 0xff, 0xff, 0xeb, 0xc1, 0xdb, 0xff, 0xff,
    0xff, 0x89, 0x0, 0x0, 0x1, 0x93, 0xff, 0xff,
    0xff, 0xff, 0xff, 0xff, 0xff, 0xb0, 0x6, 0x0,
    0x0, 0x0, 0x0, 0x49, 0xb3, 0xea, 0xfc, 0xef,
    0xbe, 0x5a, 0x1, 0x0, 0x0,

    /* U+0054 "T" */
    0x8c, 0xff, 0xff, 0xff, 0xff, 0xff, 0xff, 0xff,
    0xff, 0xff, 0xff, 0xf0, 0x8c, 0xff, 0xff, 0xff,
    0xff, 0xff, 0xff, 0xff, 0xff, 0xff, 0xff, 0xf0,
    0x53, 0x98, 0x98, 0x98, 0xc6, 0xff, 0xff, 0xfb,
    0x98, 0x98, 0x98, 0x8f, 0x0, 0x0, 0x0, 0x0,
    0x70, 0xff, 0xff, 0xf4, 0x0, 0x0, 0x0, 0x0,
    0x0, 0x0, 0x0, 0x0, 0x70, 0xff, 0xff, 0xf4,
    0x0, 0x0, 0x0, 0x0, 0x0, 0x0, 0x0, 0x0,
    0x70, 0xff, 0xff, 0xf4, 0x0, 0x0, 0x0, 0x0,
    0x0, 0x0, 0x0, 0x0, 0x70, 0xff, 0xff, 0xf4,
    0x0, 0x0, 0x0, 0x0, 0x0, 0x0, 0x0, 0x0,
    0x70, 0xff, 0xff, 0xf4, 0x0, 0x0, 0x0, 0x0,
    0x0, 0x0, 0x0, 0x0, 0x70, 0xff, 0xff, 0xf4,
    0x0, 0x0, 0x0, 0x0, 0x0, 0x0, 0x0, 0x0,
    0x70, 0xff, 0xff, 0xf4, 0x0, 0x0, 0x0, 0x0,
    0x0, 0x0, 0x0, 0x0, 0x70, 0xff, 0xff, 0xf4,
    0x0, 0x0, 0x0, 0x0, 0x0, 0x0, 0x0, 0x0,
    0x70, 0xff, 0xff, 0xf4, 0x0, 0x0, 0x0, 0x0,
    0x0, 0x0, 0x0, 0x0, 0x70, 0xff, 0xff, 0xf4,
    0x0, 0x0, 0x0, 0x0, 0x0, 0x0, 0x0, 0x0,
    0x70, 0xff, 0xff, 0xf4, 0x0, 0x0, 0x0, 0x0,
    0x0, 0x0, 0x0, 0x0, 0x70, 0xff, 0xff, 0xf4,
    0x0, 0x0, 0x0, 0x0, 0x0, 0x0, 0x0, 0x0,
    0x70, 0xff, 0xff, 0xf4, 0x0, 0x0, 0x0, 0x0,
    0x0, 0x0, 0x0, 0x0, 0x70, 0xff, 0xff, 0xf4,
    0x0, 0x0, 0x0, 0x0, 0x0, 0x0, 0x0, 0x0,
    0x70, 0xff, 0xff, 0xf4, 0x0, 0x0, 0x0, 0x0,
    0x0, 0x0, 0x0, 0x0, 0x70, 0xff, 0xff, 0xf4,
    0x0, 0x0, 0x0, 0x0, 0x0, 0x0, 0x0, 0x0,
    0x70, 0xff, 0xff, 0xf4, 0x0, 0x0, 0x0, 0x0,
    0x0, 0x0, 0x0, 0x0, 0x70, 0xff, 0xff, 0xf4,
    0x0, 0x0, 0x0, 0x0, 0x0, 0x0, 0x0, 0x0,
    0x70, 0xff, 0xff, 0xf4, 0x0, 0x0, 0x0, 0x0,
    0x0, 0x0, 0x0, 0x0, 0x70, 0xff, 0xff, 0xf4,
    0x0, 0x0, 0x0, 0x0, 0x0, 0x0, 0x0, 0x0,
    0x70, 0xff, 0xff, 0xf4, 0x0, 0x0, 0x0, 0x0,
    0x0, 0x0, 0x0, 0x0, 0x70, 0xff, 0xff, 0xf4,
    0x0, 0x0, 0x0, 0x0,

    /* U+0055 "U" */
    0x50, 0xff, 0xff, 0xec, 0x0, 0x0, 0x0, 0x0,
    0x0, 0x0, 0x98, 0xff, 0xff, 0x9c, 0x50, 0xff,
    0xff, 0xec, 0x0, 0x0, 0x0, 0x0, 0x0, 0x0,
    0x98, 0xff, 0xff, 0x9c, 0x50, 0xff, 0xff, 0xec,
    0x0, 0x0, 0x0, 0x0, 0x0, 0x0, 0x98, 0xff,
    0xff, 0x9c, 0x50, 0xff, 0xff, 0xec, 0x0, 0x0,
    0x0, 0x0, 0x0, 0x0, 0x98, 0xff, 0xff, 0x9c,
    0x50, 0xff, 0xff, 0xec, 0x0, 0x0, 0x0, 0x0,
    0x0, 0x0, 0x98, 0xff, 0xff, 0x9c, 0x50, 0xff,
    0xff, 0xec, 0x0, 0x0, 0x0, 0x0, 0x0, 0x0,
    0x98, 0xff, 0xff, 0x9c, 0x50, 0xff, 0xff, 0xec,
    0x0, 0x0, 0x0, 0x0, 0x0, 0x0, 0x98, 0xff,
    0xff, 0x9c, 0x50, 0xff, 0xff, 0xec, 0x0, 0x0,
    0x0, 0x0, 0x0, 0x0, 0x98, 0xff, 0xff, 0x9c,
    0x50, 0xff, 0xff, 0xec, 0x0, 0x0, 0x0, 0x0,
    0x0, 0x0, 0x98, 0xff, 0xff, 0x9c, 0x50, 0xff,
    0xff, 0xec, 0x0, 0x0, 0x0, 0x0, 0x0, 0x0,
    0x98, 0xff, 0xff, 0x9c, 0x50, 0xff, 0xff, 0xec,
    0x0, 0x0, 0x0, 0x0, 0x0, 0x0, 0x98, 0xff,
    0xff, 0x9c, 0x50, 0xff, 0xff, 0xec, 0x0, 0x0,
    0x0, 0x0, 0x0, 0x0, 0x98, 0xff, 0xff, 0x9c,
    0x50, 0xff, 0xff, 0xec, 0x0, 0x0, 0x0, 0x0,
    0x0, 0x0, 0x98, 0xff, 0xff, 0x9c, 0x50, 0xff,
    0xff, 0xec, 0x0, 0x0, 0x0, 0x0, 0x0, 0x0,
    0x98, 0xff, 0xff, 0x9c, 0x50, 0xff, 0xff, 0xec,
    0x0, 0x0, 0x0, 0x0, 0x0, 0x0, 0x98, 0xff,
    0xff, 0x9c, 0x50, 0xff, 0xff, 0xec, 0x0, 0x0,
    0x0, 0x0, 0x0, 0x0, 0x98, 0xff, 0xff, 0x9c,
    0x4f, 0xff, 0xff, 0xec, 0x0, 0x0, 0x0, 0x0,
    0x0, 0x0, 0x98, 0xff, 0xff, 0x9b, 0x48, 0xff,
    0xff, 0xf3, 0x0, 0x0, 0x0, 0x0, 0x0, 0x0,
    0x9f, 0xff, 0xff, 0x94, 0x36, 0xff, 0xff, 0xff,
    0x6, 0x0, 0x0, 0x0, 0x0, 0x0, 0xb1, 0xff,
    0xff, 0x81, 0x16, 0xff, 0xff, 0xff, 0x28, 0x0,
    0x0, 0x0, 0x0, 0x0, 0xd4, 0xff, 0xff, 0x62,
    0x0, 0xe6, 0xff, 0xff, 0x72, 0x0, 0x0, 0x0,
    0x0, 0x20, 0xfe, 0xff, 0xff, 0x32, 0x0, 0x9b,
    0xff, 0xff, 0xed, 0x2e, 0x0, 0x0, 0xc, 0xb9,
    0xff, 0xff, 0xe6, 0x2, 0x0, 0x28, 0xf9, 0xff,
    0xff, 0xfd, 0xcd, 0xc3, 0xf2, 0xff, 0xff, 0xff,
    0x6d, 0x0, 0x0, 0x0, 0x5d, 0xfc, 0xff, 0xff,
    0xff, 0xff, 0xff, 0xff, 0xff, 0xa4, 0x2, 0x0,
    0x0, 0x0, 0x0, 0x30, 0xa0, 0xde, 0xfa, 0xfe,
    0xea, 0xb8, 0x59, 0x1, 0x0, 0x0,

    /* U+0056 "V" */
    0x34, 0xff, 0xff, 0xf7, 0x5, 0x0, 0x0, 0x0,
    0x0, 0x0, 0x0, 0xba, 0xff, 0xff, 0x58, 0x5,
    0xf7, 0xff, 0xff, 0x30, 0x0, 0x0, 0x0, 0x0,
    0x0, 0x0, 0xed, 0xff, 0xff, 0x22, 0x0, 0xc4,
    0xff, 0xff, 0x65, 0x0, 0x0, 0x0, 0x0, 0x0,
    0x20, 0xff, 0xff, 0xea, 0x0, 0x0, 0x8e, 0xff,
    0xff, 0x9b, 0x0, 0x0, 0x0, 0x0, 0x0, 0x52,
    0xff, 0xff, 0xb4, 0x0, 0x0, 0x57, 0xff, 0xff,
    0xcf, 0x0, 0x0, 0x0, 0x0, 0x0, 0x86, 0xff,
    0xff, 0x7d, 0x0, 0x0, 0x1e, 0xff, 0xff, 0xfb,
    0x9, 0x0, 0x0, 0x0, 0x0, 0xb8, 0xff, 0xff,
    0x45, 0x0, 0x0, 0x0, 0xe6, 0xff, 0xff, 0x39,
    0x0, 0x0, 0x0, 0x0, 0xeb, 0xff, 0xff, 0x11,
    0x0, 0x0, 0x0, 0xae, 0xff, 0xff, 0x6f, 0x0,
    0x0, 0x0, 0x1e, 0xff, 0xff, 0xd8, 0x0, 0x0,
    0x0, 0x0, 0x77, 0xff, 0xff, 0xa4, 0x0, 0x0,
    0x0, 0x51, 0xff, 0xff, 0xa1, 0x0, 0x0, 0x0,
    0x0, 0x40, 0xff, 0xff, 0xd9, 0x0, 0x0, 0x0,
    0x84, 0xff, 0xff, 0x69, 0x0, 0x0, 0x0, 0x0,
    0xb, 0xfd, 0xff, 0xff, 0x10, 0x0, 0x0, 0xb7,
    0xff, 0xff, 0x34, 0x0, 0x0, 0x0, 0x0, 0x0,
    0xd0, 0xff, 0xff, 0x44, 0x0, 0x0, 0xea, 0xff,
    0xf7, 0x5, 0x0, 0x0, 0x0, 0x0, 0x0, 0x98,
    0xff, 0xff, 0x79, 0x0, 0x1e, 0xff, 0xff, 0xc5,
    0x0, 0x0, 0x0, 0x0, 0x0, 0x0, 0x60, 0xff,
    0xff, 0xaf, 0x0, 0x51, 0xff, 0xff, 0x8f, 0x0,
    0x0, 0x0, 0x0, 0x0, 0x0, 0x28, 0xff, 0xff,
    0xe3, 0x0, 0x84, 0xff, 0xff, 0x58, 0x0, 0x0,
    0x0, 0x0, 0x0, 0x0, 0x1, 0xf0, 0xff, 0xff,
    0x18, 0xb7, 0xff, 0xff, 0x21, 0x0, 0x0, 0x0,
    0x0, 0x0, 0x0, 0x0, 0xba, 0xff, 0xff, 0x4d,
    0xea, 0xff, 0xe9, 0x0, 0x0, 0x0, 0x0, 0x0,
    0x0, 0x0, 0x0, 0x82, 0xff, 0xff, 0xa0, 0xff,
    0xff, 0xb4, 0x0, 0x0, 0x0, 0x0, 0x0, 0x0,
    0x0, 0x0, 0x4a, 0xff, 0xff, 0xf6, 0xff, 0xff,
    0x7c, 0x0, 0x0, 0x0, 0x0, 0x0, 0x0, 0x0,
    0x0, 0x13, 0xff, 0xff, 0xff, 0xff, 0xff, 0x45,
    0x0, 0x0, 0x0, 0x0, 0x0, 0x0, 0x0, 0x0,
    0x0, 0xda, 0xff, 0xff, 0xff, 0xff, 0x10, 0x0,
    0x0, 0x0, 0x0, 0x0, 0x0, 0x0, 0x0, 0x0,
    0xa4, 0xff, 0xff, 0xff, 0xd8, 0x0, 0x0, 0x0,
    0x0, 0x0, 0x0, 0x0, 0x0, 0x0, 0x0, 0x6c,
    0xff, 0xff, 0xff, 0xa1, 0x0, 0x0, 0x0, 0x0,
    0x0, 0x0, 0x0, 0x0, 0x0, 0x0, 0x34, 0xff,
    0xff, 0xff, 0x69, 0x0, 0x0, 0x0, 0x0, 0x0,
    0x0, 0x0, 0x0, 0x0, 0x0, 0x5, 0xf7, 0xff,
    0xff, 0x34, 0x0, 0x0, 0x0, 0x0, 0x0,

    /* U+0057 "W" */
    0xd8, 0xff, 0xf8, 0x2, 0x0, 0x0, 0x0, 0x0,
    0x4e, 0xff, 0xff, 0x47, 0x0, 0x0, 0x0, 0x0,
    0xb, 0xff, 0xff, 0xb8, 0xaf, 0xff, 0xff, 0x1f,
    0x0, 0x0, 0x0, 0x0, 0x7e, 0xff, 0xff, 0x76,
    0x0, 0x0, 0x0, 0x0, 0x2e, 0xff, 0xff, 0x90,
    0x87, 0xff, 0xff, 0x45, 0x0, 0x0, 0x0, 0x0,
    0xad, 0xff, 0xff, 0xa6, 0x0, 0x0, 0x0, 0x0,
    0x52, 0xff, 0xff, 0x68, 0x5e, 0xff, 0xff, 0x6a,
    0x0, 0x0, 0x0, 0x0, 0xda, 0xff, 0xff, 0xd3,
    0x0, 0x0, 0x0, 0x0, 0x77, 0xff, 0xff, 0x40,
    0x36, 0xff, 0xff, 0x8f, 0x0, 0x0, 0x0, 0xc,
    0xfe, 0xff, 0xff, 0xfb, 0x7, 0x0, 0x0, 0x0,
    0x9b, 0xff, 0xff, 0x18, 0xd, 0xff, 0xff, 0xb5,
    0x0, 0x0, 0x0, 0x38, 0xff, 0xff, 0xff, 0xff,
    0x32, 0x0, 0x0, 0x0, 0xbf, 0xff, 0xf0, 0x0,
    0x0, 0xe4, 0xff, 0xda, 0x0, 0x0, 0x0, 0x66,
    0xff, 0xfe, 0xf5, 0xff, 0x5f, 0x0, 0x0, 0x0,
    0xe3, 0xff, 0xc8, 0x0, 0x0, 0xbc, 0xff, 0xfb,
    0x4, 0x0, 0x0, 0x96, 0xff, 0xdb, 0xc5, 0xff,
    0x8e, 0x0, 0x0, 0x9, 0xfe, 0xff, 0xa0, 0x0,
    0x0, 0x92, 0xff, 0xff, 0x23, 0x0, 0x0, 0xc3,
    0xff, 0xad, 0x96, 0xff, 0xbe, 0x0, 0x0, 0x2b,
    0xff, 0xff, 0x78, 0x0, 0x0, 0x6a, 0xff, 0xff,
    0x49, 0x0, 0x1, 0xf1, 0xff, 0x7e, 0x66, 0xff,
    0xeb, 0x0, 0x0, 0x4f, 0xff, 0xff, 0x50, 0x0,
    0x0, 0x42, 0xff, 0xff, 0x6e, 0x0, 0x22, 0xff,
    0xff, 0x4e, 0x38, 0xff, 0xff, 0x1a, 0x0, 0x73,
    0xff, 0xff, 0x28, 0x0, 0x0, 0x18, 0xff, 0xff,
    0x93, 0x0, 0x4e, 0xff, 0xff, 0x1e, 0xc, 0xfe,
    0xff, 0x4a, 0x0, 0x97, 0xff, 0xfb, 0x5, 0x0,
    0x0, 0x0, 0xf0, 0xff, 0xb9, 0x0, 0x7e, 0xff,
    0xee, 0x1, 0x0, 0xda, 0xff, 0x78, 0x0, 0xbb,
    0xff, 0xd8, 0x0, 0x0, 0x0, 0x0, 0xc8, 0xff,
    0xde, 0x0, 0xad, 0xff, 0xc0, 0x0, 0x0, 0xaa,
    0xff, 0xa6, 0x0, 0xe0, 0xff, 0xb0, 0x0, 0x0,
    0x0, 0x0, 0x9f, 0xff, 0xfc, 0x6, 0xda, 0xff,
    0x91, 0x0, 0x0, 0x7d, 0xff, 0xd6, 0x6, 0xfe,
    0xff, 0x88, 0x0, 0x0, 0x0, 0x0, 0x76, 0xff,
    0xff, 0x35, 0xfe, 0xff, 0x62, 0x0, 0x0, 0x4e,
    0xff, 0xfc, 0x30, 0xff, 0xff, 0x60, 0x0, 0x0,
    0x0, 0x0, 0x4d, 0xff, 0xff, 0x85, 0xff, 0xff,
    0x32, 0x0, 0x0, 0x1e, 0xff, 0xff, 0x7d, 0xff,
    0xff, 0x38, 0x0, 0x0, 0x0, 0x0, 0x25, 0xff,
    0xff, 0xd8, 0xff, 0xfb, 0x7, 0x0, 0x0, 0x1,
    0xef, 0xff, 0xd2, 0xff, 0xff, 0x10, 0x0, 0x0,
    0x0, 0x0, 0x4, 0xf9, 0xff, 0xff, 0xff, 0xd3,
    0x0, 0x0, 0x0, 0x0, 0xc2, 0xff, 0xff, 0xff,
    0xe8, 0x0, 0x0, 0x0, 0x0, 0x0, 0x0, 0xd4,
    0xff, 0xff, 0xff, 0xa5, 0x0, 0x0, 0x0, 0x0,
    0x92, 0xff, 0xff, 0xff, 0xc0, 0x0, 0x0, 0x0,
    0x0, 0x0, 0x0, 0xab, 0xff, 0xff, 0xff, 0x76,
    0x0, 0x0, 0x0, 0x0, 0x62, 0xff, 0xff, 0xff,
    0x98, 0x0, 0x0, 0x0, 0x0, 0x0, 0x0, 0x82,
    0xff, 0xff, 0xff, 0x46, 0x0, 0x0, 0x0, 0x0,
    0x35, 0xff, 0xff, 0xff, 0x70, 0x0, 0x0, 0x0,
    0x0, 0x0, 0x0, 0x5a, 0xff, 0xff, 0xff, 0x16,
    0x0, 0x0, 0x0, 0x0, 0x9, 0xfd, 0xff, 0xff,
    0x48, 0x0, 0x0, 0x0, 0x0, 0x0, 0x0, 0x31,
    0xff, 0xff, 0xe6, 0x0, 0x0, 0x0, 0x0, 0x0,
    0x0, 0xd6, 0xff, 0xff, 0x20, 0x0, 0x0, 0x0,
    0x0, 0x0, 0x0, 0xa, 0xfe, 0xff, 0xb6, 0x0,
    0x0, 0x0, 0x0, 0x0, 0x0, 0xa6, 0xff, 0xf6,
    0x2, 0x0, 0x0, 0x0,

    /* U+0058 "X" */
    0x4f, 0xff, 0xff, 0xd5, 0x1, 0x0, 0x0, 0x0,
    0x0, 0x0, 0x80, 0xff, 0xff, 0x9f, 0x0, 0x3,
    0xe1, 0xff, 0xff, 0x40, 0x0, 0x0, 0x0, 0x0,
    0x2, 0xe2, 0xff, 0xff, 0x34, 0x0, 0x0, 0x79,
    0xff, 0xff, 0xab, 0x0, 0x0, 0x0, 0x0, 0x44,
    0xff, 0xff, 0xc7, 0x0, 0x0, 0x0, 0x16, 0xf9,
    0xff, 0xfc, 0x1b, 0x0, 0x0, 0x0, 0xa7, 0xff,
    0xff, 0x5e, 0x0, 0x0, 0x0, 0x0, 0xa3, 0xff,
    0xff, 0x81, 0x0, 0x0, 0x10, 0xf8, 0xff, 0xeb,
    0x8, 0x0, 0x0, 0x0, 0x0, 0x39, 0xff, 0xff,
    0xe7, 0x5, 0x0, 0x6c, 0xff, 0xff, 0x87, 0x0,
    0x0, 0x0, 0x0, 0x0, 0x0, 0xcd, 0xff, 0xff,
    0x57, 0x0, 0xcc, 0xff, 0xfd, 0x20, 0x0, 0x0,
    0x0, 0x0, 0x0, 0x0, 0x62, 0xff, 0xff, 0xc1,
    0x2e, 0xff, 0xff, 0xb1, 0x0, 0x0, 0x0, 0x0,
    0x0, 0x0, 0x0, 0xa, 0xef, 0xff, 0xff, 0xba,
    0xff, 0xff, 0x47, 0x0, 0x0, 0x0, 0x0, 0x0,
    0x0, 0x0, 0x0, 0x8d, 0xff, 0xff, 0xff, 0xff,
    0xdb, 0x1, 0x0, 0x0, 0x0, 0x0, 0x0, 0x0,
    0x0, 0x0, 0x24, 0xfe, 0xff, 0xff, 0xff, 0x71,
    0x0, 0x0, 0x0, 0x0, 0x0, 0x0, 0x0, 0x0,
    0x0, 0x0, 0xba, 0xff, 0xff, 0xf5, 0x10, 0x0,
    0x0, 0x0, 0x0, 0x0, 0x0, 0x0, 0x0, 0x0,
    0x0, 0xc6, 0xff, 0xff, 0xe0, 0x2, 0x0, 0x0,
    0x0, 0x0, 0x0, 0x0, 0x0, 0x0, 0x0, 0x29,
    0xff, 0xff, 0xff, 0xff, 0x47, 0x0, 0x0, 0x0,
    0x0, 0x0, 0x0, 0x0, 0x0, 0x0, 0x8c, 0xff,
    0xff, 0xff, 0xff, 0xb3, 0x0, 0x0, 0x0, 0x0,
    0x0, 0x0, 0x0, 0x0, 0x5, 0xeb, 0xff, 0xf4,
    0xfb, 0xff, 0xfd, 0x1f, 0x0, 0x0, 0x0, 0x0,
    0x0, 0x0, 0x0, 0x53, 0xff, 0xff, 0xa0, 0xaa,
    0xff, 0xff, 0x87, 0x0, 0x0, 0x0, 0x0, 0x0,
    0x0, 0x0, 0xb5, 0xff, 0xff, 0x43, 0x3e, 0xff,
    0xff, 0xea, 0x7, 0x0, 0x0, 0x0, 0x0, 0x0,
    0x1c, 0xfd, 0xff, 0xe5, 0x2, 0x0, 0xd2, 0xff,
    0xff, 0x5c, 0x0, 0x0, 0x0, 0x0, 0x0, 0x7c,
    0xff, 0xff, 0x8a, 0x0, 0x0, 0x67, 0xff, 0xff,
    0xc7, 0x0, 0x0, 0x0, 0x0, 0x1, 0xde, 0xff,
    0xff, 0x2d, 0x0, 0x0, 0xb, 0xef, 0xff, 0xff,
    0x31, 0x0, 0x0, 0x0, 0x42, 0xff, 0xff, 0xd0,
    0x0, 0x0, 0x0, 0x0, 0x8e, 0xff, 0xff, 0x9c,
    0x0, 0x0, 0x0, 0xa4, 0xff, 0xff, 0x74, 0x0,
    0x0, 0x0, 0x0, 0x24, 0xfe, 0xff, 0xf5, 0x10,
    0x0, 0x10, 0xf8, 0xff, 0xfd, 0x1a, 0x0, 0x0,
    0x0, 0x0, 0x0, 0xb6, 0xff, 0xff, 0x71, 0x0,
    0x6c, 0xff, 0xff, 0xbb, 0x0, 0x0, 0x0, 0x0,
    0x0, 0x0, 0x4a, 0xff, 0xff, 0xd9, 0x1,

    /* U+0059 "Y" */
    0x7a, 0xff, 0xff, 0xaa, 0x0, 0x0, 0x0, 0x0,
    0x0, 0x0, 0x42, 0xff, 0xff, 0xe5, 0x2, 0x27,
    0xff, 0xff, 0xf3, 0x7, 0x0, 0x0, 0x0, 0x0,
    0x0, 0x91, 0xff, 0xff, 0x94, 0x0, 0x0, 0xd4,
    0xff, 0xff, 0x4a, 0x0, 0x0, 0x0, 0x0, 0x0,
    0xdf, 0xff, 0xff, 0x42, 0x0, 0x0, 0x82, 0xff,
    0xff, 0x98, 0x0, 0x0, 0x0, 0x0, 0x2c, 0xff,
    0xff, 0xeb, 0x3, 0x0, 0x0, 0x2e, 0xff, 0xff,
    0xe5, 0x1, 0x0, 0x0, 0x0, 0x7a, 0xff, 0xff,
    0x9c, 0x0, 0x0, 0x0, 0x0, 0xda, 0xff, 0xff,
    0x36, 0x0, 0x0, 0x0, 0xc6, 0xff, 0xff, 0x4a,
    0x0, 0x0, 0x0, 0x0, 0x88, 0xff, 0xff, 0x86,
    0x0, 0x0, 0x17, 0xfe, 0xff, 0xf1, 0x6, 0x0,
    0x0, 0x0, 0x0, 0x35, 0xff, 0xff, 0xd3, 0x0,
    0x0, 0x62, 0xff, 0xff, 0xa6, 0x0, 0x0, 0x0,
    0x0, 0x0, 0x1, 0xe1, 0xff, 0xff, 0x22, 0x0,
    0xb0, 0xff, 0xff, 0x52, 0x0, 0x0, 0x0, 0x0,
    0x0, 0x0, 0x8e, 0xff, 0xff, 0x72, 0x9, 0xf5,
    0xff, 0xf5, 0xa, 0x0, 0x0, 0x0, 0x0, 0x0,
    0x0, 0x3c, 0xff, 0xff, 0xc2, 0x4b, 0xff, 0xff,
    0xad, 0x0, 0x0, 0x0, 0x0, 0x0, 0x0, 0x0,
    0x2, 0xe7, 0xff, 0xfc, 0xac, 0xff, 0xff, 0x5a,
    0x0, 0x0, 0x0, 0x0, 0x0, 0x0, 0x0, 0x0,
    0x96, 0xff, 0xff, 0xff, 0xff, 0xf9, 0xe, 0x0,
    0x0, 0x0, 0x0, 0x0, 0x0, 0x0, 0x0, 0x42,
    0xff, 0xff, 0xff, 0xff, 0xb5, 0x0, 0x0, 0x0,
    0x0, 0x0, 0x0, 0x0, 0x0, 0x0, 0x4, 0xeb,
    0xff, 0xff, 0xff, 0x62, 0x0, 0x0, 0x0, 0x0,
    0x0, 0x0, 0x0, 0x0, 0x0, 0x0, 0x9c, 0xff,
    0xff, 0xfc, 0x13, 0x0, 0x0, 0x0, 0x0, 0x0,
    0x0, 0x0, 0x0, 0x0, 0x0, 0x65, 0xff, 0xff,
    0xd9, 0x0, 0x0, 0x0, 0x0, 0x0, 0x0, 0x0,
    0x0, 0x0, 0x0, 0x0, 0x64, 0xff, 0xff, 0xd8,
    0x0, 0x0, 0x0, 0x0, 0x0, 0x0, 0x0, 0x0,
    0x0, 0x0, 0x0, 0x64, 0xff, 0xff, 0xd8, 0x0,
    0x0, 0x0, 0x0, 0x0, 0x0, 0x0, 0x0, 0x0,
    0x0, 0x0, 0x64, 0xff, 0xff, 0xd8, 0x0, 0x0,
    0x0, 0x0, 0x0, 0x0, 0x0, 0x0, 0x0, 0x0,
    0x0, 0x64, 0xff, 0xff, 0xd8, 0x0, 0x0, 0x0,
    0x0, 0x0, 0x0, 0x0, 0x0, 0x0, 0x0, 0x0,
    0x64, 0xff, 0xff, 0xd8, 0x0, 0x0, 0x0, 0x0,
    0x0, 0x0, 0x0, 0x0, 0x0, 0x0, 0x0, 0x64,
    0xff, 0xff, 0xd8, 0x0, 0x0, 0x0, 0x0, 0x0,
    0x0, 0x0, 0x0, 0x0, 0x0, 0x0, 0x64, 0xff,
    0xff, 0xd8, 0x0, 0x0, 0x0, 0x0, 0x0, 0x0,
    0x0, 0x0, 0x0, 0x0, 0x0, 0x64, 0xff, 0xff,
    0xd8, 0x0, 0x0, 0x0, 0x0, 0x0, 0x0,

    /* U+005A "Z" */
    0x68, 0xff, 0xff, 0xff, 0xff, 0xff, 0xff, 0xff,
    0xff, 0xff, 0xe0, 0x68, 0xff, 0xff, 0xff, 0xff,
    0xff, 0xff, 0xff, 0xff, 0xff, 0xd5, 0x34, 0x80,
    0x80, 0x80, 0x80, 0x80, 0x80, 0xe8, 0xff, 0xff,
    0x85, 0x0, 0x0, 0x0, 0x0, 0x0, 0x0, 0x17,
    0xfc, 0xff, 0xff, 0x2a, 0x0, 0x0, 0x0, 0x0,
    0x0, 0x0, 0x6e, 0xff, 0xff, 0xce, 0x0, 0x0,
    0x0, 0x0, 0x0, 0x0, 0x0, 0xca, 0xff, 0xff,
    0x72, 0x0, 0x0, 0x0, 0x0, 0x0, 0x0, 0x26,
    0xff, 0xff, 0xfd, 0x19, 0x0, 0x0, 0x0, 0x0,
    0x0, 0x0, 0x81, 0xff, 0xff, 0xbb, 0x0, 0x0,
    0x0, 0x0, 0x0, 0x0, 0x1, 0xdb, 0xff, 0xff,
    0x5f, 0x0, 0x0, 0x0, 0x0, 0x0, 0x0, 0x37,
    0xff, 0xff, 0xf6, 0xd, 0x0, 0x0, 0x0, 0x0,
    0x0, 0x0, 0x93, 0xff, 0xff, 0xa7, 0x0, 0x0,
    0x0, 0x0, 0x0, 0x0, 0x4, 0xea, 0xff, 0xff,
    0x4b, 0x0, 0x0, 0x0, 0x0, 0x0, 0x0, 0x49,
    0xff, 0xff, 0xeb, 0x4, 0x0, 0x0, 0x0, 0x0,
    0x0, 0x0, 0xa5, 0xff, 0xff, 0x94, 0x0, 0x0,
    0x0, 0x0, 0x0, 0x0, 0xc, 0xf4, 0xff, 0xff,
    0x38, 0x0, 0x0, 0x0, 0x0, 0x0, 0x0, 0x5b,
    0xff, 0xff, 0xdb, 0x1, 0x0, 0x0, 0x0, 0x0,
    0x0, 0x0, 0xb7, 0xff, 0xff, 0x80, 0x0, 0x0,
    0x0, 0x0, 0x0, 0x0, 0x16, 0xfc, 0xff, 0xff,
    0x25, 0x0, 0x0, 0x0, 0x0, 0x0, 0x0, 0x6e,
    0xff, 0xff, 0xc9, 0x0, 0x0, 0x0, 0x0, 0x0,
    0x0, 0x0, 0xc9, 0xff, 0xff, 0x6d, 0x0, 0x0,
    0x0, 0x0, 0x0, 0x0, 0x25, 0xff, 0xff, 0xfc,
    0x16, 0x0, 0x0, 0x0, 0x0, 0x0, 0x0, 0x7f,
    0xff, 0xff, 0xb5, 0x0, 0x0, 0x0, 0x0, 0x0,
    0x0, 0x0, 0xd0, 0xff, 0xff, 0xb5, 0x7c, 0x7c,
    0x7c, 0x7c, 0x7c, 0x7c, 0x6d, 0xdc, 0xff, 0xff,
    0xff, 0xff, 0xff, 0xff, 0xff, 0xff, 0xff, 0xe0,
    0xdc, 0xff, 0xff, 0xff, 0xff, 0xff, 0xff, 0xff,
    0xff, 0xff, 0xe0,

    /* U+005B "[" */
    0x1c, 0xff, 0xff, 0xff, 0xff, 0xff, 0xff, 0x7c,
    0x1c, 0xff, 0xff, 0xff, 0xbb, 0xb4, 0xb4, 0x57,
    0x1c, 0xff, 0xff, 0xff, 0x18, 0x0, 0x0, 0x0,
    0x1c, 0xff, 0xff, 0xff, 0x18, 0x0, 0x0, 0x0,
    0x1c, 0xff, 0xff, 0xff, 0x18, 0x0, 0x0, 0x0,
    0x1c, 0xff, 0xff, 0xff, 0x18, 0x0, 0x0, 0x0,
    0x1c, 0xff, 0xff, 0xff, 0x18, 0x0, 0x0, 0x0,
    0x1c, 0xff, 0xff, 0xff, 0x18, 0x0, 0x0, 0x0,
    0x1c, 0xff, 0xff, 0xff, 0x18, 0x0, 0x0, 0x0,
    0x1c, 0xff, 0xff, 0xff, 0x18, 0x0, 0x0, 0x0,
    0x1c, 0xff, 0xff, 0xff, 0x18, 0x0, 0x0, 0x0,
    0x1c, 0xff, 0xff, 0xff, 0x18, 0x0, 0x0, 0x0,
    0x1c, 0xff, 0xff, 0xff, 0x18, 0x0, 0x0, 0x0,
    0x1c, 0xff, 0xff, 0xff, 0x18, 0x0, 0x0, 0x0,
    0x1c, 0xff, 0xff, 0xff, 0x18, 0x0, 0x0, 0x0,
    0x1c, 0xff, 0xff, 0xff, 0x18, 0x0, 0x0, 0x0,
    0x1c, 0xff, 0xff, 0xff, 0x18, 0x0, 0x0, 0x0,
    0x1c, 0xff, 0xff, 0xff, 0x18, 0x0, 0x0, 0x0,
    0x1c, 0xff, 0xff, 0xff, 0x18, 0x0, 0x0, 0x0,
    0x1c, 0xff, 0xff, 0xff, 0x18, 0x0, 0x0, 0x0,
    0x1c, 0xff, 0xff, 0xff, 0x18, 0x0, 0x0, 0x0,
    0x1c, 0xff, 0xff, 0xff, 0x18, 0x0, 0x0, 0x0,
    0x1c, 0xff, 0xff, 0xff, 0x18, 0x0, 0x0, 0x0,
    0x1c, 0xff, 0xff, 0xff, 0x18, 0x0, 0x0, 0x0,
    0x1c, 0xff, 0xff, 0xff, 0x18, 0x0, 0x0, 0x0,
    0x1c, 0xff, 0xff, 0xff, 0x18, 0x0, 0x0, 0x0,
    0x1c, 0xff, 0xff, 0xff, 0x18, 0x0, 0x0, 0x0,
    0x1c, 0xff, 0xff, 0xff, 0x18, 0x0, 0x0, 0x0,
    0x1c, 0xff, 0xff, 0xff, 0xb8, 0xb0, 0xb0, 0x55,
    0x1c, 0xff, 0xff, 0xff, 0xff, 0xff, 0xff, 0x7c,

    /* U+005C "\\" */
    0x8, 0xf7, 0xff, 0xc2, 0x0, 0x0, 0x0, 0x0,
    0x0, 0x0, 0x0, 0x0, 0xbc, 0xff, 0xfa, 0xb,
    0x0, 0x0, 0x0, 0x0, 0x0, 0x0, 0x0, 0x7a,
    0xff, 0xff, 0x48, 0x0, 0x0, 0x0, 0x0, 0x0,
    0x0, 0x0, 0x35, 0xff, 0xff, 0x8c, 0x0, 0x0,
    0x0, 0x0, 0x0, 0x0, 0x0, 0x3, 0xf1, 0xff,
    0xcf, 0x0, 0x0, 0x0, 0x0, 0x0, 0x0, 0x0,
    0x0, 0xb0, 0xff, 0xfe, 0x14, 0x0, 0x0, 0x0,
    0x0, 0x0, 0x0, 0x0, 0x6d, 0xff, 0xff, 0x56,
    0x0, 0x0, 0x0, 0x0, 0x0, 0x0, 0x0, 0x2b,
    0xff, 0xff, 0x99, 0x0, 0x0, 0x0, 0x0, 0x0,
    0x0, 0x0, 0x1, 0xe8, 0xff, 0xdc, 0x0, 0x0,
    0x0, 0x0, 0x0, 0x0, 0x0, 0x0, 0xa4, 0xff,
    0xff, 0x20, 0x0, 0x0, 0x0, 0x0, 0x0, 0x0,
    0x0, 0x62, 0xff, 0xff, 0x63, 0x0, 0x0, 0x0,
    0x0, 0x0, 0x0, 0x0, 0x20, 0xff, 0xff, 0xa7,
    0x0, 0x0, 0x0, 0x0, 0x0, 0x0, 0x0, 0x0,
    0xdc, 0xff, 0xe9, 0x1, 0x0, 0x0, 0x0, 0x0,
    0x0, 0x0, 0x0, 0x99, 0xff, 0xff, 0x2d, 0x0,
    0x0, 0x0, 0x0, 0x0, 0x0, 0x0, 0x57, 0xff,
    0xff, 0x70, 0x0, 0x0, 0x0, 0x0, 0x0, 0x0,
    0x0, 0x15, 0xff, 0xff, 0xb4, 0x0, 0x0, 0x0,
    0x0, 0x0, 0x0, 0x0, 0x0, 0xd0, 0xff, 0xf3,
    0x5, 0x0, 0x0, 0x0, 0x0, 0x0, 0x0, 0x0,
    0x8e, 0xff, 0xff, 0x3b, 0x0, 0x0, 0x0, 0x0,
    0x0, 0x0, 0x0, 0x4b, 0xff, 0xff, 0x7e, 0x0,
    0x0, 0x0, 0x0, 0x0, 0x0, 0x0, 0xc, 0xfb,
    0xff, 0xc1, 0x0, 0x0, 0x0, 0x0, 0x0, 0x0,
    0x0, 0x0, 0xc5, 0xff, 0xfa, 0xb, 0x0, 0x0,
    0x0, 0x0, 0x0, 0x0, 0x0, 0x82, 0xff, 0xff,
    0x47, 0x0, 0x0, 0x0, 0x0, 0x0, 0x0, 0x0,
    0x40, 0xff, 0xff, 0x8c, 0x0, 0x0, 0x0, 0x0,
    0x0, 0x0, 0x0, 0x6, 0xf6, 0xff, 0xcf, 0x0,
    0x0, 0x0, 0x0, 0x0, 0x0, 0x0, 0x0, 0xba,
    0xff, 0xfe, 0x14,

    /* U+005D "]" */
    0x38, 0xff, 0xff, 0xff, 0xff, 0xff, 0xff, 0x68,
    0x29, 0xbc, 0xbc, 0xbc, 0xf4, 0xff, 0xff, 0x68,
    0x0, 0x0, 0x0, 0x0, 0xd4, 0xff, 0xff, 0x68,
    0x0, 0x0, 0x0, 0x0, 0xd4, 0xff, 0xff, 0x68,
    0x0, 0x0, 0x0, 0x0, 0xd4, 0xff, 0xff, 0x68,
    0x0, 0x0, 0x0, 0x0, 0xd4, 0xff, 0xff, 0x68,
    0x0, 0x0, 0x0, 0x0, 0xd4, 0xff, 0xff, 0x68,
    0x0, 0x0, 0x0, 0x0, 0xd4, 0xff, 0xff, 0x68,
    0x0, 0x0, 0x0, 0x0, 0xd4, 0xff, 0xff, 0x68,
    0x0, 0x0, 0x0, 0x0, 0xd4, 0xff, 0xff, 0x68,
    0x0, 0x0, 0x0, 0x0, 0xd4, 0xff, 0xff, 0x68,
    0x0, 0x0, 0x0, 0x0, 0xd4, 0xff, 0xff, 0x68,
    0x0, 0x0, 0x0, 0x0, 0xd4, 0xff, 0xff, 0x68,
    0x0, 0x0, 0x0, 0x0, 0xd4, 0xff, 0xff, 0x68,
    0x0, 0x0, 0x0, 0x0, 0xd4, 0xff, 0xff, 0x68,
    0x0, 0x0, 0x0, 0x0, 0xd4, 0xff, 0xff, 0x68,
    0x0, 0x0, 0x0, 0x0, 0xd4, 0xff, 0xff, 0x68,
    0x0, 0x0, 0x0, 0x0, 0xd4, 0xff, 0xff, 0x68,
    0x0, 0x0, 0x0, 0x0, 0xd4, 0xff, 0xff, 0x68,
    0x0, 0x0, 0x0, 0x0, 0xd4, 0xff, 0xff, 0x68,
    0x0, 0x0, 0x0, 0x0, 0xd4, 0xff, 0xff, 0x68,
    0x0, 0x0, 0x0, 0x0, 0xd4, 0xff, 0xff, 0x68,
    0x0, 0x0, 0x0, 0x0, 0xd4, 0xff, 0xff, 0x68,
    0x0, 0x0, 0x0, 0x0, 0xd4, 0xff, 0xff, 0x68,
    0x0, 0x0, 0x0, 0x0, 0xd4, 0xff, 0xff, 0x68,
    0x0, 0x0, 0x0, 0x0, 0xd4, 0xff, 0xff, 0x68,
    0x0, 0x0, 0x0, 0x0, 0xd4, 0xff, 0xff, 0x68,
    0x0, 0x0, 0x0, 0x0, 0xd4, 0xff, 0xff, 0x68,
    0x27, 0xb0, 0xb0, 0xb0, 0xf2, 0xff, 0xff, 0x68,
    0x38, 0xff, 0xff, 0xff, 0xff, 0xff, 0xff, 0x68,

    /* U+005E "^" */
    0x0, 0x0, 0x0, 0x29, 0xff, 0xff, 0xff, 0x7b,
    0x0, 0x0, 0x0, 0x0, 0x0, 0x0, 0x0, 0x8e,
    0xff, 0xff, 0xff, 0xe0, 0x2, 0x0, 0x0, 0x0,
    0x0, 0x0, 0x8, 0xee, 0xff, 0xe9, 0xff, 0xff,
    0x49, 0x0, 0x0, 0x0, 0x0, 0x0, 0x5e, 0xff,
    0xff, 0x58, 0xf5, 0xff, 0xb0, 0x0, 0x0, 0x0,
    0x0, 0x0, 0xc4, 0xff, 0xee, 0x7, 0xa8, 0xff,
    0xfc, 0x1a, 0x0, 0x0, 0x0, 0x2d, 0xff, 0xff,
    0x9b, 0x0, 0x50, 0xff, 0xff, 0x7e, 0x0, 0x0,
    0x0, 0x93, 0xff, 0xff, 0x43, 0x0, 0x7, 0xf1,
    0xff, 0xe2, 0x3, 0x0, 0xa, 0xf0, 0xff, 0xe7,
    0x3, 0x0, 0x0, 0xa0, 0xff, 0xff, 0x4b, 0x0,
    0x61, 0xff, 0xff, 0x92, 0x0, 0x0, 0x0, 0x48,
    0xff, 0xff, 0xb2, 0x0, 0xc8, 0xff, 0xff, 0x38,
    0x0, 0x0, 0x0, 0x4, 0xec, 0xff, 0xfc, 0x1c,

    /* U+005F "_" */
    0x7c, 0x7c, 0x7c, 0x7c, 0x7c, 0x7c, 0x7c, 0x7c,
    0x7c, 0x7c, 0x27, 0xff, 0xff, 0xff, 0xff, 0xff,
    0xff, 0xff, 0xff, 0xff, 0xff, 0x50, 0xff, 0xff,
    0xff, 0xff, 0xff, 0xff, 0xff, 0xff, 0xff, 0xff,
    0x50,

    /* U+0060 "`" */
    0x15, 0xf1, 0xff, 0xfd, 0x13, 0x0, 0x0, 0x79,
    0xff, 0xff, 0x58, 0x0, 0x0, 0x9, 0xe1, 0xff,
    0xa2, 0x0, 0x0, 0x0, 0x5e, 0xff, 0xe9, 0x1,
    0x0, 0x0, 0x2, 0xce, 0xff, 0x33, 0x0, 0x0,
    0x0, 0x43, 0xff, 0x7c,

    /* U+0061 "a" */
    0x0, 0x0, 0xf, 0x88, 0xd9, 0xf9, 0xfb, 0xda,
    0x85, 0xa, 0x0, 0x0, 0x0, 0xe, 0xd5, 0xff,
    0xff, 0xff, 0xff, 0xff, 0xff, 0xba, 0x1, 0x0,
    0x0, 0x86, 0xff, 0xff, 0xe6, 0x80, 0x94, 0xfd,
    0xff, 0xff, 0x49, 0x0, 0x0, 0xe0, 0xff, 0xff,
    0x43, 0x0, 0x0, 0xa3, 0xff, 0xff, 0x95, 0x0,
    0x10, 0xff, 0xff, 0xff, 0xb, 0x0, 0x0, 0x74,
    0xff, 0xff, 0xbd, 0x0, 0x1a, 0xbc, 0xbc, 0xbc,
    0x3, 0x0, 0x0, 0x69, 0xff, 0xff, 0xcb, 0x0,
    0x0, 0x0, 0x0, 0x0, 0x0, 0x0, 0x0, 0x73,
    0xff, 0xff, 0xcc, 0x0, 0x0, 0x0, 0x0, 0x0,
    0x2, 0x4e, 0xbc, 0xff, 0xff, 0xff, 0xcc, 0x0,
    0x0, 0x0, 0x0, 0x41, 0xd4, 0xff, 0xff, 0xf5,
    0xff, 0xff, 0xcc, 0x0, 0x0, 0x0, 0x73, 0xfe,
    0xff, 0xf5, 0x6e, 0x6b, 0xff, 0xff, 0xcc, 0x0,
    0x0, 0x50, 0xff, 0xff, 0xe8, 0x2b, 0x0, 0x68,
    0xff, 0xff, 0xcc, 0x0, 0x0, 0xd5, 0xff, 0xff,
    0x4e, 0x0, 0x0, 0x68, 0xff, 0xff, 0xcc, 0x0,
    0x1c, 0xff, 0xff, 0xfb, 0x3, 0x0, 0x0, 0x68,
    0xff, 0xff, 0xcc, 0x0, 0x3c, 0xff, 0xff, 0xfd,
    0x5, 0x0, 0x0, 0x6f, 0xff, 0xff, 0xcc, 0x0,
    0x32, 0xff, 0xff, 0xff, 0x5a, 0x0, 0x35, 0xea,
    0xff, 0xff, 0xd2, 0x0, 0x6, 0xed, 0xff, 0xff,
    0xfd, 0xdc, 0xfe, 0xd2, 0xff, 0xff, 0xdc, 0x0,
    0x0, 0x6a, 0xff, 0xff, 0xff, 0xff, 0xef, 0x36,
    0xff, 0xff, 0xf1, 0x0, 0x0, 0x0, 0x6f, 0xe5,
    0xfa, 0xc6, 0x35, 0x0, 0xed, 0xff, 0xff, 0xc,

    /* U+0062 "b" */
    0x50, 0xff, 0xff, 0xe4, 0x0, 0x0, 0x0, 0x0,
    0x0, 0x0, 0x0, 0x0, 0x50, 0xff, 0xff, 0xe4,
    0x0, 0x0, 0x0, 0x0, 0x0, 0x0, 0x0, 0x0,
    0x50, 0xff, 0xff, 0xe4, 0x0, 0x0, 0x0, 0x0,
    0x0, 0x0, 0x0, 0x0, 0x50, 0xff, 0xff, 0xe4,
    0x0, 0x0, 0x0, 0x0, 0x0, 0x0, 0x0, 0x0,
    0x50, 0xff, 0xff, 0xe4, 0x0, 0x0, 0x0, 0x0,
    0x0, 0x0, 0x0, 0x0, 0x50, 0xff, 0xff, 0xe4,
    0x0, 0x0, 0x0, 0x0, 0x0, 0x0, 0x0, 0x0,
    0x50, 0xff, 0xff, 0xe4, 0x0, 0x0, 0x0, 0x0,
    0x0, 0x0, 0x0, 0x0, 0x50, 0xff, 0xff, 0xe4,
    0x13, 0xa0, 0xf0, 0xf9, 0xbf, 0x2a, 0x0, 0x0,
    0x50, 0xff, 0xff, 0xef, 0xdb, 0xff, 0xff, 0xff,
    0xff, 0xe5, 0x11, 0x0, 0x50, 0xff, 0xff, 0xff,
    0xf4, 0xa7, 0xa9, 0xfd, 0xff, 0xff, 0x7a, 0x0,
    0x50, 0xff, 0xff, 0xf0, 0x19, 0x0, 0x0, 0x88,
    0xff, 0xff, 0xc9, 0x0, 0x50, 0xff, 0xff, 0xe4,
    0x0, 0x0, 0x0, 0x3c, 0xff, 0xff, 0xf7, 0x1,
    0x50, 0xff, 0xff, 0xe4, 0x0, 0x0, 0x0, 0x22,
    0xff, 0xff, 0xff, 0x14, 0x50, 0xff, 0xff, 0xe4,
    0x0, 0x0, 0x0, 0x19, 0xff, 0xff, 0xff, 0x1f,
    0x50, 0xff, 0xff, 0xe4, 0x0, 0x0, 0x0, 0x18,
    0xff, 0xff, 0xff, 0x20, 0x50, 0xff, 0xff, 0xe4,
    0x0, 0x0, 0x0, 0x18, 0xff, 0xff, 0xff, 0x20,
    0x50, 0xff, 0xff, 0xe4, 0x0, 0x0, 0x0, 0x18,
    0xff, 0xff, 0xff, 0x20, 0x50, 0xff, 0xff, 0xe4,
    0x0, 0x0, 0x0, 0x18, 0xff, 0xff, 0xff, 0x20,
    0x50, 0xff, 0xff, 0xe4, 0x0, 0x0, 0x0, 0x1b,
    0xff, 0xff, 0xff, 0x1c, 0x50, 0xff, 0xff, 0xe4,
    0x0, 0x0, 0x0, 0x26, 0xff, 0xff, 0xff, 0xa,
    0x50, 0xff, 0xff, 0xe4, 0x0, 0x0, 0x0, 0x3b,
    0xff, 0xff, 0xe9, 0x0, 0x50, 0xff, 0xff, 0xed,
    0x10, 0x0, 0x0, 0x81, 0xff, 0xff, 0xb6, 0x0,
    0x50, 0xff, 0xff, 0xff, 0xf0, 0xa9, 0xa3, 0xfa,
    0xff, 0xff, 0x63, 0x0, 0x50, 0xff, 0xff, 0xf6,
    0xf0, 0xff, 0xff, 0xff, 0xff, 0xd1, 0x5, 0x0,
    0x50, 0xff, 0xff, 0xe4, 0x25, 0xb5, 0xf8, 0xf2,
    0xaa, 0x1a, 0x0, 0x0,

    /* U+0063 "c" */
    0x0, 0x0, 0x5b, 0xc4, 0xf1, 0xfd, 0xec, 0xb4,
    0x39, 0x0, 0x0, 0x0, 0x7a, 0xff, 0xff, 0xff,
    0xff, 0xff, 0xff, 0xfa, 0x38, 0x0, 0x17, 0xf9,
    0xff, 0xff, 0xa2, 0x71, 0xc3, 0xff, 0xff, 0xb2,
    0x0, 0x5f, 0xff, 0xff, 0xc6, 0x0, 0x0, 0xf,
    0xfb, 0xff, 0xf0, 0x0, 0x8c, 0xff, 0xff, 0x93,
    0x0, 0x0, 0x0, 0xdb, 0xff, 0xff, 0xd, 0xa6,
    0xff, 0xff, 0x84, 0x0, 0x0, 0x0, 0xd0, 0xff,
    0xff, 0x17, 0xb2, 0xff, 0xff, 0x80, 0x0, 0x0,
    0x0, 0x75, 0x90, 0x90, 0xe, 0xb4, 0xff, 0xff,
    0x80, 0x0, 0x0, 0x0, 0x0, 0x0, 0x0, 0x0,
    0xb4, 0xff, 0xff, 0x80, 0x0, 0x0, 0x0, 0x0,
    0x0, 0x0, 0x0, 0xb4, 0xff, 0xff, 0x80, 0x0,
    0x0, 0x0, 0x0, 0x0, 0x0, 0x0, 0xb4, 0xff,
    0xff, 0x80, 0x0, 0x0, 0x0, 0x0, 0x0, 0x0,
    0x0, 0xb2, 0xff, 0xff, 0x80, 0x0, 0x0, 0x0,
    0xb6, 0xe0, 0xe0, 0x15, 0xa6, 0xff, 0xff, 0x83,
    0x0, 0x0, 0x0, 0xd1, 0xff, 0xff, 0x16, 0x8b,
    0xff, 0xff, 0x96, 0x0, 0x0, 0x0, 0xdb, 0xff,
    0xff, 0x9, 0x5d, 0xff, 0xff, 0xce, 0x1, 0x0,
    0xd, 0xf9, 0xff, 0xe7, 0x0, 0x15, 0xf8, 0xff,
    0xff, 0xaf, 0x76, 0xc1, 0xff, 0xff, 0xa3, 0x0,
    0x0, 0x77, 0xff, 0xff, 0xff, 0xff, 0xff, 0xff,
    0xf2, 0x28, 0x0, 0x0, 0x0, 0x5d, 0xc7, 0xf4,
    0xfd, 0xea, 0xac, 0x2b, 0x0, 0x0,

    /* U+0064 "d" */
    0x0, 0x0, 0x0, 0x0, 0x0, 0x0, 0x0, 0x90,
    0xff, 0xff, 0xa4, 0x0, 0x0, 0x0, 0x0, 0x0,
    0x0, 0x0, 0x90, 0xff, 0xff, 0xa4, 0x0, 0x0,
    0x0, 0x0, 0x0, 0x0, 0x0, 0x90, 0xff, 0xff,
    0xa4, 0x0, 0x0, 0x0, 0x0, 0x0, 0x0, 0x0,
    0x90, 0xff, 0xff, 0xa4, 0x0, 0x0, 0x0, 0x0,
    0x0, 0x0, 0x0, 0x90, 0xff, 0xff, 0xa4, 0x0,
    0x0, 0x0, 0x0, 0x0, 0x0, 0x0, 0x90, 0xff,
    0xff, 0xa4, 0x0, 0x0, 0x0, 0x0, 0x0, 0x0,
    0x0, 0x90, 0xff, 0xff, 0xa4, 0x0, 0x1, 0x78,
    0xe1, 0xfe, 0xd9, 0x5e, 0x90, 0xff, 0xff, 0xa4,
    0x0, 0x77, 0xff, 0xff, 0xff, 0xff, 0xff, 0xeb,
    0xff, 0xff, 0xa4, 0xc, 0xf3, 0xff, 0xff, 0xd5,
    0x9a, 0xd3, 0xff, 0xff, 0xff, 0xa4, 0x4f, 0xff,
    0xff, 0xee, 0xd, 0x0, 0x1, 0xa6, 0xff, 0xff,
    0xa4, 0x7e, 0xff, 0xff, 0xaa, 0x0, 0x0, 0x0,
    0x90, 0xff, 0xff, 0xa4, 0x9c, 0xff, 0xff, 0x88,
    0x0, 0x0, 0x0, 0x90, 0xff, 0xff, 0xa4, 0xad,
    0xff, 0xff, 0x80, 0x0, 0x0, 0x0, 0x90, 0xff,
    0xff, 0xa4, 0xb4, 0xff, 0xff, 0x80, 0x0, 0x0,
    0x0, 0x90, 0xff, 0xff, 0xa4, 0xb4, 0xff, 0xff,
    0x80, 0x0, 0x0, 0x0, 0x90, 0xff, 0xff, 0xa4,
    0xb4, 0xff, 0xff, 0x80, 0x0, 0x0, 0x0, 0x90,
    0xff, 0xff, 0xa4, 0xb4, 0xff, 0xff, 0x80, 0x0,
    0x0, 0x0, 0x90, 0xff, 0xff, 0xa4, 0xb1, 0xff,
    0xff, 0x82, 0x0, 0x0, 0x0, 0x90, 0xff, 0xff,
    0xa4, 0xa5, 0xff, 0xff, 0x8f, 0x0, 0x0, 0x0,
    0x90, 0xff, 0xff, 0xa4, 0x8b, 0xff, 0xff, 0xab,
    0x0, 0x0, 0x0, 0x90, 0xff, 0xff, 0xa4, 0x5b,
    0xff, 0xff, 0xef, 0x11, 0x0, 0x0, 0x9d, 0xff,
    0xff, 0xa4, 0x14, 0xf9, 0xff, 0xff, 0xd8, 0x99,
    0xca, 0xff, 0xff, 0xff, 0xa4, 0x0, 0x83, 0xff,
    0xff, 0xff, 0xff, 0xff, 0xf7, 0xff, 0xff, 0xa4,
    0x0, 0x1, 0x71, 0xda, 0xfc, 0xe4, 0x76, 0x92,
    0xff, 0xff, 0xa4,

    /* U+0065 "e" */
    0x0, 0x0, 0x4f, 0xbe, 0xf0, 0xfe, 0xee, 0xb5,
    0x37, 0x0, 0x0, 0x0, 0x6a, 0xff, 0xff, 0xff,
    0xff, 0xff, 0xff, 0xf7, 0x32, 0x0, 0x10, 0xf4,
    0xff, 0xff, 0xa2, 0x71, 0xc2, 0xff, 0xff, 0xb7,
    0x0, 0x59, 0xff, 0xff, 0xca, 0x0, 0x0, 0xf,
    0xfb, 0xff, 0xfa, 0x7, 0x8a, 0xff, 0xff, 0x95,
    0x0, 0x0, 0x0, 0xdd, 0xff, 0xff, 0x2a, 0xa5,
    0xff, 0xff, 0x84, 0x0, 0x0, 0x0, 0xd1, 0xff,
    0xff, 0x45, 0xb1, 0xff, 0xff, 0x80, 0x0, 0x0,
    0x0, 0xd0, 0xff, 0xff, 0x52, 0xb4, 0xff, 0xff,
    0xe4, 0xc8, 0xc8, 0xc8, 0xf6, 0xff, 0xff, 0x57,
    0xb4, 0xff, 0xff, 0xff, 0xff, 0xff, 0xff, 0xff,
    0xff, 0xff, 0x58, 0xb4, 0xff, 0xff, 0x80, 0x0,
    0x0, 0x0, 0x0, 0x0, 0x0, 0x0, 0xb4, 0xff,
    0xff, 0x80, 0x0, 0x0, 0x0, 0x0, 0x0, 0x0,
    0x0, 0xb1, 0xff, 0xff, 0x80, 0x0, 0x0, 0x0,
    0x51, 0x64, 0x64, 0x1f, 0xa5, 0xff, 0xff, 0x81,
    0x0, 0x0, 0x0, 0xd1, 0xff, 0xff, 0x4e, 0x89,
    0xff, 0xff, 0x8e, 0x0, 0x0, 0x0, 0xdc, 0xff,
    0xff, 0x3d, 0x5a, 0xff, 0xff, 0xcd, 0x1, 0x0,
    0x11, 0xfb, 0xff, 0xfe, 0x13, 0x11, 0xf4, 0xff,
    0xff, 0xb2, 0x76, 0xc6, 0xff, 0xff, 0xbc, 0x0,
    0x0, 0x6c, 0xff, 0xff, 0xff, 0xff, 0xff, 0xff,
    0xf6, 0x31, 0x0, 0x0, 0x0, 0x52, 0xc0, 0xf0,
    0xfe, 0xeb, 0xac, 0x2f, 0x0, 0x0,

    /* U+0066 "f" */
    0x0, 0x0, 0x0, 0x17, 0xa9, 0xee, 0xfe, 0xef,
    0x66, 0x0, 0x0, 0x0, 0xbf, 0xff, 0xff, 0xff,
    0xff, 0x7c, 0x0, 0x0, 0x1e, 0xff, 0xff, 0xff,
    0xb3, 0x7d, 0x46, 0x0, 0x0, 0x47, 0xff, 0xff,
    0xf4, 0x5, 0x0, 0x0, 0x0, 0x0, 0x58, 0xff,
    0xff, 0xd9, 0x0, 0x0, 0x0, 0x0, 0x0, 0x5c,
    0xff, 0xff, 0xd8, 0x0, 0x0, 0x0, 0x70, 0xff,
    0xff, 0xff, 0xff, 0xff, 0xff, 0xff, 0x7c, 0x70,
    0xff, 0xff, 0xff, 0xff, 0xff, 0xff, 0xff, 0x7c,
    0x2f, 0x6c, 0xa1, 0xff, 0xff, 0xe9, 0x6c, 0x6c,
    0x34, 0x0, 0x0, 0x5c, 0xff, 0xff, 0xd8, 0x0,
    0x0, 0x0, 0x0, 0x0, 0x5c, 0xff, 0xff, 0xd8,
    0x0, 0x0, 0x0, 0x0, 0x0, 0x5c, 0xff, 0xff,
    0xd8, 0x0, 0x0, 0x0, 0x0, 0x0, 0x5c, 0xff,
    0xff, 0xd8, 0x0, 0x0, 0x0, 0x0, 0x0, 0x5c,
    0xff, 0xff, 0xd8, 0x0, 0x0, 0x0, 0x0, 0x0,
    0x5c, 0xff, 0xff, 0xd8, 0x0, 0x0, 0x0, 0x0,
    0x0, 0x5c, 0xff, 0xff, 0xd8, 0x0, 0x0, 0x0,
    0x0, 0x0, 0x5c, 0xff, 0xff, 0xd8, 0x0, 0x0,
    0x0, 0x0, 0x0, 0x5c, 0xff, 0xff, 0xd8, 0x0,
    0x0, 0x0, 0x0, 0x0, 0x5c, 0xff, 0xff, 0xd8,
    0x0, 0x0, 0x0, 0x0, 0x0, 0x5c, 0xff, 0xff,
    0xd8, 0x0, 0x0, 0x0, 0x0, 0x0, 0x5c, 0xff,
    0xff, 0xd8, 0x0, 0x0, 0x0, 0x0, 0x0, 0x5c,
    0xff, 0xff, 0xd8, 0x0, 0x0, 0x0, 0x0, 0x0,
    0x5c, 0xff, 0xff, 0xd8, 0x0, 0x0, 0x0, 0x0,
    0x0, 0x5c, 0xff, 0xff, 0xd8, 0x0, 0x0, 0x0,

    /* U+0067 "g" */
    0x0, 0x0, 0x0, 0x0, 0x0, 0x0, 0x0, 0x0,
    0x0, 0x0, 0x0, 0x0, 0x7, 0x0, 0x0, 0x0,
    0x0, 0x40, 0xb9, 0xef, 0xfc, 0xde, 0x87, 0xa,
    0x2, 0x74, 0xe6, 0xe, 0x0, 0x0, 0x5c, 0xfe,
    0xff, 0xff, 0xff, 0xff, 0xff, 0xc3, 0xb2, 0xff,
    0xff, 0x67, 0x0, 0x11, 0xf2, 0xff, 0xfc, 0x86,
    0x5b, 0xba, 0xff, 0xff, 0xfe, 0xb3, 0x51, 0xa,
    0x0, 0x63, 0xff, 0xff, 0x9b, 0x0, 0x0, 0xa,
    0xf1, 0xff, 0xdb, 0x0, 0x0, 0x0, 0x0, 0x98,
    0xff, 0xff, 0x60, 0x0, 0x0, 0x0, 0xc2, 0xff,
    0xff, 0x15, 0x0, 0x0, 0x0, 0xaf, 0xff, 0xff,
    0x4f, 0x0, 0x0, 0x0, 0xb3, 0xff, 0xff, 0x31,
    0x0, 0x0, 0x0, 0xb0, 0xff, 0xff, 0x50, 0x0,
    0x0, 0x0, 0xb4, 0xff, 0xff, 0x34, 0x0, 0x0,
    0x0, 0x97, 0xff, 0xff, 0x62, 0x0, 0x0, 0x0,
    0xc6, 0xff, 0xff, 0x21, 0x0, 0x0, 0x0, 0x60,
    0xff, 0xff, 0xa3, 0x0, 0x0, 0xc, 0xf3, 0xff,
    0xf0, 0x2, 0x0, 0x0, 0x0, 0xf, 0xf0, 0xff,
    0xfe, 0x8e, 0x62, 0xbc, 0xff, 0xff, 0xa0, 0x0,
    0x0, 0x0, 0x0, 0x0, 0x58, 0xfd, 0xff, 0xff,
    0xff, 0xff, 0xff, 0xe8, 0x1d, 0x0, 0x0, 0x0,
    0x0, 0x0, 0x4a, 0xf9, 0xe5, 0xf0, 0xfc, 0xe5,
    0x9f, 0x1e, 0x0, 0x0, 0x0, 0x0, 0x0, 0x27,
    0xf6, 0xff, 0x21, 0x0, 0x0, 0x0, 0x0, 0x0,
    0x0, 0x0, 0x0, 0x0, 0x0, 0x8f, 0xff, 0xff,
    0x56, 0x16, 0x2, 0x0, 0x0, 0x0, 0x0, 0x0,
    0x0, 0x0, 0x0, 0x9c, 0xff, 0xff, 0xff, 0xff,
    0xfc, 0xe5, 0xcb, 0x9b, 0x38, 0x0, 0x0, 0x0,
    0x0, 0x2d, 0xed, 0xff, 0xff, 0xff, 0xff, 0xff,
    0xff, 0xff, 0xfe, 0x64, 0x0, 0x0, 0x0, 0x1,
    0x78, 0xff, 0xc2, 0x97, 0xb8, 0xd8, 0xfb, 0xff,
    0xff, 0xf3, 0xd, 0x0, 0x0, 0x91, 0xff, 0xd5,
    0xa, 0x0, 0x0, 0x0, 0xc, 0x99, 0xff, 0xff,
    0x45, 0x0, 0x31, 0xff, 0xff, 0x70, 0x0, 0x0,
    0x0, 0x0, 0x0, 0x30, 0xff, 0xff, 0x57, 0x0,
    0x63, 0xff, 0xff, 0xab, 0x3, 0x0, 0x0, 0x0,
    0x2, 0x87, 0xff, 0xff, 0x42, 0x0, 0x43, 0xff,
    0xff, 0xff, 0xe5, 0xb7, 0xad, 0xb9, 0xe7, 0xff,
    0xff, 0xe7, 0x7, 0x0, 0x1, 0xad, 0xff, 0xff,
    0xff, 0xff, 0xff, 0xff, 0xff, 0xff, 0xf4, 0x43,
    0x0, 0x0, 0x0, 0x1, 0x54, 0xaf, 0xe1, 0xf9,
    0xfe, 0xf0, 0xce, 0x88, 0x1d, 0x0, 0x0, 0x0,

    /* U+0068 "h" */
    0x4c, 0xff, 0xff, 0xec, 0x0, 0x0, 0x0, 0x0,
    0x0, 0x0, 0x0, 0x4c, 0xff, 0xff, 0xec, 0x0,
    0x0, 0x0, 0x0, 0x0, 0x0, 0x0, 0x4c, 0xff,
    0xff, 0xec, 0x0, 0x0, 0x0, 0x0, 0x0, 0x0,
    0x0, 0x4c, 0xff, 0xff, 0xec, 0x0, 0x0, 0x0,
    0x0, 0x0, 0x0, 0x0, 0x4c, 0xff, 0xff, 0xec,
    0x0, 0x0, 0x0, 0x0, 0x0, 0x0, 0x0, 0x4c,
    0xff, 0xff, 0xec, 0x0, 0x0, 0x0, 0x0, 0x0,
    0x0, 0x0, 0x4c, 0xff, 0xff, 0xec, 0x0, 0x0,
    0x0, 0x0, 0x0, 0x0, 0x0, 0x4c, 0xff, 0xff,
    0xec, 0x0, 0x29, 0xa9, 0xec, 0xf8, 0xac, 0x8,
    0x4c, 0xff, 0xff, 0xec, 0x67, 0xf9, 0xff, 0xff,
    0xff, 0xff, 0x77, 0x4c, 0xff, 0xff, 0xff, 0xff,
    0xbf, 0x9f, 0xf5, 0xff, 0xff, 0xbb, 0x4c, 0xff,
    0xff, 0xfa, 0x4c, 0x0, 0x0, 0x81, 0xff, 0xff,
    0xd5, 0x4c, 0xff, 0xff, 0xec, 0x0, 0x0, 0x0,
    0x5e, 0xff, 0xff, 0xd8, 0x4c, 0xff, 0xff, 0xec,
    0x0, 0x0, 0x0, 0x5c, 0xff, 0xff, 0xd8, 0x4c,
    0xff, 0xff, 0xec, 0x0, 0x0, 0x0, 0x5c, 0xff,
    0xff, 0xd8, 0x4c, 0xff, 0xff, 0xec, 0x0, 0x0,
    0x0, 0x5c, 0xff, 0xff, 0xd8, 0x4c, 0xff, 0xff,
    0xec, 0x0, 0x0, 0x0, 0x5c, 0xff, 0xff, 0xd8,
    0x4c, 0xff, 0xff, 0xec, 0x0, 0x0, 0x0, 0x5c,
    0xff, 0xff, 0xd8, 0x4c, 0xff, 0xff, 0xec, 0x0,
    0x0, 0x0, 0x5c, 0xff, 0xff, 0xd8, 0x4c, 0xff,
    0xff, 0xec, 0x0, 0x0, 0x0, 0x5c, 0xff, 0xff,
    0xd8, 0x4c, 0xff, 0xff, 0xec, 0x0, 0x0, 0x0,
    0x5c, 0xff, 0xff, 0xd8, 0x4c, 0xff, 0xff, 0xec,
    0x0, 0x0, 0x0, 0x5c, 0xff, 0xff, 0xd8, 0x4c,
    0xff, 0xff, 0xec, 0x0, 0x0, 0x0, 0x5c, 0xff,
    0xff, 0xd8, 0x4c, 0xff, 0xff, 0xec, 0x0, 0x0,
    0x0, 0x5c, 0xff, 0xff, 0xd8, 0x4c, 0xff, 0xff,
    0xec, 0x0, 0x0, 0x0, 0x5c, 0xff, 0xff, 0xd8,
    0x4c, 0xff, 0xff, 0xec, 0x0, 0x0, 0x0, 0x5c,
    0xff, 0xff, 0xd8,

    /* U+0069 "i" */
    0x2c, 0xff, 0xff, 0xff, 0xc, 0x2c, 0xff, 0xff,
    0xff, 0xc, 0x2c, 0xff, 0xff, 0xff, 0xc, 0x14,
    0x74, 0x74, 0x74, 0x5, 0x0, 0x0, 0x0, 0x0,
    0x0, 0x0, 0x0, 0x0, 0x0, 0x0, 0x2c, 0xff,
    0xff, 0xff, 0xc, 0x2c, 0xff, 0xff, 0xff, 0xc,
    0x2c, 0xff, 0xff, 0xff, 0xc, 0x2c, 0xff, 0xff,
    0xff, 0xc, 0x2c, 0xff, 0xff, 0xff, 0xc, 0x2c,
    0xff, 0xff, 0xff, 0xc, 0x2c, 0xff, 0xff, 0xff,
    0xc, 0x2c, 0xff, 0xff, 0xff, 0xc, 0x2c, 0xff,
    0xff, 0xff, 0xc, 0x2c, 0xff, 0xff, 0xff, 0xc,
    0x2c, 0xff, 0xff, 0xff, 0xc, 0x2c, 0xff, 0xff,
    0xff, 0xc, 0x2c, 0xff, 0xff, 0xff, 0xc, 0x2c,
    0xff, 0xff, 0xff, 0xc, 0x2c, 0xff, 0xff, 0xff,
    0xc, 0x2c, 0xff, 0xff, 0xff, 0xc, 0x2c, 0xff,
    0xff, 0xff, 0xc, 0x2c, 0xff, 0xff, 0xff, 0xc,

    /* U+006A "j" */
    0x0, 0x0, 0x0, 0xf0, 0xff, 0xff, 0x50, 0x0,
    0x0, 0x0, 0xf0, 0xff, 0xff, 0x50, 0x0, 0x0,
    0x0, 0xf0, 0xff, 0xff, 0x50, 0x0, 0x0, 0x0,
    0x6d, 0x74, 0x74, 0x24, 0x0, 0x0, 0x0, 0x0,
    0x0, 0x0, 0x0, 0x0, 0x0, 0x0, 0x0, 0x0,
    0x0, 0x0, 0x0, 0x0, 0x0, 0xf0, 0xff, 0xff,
    0x48, 0x0, 0x0, 0x0, 0xf0, 0xff, 0xff, 0x48,
    0x0, 0x0, 0x0, 0xf0, 0xff, 0xff, 0x48, 0x0,
    0x0, 0x0, 0xf0, 0xff, 0xff, 0x48, 0x0, 0x0,
    0x0, 0xf0, 0xff, 0xff, 0x48, 0x0, 0x0, 0x0,
    0xf0, 0xff, 0xff, 0x48, 0x0, 0x0, 0x0, 0xf0,
    0xff, 0xff, 0x48, 0x0, 0x0, 0x0, 0xf0, 0xff,
    0xff, 0x48, 0x0, 0x0, 0x0, 0xf0, 0xff, 0xff,
    0x48, 0x0, 0x0, 0x0, 0xf0, 0xff, 0xff, 0x48,
    0x0, 0x0, 0x0, 0xf0, 0xff, 0xff, 0x48, 0x0,
    0x0, 0x0, 0xf0, 0xff, 0xff, 0x48, 0x0, 0x0,
    0x0, 0xf0, 0xff, 0xff, 0x48, 0x0, 0x0, 0x0,
    0xf0, 0xff, 0xff, 0x48, 0x0, 0x0, 0x0, 0xf0,
    0xff, 0xff, 0x48, 0x0, 0x0, 0x0, 0xf0, 0xff,
    0xff, 0x48, 0x0, 0x0, 0x0, 0xf0, 0xff, 0xff,
    0x48, 0x0, 0x0, 0x0, 0xf3, 0xff, 0xff, 0x48,
    0x0, 0x0, 0x26, 0xff, 0xff, 0xff, 0x3a, 0x4d,
    0x83, 0xdc, 0xff, 0xff, 0xf6, 0xc, 0x90, 0xff,
    0xff, 0xff, 0xff, 0x7b, 0x0, 0x7c, 0xf9, 0xfa,
    0xd0, 0x62, 0x0, 0x0,

    /* U+006B "k" */
    0x50, 0xff, 0xff, 0xe4, 0x0, 0x0, 0x0, 0x0,
    0x0, 0x0, 0x0, 0x0, 0x50, 0xff, 0xff, 0xe4,
    0x0, 0x0, 0x0, 0x0, 0x0, 0x0, 0x0, 0x0,
    0x50, 0xff, 0xff, 0xe4, 0x0, 0x0, 0x0, 0x0,
    0x0, 0x0, 0x0, 0x0, 0x50, 0xff, 0xff, 0xe4,
    0x0, 0x0, 0x0, 0x0, 0x0, 0x0, 0x0, 0x0,
    0x50, 0xff, 0xff, 0xe4, 0x0, 0x0, 0x0, 0x0,
    0x0, 0x0, 0x0, 0x0, 0x50, 0xff, 0xff, 0xe4,
    0x0, 0x0, 0x0, 0x0, 0x0, 0x0, 0x0, 0x0,
    0x50, 0xff, 0xff, 0xe4, 0x0, 0x0, 0x0, 0x0,
    0x0, 0x0, 0x0, 0x0, 0x50, 0xff, 0xff, 0xe4,
    0x0, 0x0, 0x0, 0x0, 0xbc, 0xff, 0xff, 0xa5,
    0x50, 0xff, 0xff, 0xe4, 0x0, 0x0, 0x0, 0x56,
    0xff, 0xff, 0xf5, 0x1c, 0x50, 0xff, 0xff, 0xe4,
    0x0, 0x0, 0xd, 0xe3, 0xff, 0xff, 0x7c, 0x0,
    0x50, 0xff, 0xff, 0xe4, 0x0, 0x0, 0x89, 0xff,
    0xff, 0xdf, 0x8, 0x0, 0x50, 0xff, 0xff, 0xe4,
    0x0, 0x28, 0xfb, 0xff, 0xff, 0x52, 0x0, 0x0,
    0x50, 0xff, 0xff, 0xe4, 0x0, 0xbd, 0xff, 0xff,
    0xbc, 0x0, 0x0, 0x0, 0x50, 0xff, 0xff, 0xe4,
    0x57, 0xff, 0xff, 0xfc, 0x2c, 0x0, 0x0, 0x0,
    0x50, 0xff, 0xff, 0xed, 0xe3, 0xff, 0xff, 0xf6,
    0xe, 0x0, 0x0, 0x0, 0x50, 0xff, 0xff, 0xff,
    0xff, 0xfa, 0xff, 0xff, 0x60, 0x0, 0x0, 0x0,
    0x50, 0xff, 0xff, 0xff, 0xde, 0x6f, 0xff, 0xff,
    0xbc, 0x0, 0x0, 0x0, 0x50, 0xff, 0xff, 0xff,
    0x44, 0x11, 0xf9, 0xff, 0xfe, 0x1b, 0x0, 0x0,
    0x50, 0xff, 0xff, 0xe5, 0x0, 0x0, 0xb0, 0xff,
    0xff, 0x76, 0x0, 0x0, 0x50, 0xff, 0xff, 0xe4,
    0x0, 0x0, 0x56, 0xff, 0xff, 0xd3, 0x0, 0x0,
    0x50, 0xff, 0xff, 0xe4, 0x0, 0x0, 0xa, 0xf3,
    0xff, 0xff, 0x2e, 0x0, 0x50, 0xff, 0xff, 0xe4,
    0x0, 0x0, 0x0, 0xa2, 0xff, 0xff, 0x8c, 0x0,
    0x50, 0xff, 0xff, 0xe4, 0x0, 0x0, 0x0, 0x49,
    0xff, 0xff, 0xe6, 0x3, 0x50, 0xff, 0xff, 0xe4,
    0x0, 0x0, 0x0, 0x4, 0xea, 0xff, 0xff, 0x45,
    0x50, 0xff, 0xff, 0xe4, 0x0, 0x0, 0x0, 0x0,
    0x95, 0xff, 0xff, 0xa2,

    /* U+006C "l" */
    0x14, 0xff, 0xff, 0xff, 0x20, 0x14, 0xff, 0xff,
    0xff, 0x20, 0x14, 0xff, 0xff, 0xff, 0x20, 0x14,
    0xff, 0xff, 0xff, 0x20, 0x14, 0xff, 0xff, 0xff,
    0x20, 0x14, 0xff, 0xff, 0xff, 0x20, 0x14, 0xff,
    0xff, 0xff, 0x20, 0x14, 0xff, 0xff, 0xff, 0x20,
    0x14, 0xff, 0xff, 0xff, 0x20, 0x14, 0xff, 0xff,
    0xff, 0x20, 0x14, 0xff, 0xff, 0xff, 0x20, 0x14,
    0xff, 0xff, 0xff, 0x20, 0x14, 0xff, 0xff, 0xff,
    0x20, 0x14, 0xff, 0xff, 0xff, 0x20, 0x14, 0xff,
    0xff, 0xff, 0x20, 0x14, 0xff, 0xff, 0xff, 0x20,
    0x14, 0xff, 0xff, 0xff, 0x20, 0x14, 0xff, 0xff,
    0xff, 0x20, 0x14, 0xff, 0xff, 0xff, 0x20, 0x14,
    0xff, 0xff, 0xff, 0x20, 0x14, 0xff, 0xff, 0xff,
    0x20, 0x14, 0xff, 0xff, 0xff, 0x20, 0x14, 0xff,
    0xff, 0xff, 0x20, 0x14, 0xff, 0xff, 0xff, 0x20,
    0x14, 0xff, 0xff, 0xff, 0x20,

    /* U+006D "m" */
    0x60, 0xff, 0xff, 0x98, 0xb, 0x7e, 0xd9, 0xfc,
    0xe1, 0x63, 0x0, 0x5, 0x6e, 0xd1, 0xfa, 0xe8,
    0x72, 0x0, 0x60, 0xff, 0xff, 0xb2, 0xd5, 0xff,
    0xff, 0xff, 0xff, 0xff, 0x41, 0xc1, 0xff, 0xff,
    0xff, 0xff, 0xff, 0x50, 0x60, 0xff, 0xff, 0xff,
    0xcc, 0x50, 0x33, 0xbc, 0xff, 0xff, 0xf6, 0xdb,
    0x5b, 0x2f, 0xa2, 0xff, 0xff, 0xb3, 0x60, 0xff,
    0xff, 0xc2, 0x6, 0x0, 0x0, 0x46, 0xff, 0xff,
    0xdb, 0xe, 0x0, 0x0, 0x22, 0xff, 0xff, 0xd8,
    0x60, 0xff, 0xff, 0x98, 0x0, 0x0, 0x0, 0x35,
    0xff, 0xff, 0xbc, 0x0, 0x0, 0x0, 0x11, 0xff,
    0xff, 0xe0, 0x60, 0xff, 0xff, 0x98, 0x0, 0x0,
    0x0, 0x34, 0xff, 0xff, 0xbc, 0x0, 0x0, 0x0,
    0x10, 0xff, 0xff, 0xe0, 0x60, 0xff, 0xff, 0x98,
    0x0, 0x0, 0x0, 0x34, 0xff, 0xff, 0xbc, 0x0,
    0x0, 0x0, 0x10, 0xff, 0xff, 0xe0, 0x60, 0xff,
    0xff, 0x98, 0x0, 0x0, 0x0, 0x34, 0xff, 0xff,
    0xbc, 0x0, 0x0, 0x0, 0x10, 0xff, 0xff, 0xe0,
    0x60, 0xff, 0xff, 0x98, 0x0, 0x0, 0x0, 0x34,
    0xff, 0xff, 0xbc, 0x0, 0x0, 0x0, 0x10, 0xff,
    0xff, 0xe0, 0x60, 0xff, 0xff, 0x98, 0x0, 0x0,
    0x0, 0x34, 0xff, 0xff, 0xbc, 0x0, 0x0, 0x0,
    0x10, 0xff, 0xff, 0xe0, 0x60, 0xff, 0xff, 0x98,
    0x0, 0x0, 0x0, 0x34, 0xff, 0xff, 0xbc, 0x0,
    0x0, 0x0, 0x10, 0xff, 0xff, 0xe0, 0x60, 0xff,
    0xff, 0x98, 0x0, 0x0, 0x0, 0x34, 0xff, 0xff,
    0xbc, 0x0, 0x0, 0x0, 0x10, 0xff, 0xff, 0xe0,
    0x60, 0xff, 0xff, 0x98, 0x0, 0x0, 0x0, 0x34,
    0xff, 0xff, 0xbc, 0x0, 0x0, 0x0, 0x10, 0xff,
    0xff, 0xe0, 0x60, 0xff, 0xff, 0x98, 0x0, 0x0,
    0x0, 0x34, 0xff, 0xff, 0xbc, 0x0, 0x0, 0x0,
    0x10, 0xff, 0xff, 0xe0, 0x60, 0xff, 0xff, 0x98,
    0x0, 0x0, 0x0, 0x34, 0xff, 0xff, 0xbc, 0x0,
    0x0, 0x0, 0x10, 0xff, 0xff, 0xe0, 0x60, 0xff,
    0xff, 0x98, 0x0, 0x0, 0x0, 0x34, 0xff, 0xff,
    0xbc, 0x0, 0x0, 0x0, 0x10, 0xff, 0xff, 0xe0,
    0x60, 0xff, 0xff, 0x98, 0x0, 0x0, 0x0, 0x34,
    0xff, 0xff, 0xbc, 0x0, 0x0, 0x0, 0x10, 0xff,
    0xff, 0xe0, 0x60, 0xff, 0xff, 0x98, 0x0, 0x0,
    0x0, 0x34, 0xff, 0xff, 0xbc, 0x0, 0x0, 0x0,
    0x10, 0xff, 0xff, 0xe0,

    /* U+006E "n" */
    0x60, 0xff, 0xff, 0xd4, 0x0, 0x45, 0xbd, 0xf4,
    0xf5, 0x89, 0x0, 0x60, 0xff, 0xff, 0xda, 0x9a,
    0xff, 0xff, 0xff, 0xff, 0xff, 0x45, 0x60, 0xff,
    0xff, 0xff, 0xfd, 0xb1, 0xa7, 0xfe, 0xff, 0xff,
    0x8e, 0x60, 0xff, 0xff, 0xef, 0x35, 0x0, 0x0,
    0xb0, 0xff, 0xff, 0xa9, 0x60, 0xff, 0xff, 0xd4,
    0x0, 0x0, 0x0, 0x8e, 0xff, 0xff, 0xac, 0x60,
    0xff, 0xff, 0xd4, 0x0, 0x0, 0x0, 0x8c, 0xff,
    0xff, 0xac, 0x60, 0xff, 0xff, 0xd4, 0x0, 0x0,
    0x0, 0x8c, 0xff, 0xff, 0xac, 0x60, 0xff, 0xff,
    0xd4, 0x0, 0x0, 0x0, 0x8c, 0xff, 0xff, 0xac,
    0x60, 0xff, 0xff, 0xd4, 0x0, 0x0, 0x0, 0x8c,
    0xff, 0xff, 0xac, 0x60, 0xff, 0xff, 0xd4, 0x0,
    0x0, 0x0, 0x8c, 0xff, 0xff, 0xac, 0x60, 0xff,
    0xff, 0xd4, 0x0, 0x0, 0x0, 0x8c, 0xff, 0xff,
    0xac, 0x60, 0xff, 0xff, 0xd4, 0x0, 0x0, 0x0,
    0x8c, 0xff, 0xff, 0xac, 0x60, 0xff, 0xff, 0xd4,
    0x0, 0x0, 0x0, 0x8c, 0xff, 0xff, 0xac, 0x60,
    0xff, 0xff, 0xd4, 0x0, 0x0, 0x0, 0x8c, 0xff,
    0xff, 0xac, 0x60, 0xff, 0xff, 0xd4, 0x0, 0x0,
    0x0, 0x8c, 0xff, 0xff, 0xac, 0x60, 0xff, 0xff,
    0xd4, 0x0, 0x0, 0x0, 0x8c, 0xff, 0xff, 0xac,
    0x60, 0xff, 0xff, 0xd4, 0x0, 0x0, 0x0, 0x8c,
    0xff, 0xff, 0xac, 0x60, 0xff, 0xff, 0xd4, 0x0,
    0x0, 0x0, 0x8c, 0xff, 0xff, 0xac,

    /* U+006F "o" */
    0x0, 0x0, 0x46, 0xbc, 0xf0, 0xfc, 0xe8, 0xa9,
    0x2a, 0x0, 0x0, 0x0, 0x60, 0xff, 0xff, 0xff,
    0xff, 0xff, 0xff, 0xf2, 0x2d, 0x0, 0xe, 0xf1,
    0xff, 0xff, 0xaa, 0x71, 0xc9, 0xff, 0xff, 0xbf,
    0x0, 0x57, 0xff, 0xff, 0xd3, 0x1, 0x0, 0x17,
    0xfd, 0xff, 0xff, 0x18, 0x8b, 0xff, 0xff, 0x9c,
    0x0, 0x0, 0x0, 0xdc, 0xff, 0xff, 0x4b, 0xa6,
    0xff, 0xff, 0x8d, 0x0, 0x0, 0x0, 0xcd, 0xff,
    0xff, 0x66, 0xaf, 0xff, 0xff, 0x88, 0x0, 0x0,
    0x0, 0xc8, 0xff, 0xff, 0x6f, 0xb0, 0xff, 0xff,
    0x88, 0x0, 0x0, 0x0, 0xc8, 0xff, 0xff, 0x70,
    0xb0, 0xff, 0xff, 0x88, 0x0, 0x0, 0x0, 0xc8,
    0xff, 0xff, 0x70, 0xb0, 0xff, 0xff, 0x88, 0x0,
    0x0, 0x0, 0xc8, 0xff, 0xff, 0x70, 0xb0, 0xff,
    0xff, 0x88, 0x0, 0x0, 0x0, 0xc8, 0xff, 0xff,
    0x70, 0xaf, 0xff, 0xff, 0x88, 0x0, 0x0, 0x0,
    0xc8, 0xff, 0xff, 0x6f, 0xa6, 0xff, 0xff, 0x8c,
    0x0, 0x0, 0x0, 0xcd, 0xff, 0xff, 0x66, 0x8b,
    0xff, 0xff, 0x9b, 0x0, 0x0, 0x0, 0xdb, 0xff,
    0xff, 0x4b, 0x57, 0xff, 0xff, 0xd2, 0x1, 0x0,
    0x17, 0xfc, 0xff, 0xff, 0x18, 0xd, 0xf1, 0xff,
    0xff, 0xaa, 0x75, 0xca, 0xff, 0xff, 0xbe, 0x0,
    0x0, 0x5d, 0xfe, 0xff, 0xff, 0xff, 0xff, 0xff,
    0xf2, 0x2c, 0x0, 0x0, 0x0, 0x46, 0xbc, 0xf0,
    0xfc, 0xe8, 0xa8, 0x27, 0x0, 0x0,

    /* U+0070 "p" */
    0x60, 0xff, 0xff, 0xd4, 0x1e, 0xaa, 0xf2, 0xf9,
    0xbd, 0x24, 0x0, 0x0, 0x60, 0xff, 0xff, 0xea,
    0xea, 0xff, 0xff, 0xff, 0xff, 0xe2, 0xd, 0x0,
    0x60, 0xff, 0xff, 0xff, 0xf2, 0xa5, 0xab, 0xfe,
    0xff, 0xff, 0x71, 0x0, 0x60, 0xff, 0xff, 0xe6,
    0x17, 0x0, 0x0, 0x90, 0xff, 0xff, 0xc0, 0x0,
    0x60, 0xff, 0xff, 0xd4, 0x0, 0x0, 0x0, 0x44,
    0xff, 0xff, 0xf0, 0x0, 0x60, 0xff, 0xff, 0xd4,
    0x0, 0x0, 0x0, 0x2a, 0xff, 0xff, 0xff, 0xc,
    0x60, 0xff, 0xff, 0xd4, 0x0, 0x0, 0x0, 0x21,
    0xff, 0xff, 0xff, 0x17, 0x60, 0xff, 0xff, 0xd4,
    0x0, 0x0, 0x0, 0x20, 0xff, 0xff, 0xff, 0x18,
    0x60, 0xff, 0xff, 0xd4, 0x0, 0x0, 0x0, 0x20,
    0xff, 0xff, 0xff, 0x18, 0x60, 0xff, 0xff, 0xd4,
    0x0, 0x0, 0x0, 0x20, 0xff, 0xff, 0xff, 0x18,
    0x60, 0xff, 0xff, 0xd4, 0x0, 0x0, 0x0, 0x20,
    0xff, 0xff, 0xff, 0x18, 0x60, 0xff, 0xff, 0xd4,
    0x0, 0x0, 0x0, 0x23, 0xff, 0xff, 0xff, 0x14,
    0x60, 0xff, 0xff, 0xd4, 0x0, 0x0, 0x0, 0x2e,
    0xff, 0xff, 0xfe, 0x4, 0x60, 0xff, 0xff, 0xd4,
    0x0, 0x0, 0x0, 0x44, 0xff, 0xff, 0xe1, 0x0,
    0x60, 0xff, 0xff, 0xe1, 0xd, 0x0, 0x0, 0x89,
    0xff, 0xff, 0xae, 0x0, 0x60, 0xff, 0xff, 0xff,
    0xed, 0xa7, 0xa5, 0xfb, 0xff, 0xff, 0x59, 0x0,
    0x60, 0xff, 0xff, 0xea, 0xeb, 0xff, 0xff, 0xff,
    0xff, 0xc9, 0x3, 0x0, 0x60, 0xff, 0xff, 0xd4,
    0x21, 0xb6, 0xf9, 0xf0, 0xa2, 0x14, 0x0, 0x0,
    0x60, 0xff, 0xff, 0xd4, 0x0, 0x0, 0x0, 0x0,
    0x0, 0x0, 0x0, 0x0, 0x60, 0xff, 0xff, 0xd4,
    0x0, 0x0, 0x0, 0x0, 0x0, 0x0, 0x0, 0x0,
    0x60, 0xff, 0xff, 0xd4, 0x0, 0x0, 0x0, 0x0,
    0x0, 0x0, 0x0, 0x0, 0x60, 0xff, 0xff, 0xd4,
    0x0, 0x0, 0x0, 0x0, 0x0, 0x0, 0x0, 0x0,
    0x60, 0xff, 0xff, 0xd4, 0x0, 0x0, 0x0, 0x0,
    0x0, 0x0, 0x0, 0x0, 0x39, 0x98, 0x98, 0x7e,
    0x0, 0x0, 0x0, 0x0, 0x0, 0x0, 0x0, 0x0,

    /* U+0071 "q" */
    0x0, 0x1, 0x73, 0xe0, 0xfd, 0xdf, 0x70, 0x8e,
    0xff, 0xff, 0xac, 0x0, 0x70, 0xff, 0xff, 0xff,
    0xff, 0xff, 0xf6, 0xff, 0xff, 0xac, 0x9, 0xef,
    0xff, 0xff, 0xd7, 0x9a, 0xd1, 0xff, 0xff, 0xff,
    0xac, 0x49, 0xff, 0xff, 0xf3, 0x11, 0x0, 0x0,
    0xa1, 0xff, 0xff, 0xac, 0x79, 0xff, 0xff, 0xb3,
    0x0, 0x0, 0x0, 0x8c, 0xff, 0xff, 0xac, 0x98,
    0xff, 0xff, 0x90, 0x0, 0x0, 0x0, 0x8c, 0xff,
    0xff, 0xac, 0xa9, 0xff, 0xff, 0x88, 0x0, 0x0,
    0x0, 0x8c, 0xff, 0xff, 0xac, 0xb0, 0xff, 0xff,
    0x88, 0x0, 0x0, 0x0, 0x8c, 0xff, 0xff, 0xac,
    0xb0, 0xff, 0xff, 0x88, 0x0, 0x0, 0x0, 0x8c,
    0xff, 0xff, 0xac, 0xb0, 0xff, 0xff, 0x88, 0x0,
    0x0, 0x0, 0x8c, 0xff, 0xff, 0xac, 0xb0, 0xff,
    0xff, 0x88, 0x0, 0x0, 0x0, 0x8c, 0xff, 0xff,
    0xac, 0xad, 0xff, 0xff, 0x8a, 0x0, 0x0, 0x0,
    0x8c, 0xff, 0xff, 0xac, 0xa1, 0xff, 0xff, 0x97,
    0x0, 0x0, 0x0, 0x8c, 0xff, 0xff, 0xac, 0x87,
    0xff, 0xff, 0xb4, 0x0, 0x0, 0x0, 0x8c, 0xff,
    0xff, 0xac, 0x57, 0xff, 0xff, 0xf3, 0x14, 0x0,
    0x0, 0x98, 0xff, 0xff, 0xac, 0x12, 0xf7, 0xff,
    0xff, 0xdb, 0x9a, 0xc6, 0xff, 0xff, 0xff, 0xac,
    0x0, 0x7d, 0xff, 0xff, 0xff, 0xff, 0xff, 0xee,
    0xff, 0xff, 0xac, 0x0, 0x1, 0x6c, 0xda, 0xfc,
    0xe2, 0x6d, 0x8c, 0xff, 0xff, 0xac, 0x0, 0x0,
    0x0, 0x0, 0x0, 0x0, 0x0, 0x8c, 0xff, 0xff,
    0xac, 0x0, 0x0, 0x0, 0x0, 0x0, 0x0, 0x0,
    0x8c, 0xff, 0xff, 0xac, 0x0, 0x0, 0x0, 0x0,
    0x0, 0x0, 0x0, 0x8c, 0xff, 0xff, 0xac, 0x0,
    0x0, 0x0, 0x0, 0x0, 0x0, 0x0, 0x8c, 0xff,
    0xff, 0xac, 0x0, 0x0, 0x0, 0x0, 0x0, 0x0,
    0x0, 0x8c, 0xff, 0xff, 0xac, 0x0, 0x0, 0x0,
    0x0, 0x0, 0x0, 0x0, 0x53, 0x98, 0x98, 0x66,

    /* U+0072 "r" */
    0x4c, 0xff, 0xff, 0xec, 0x0, 0x44, 0xc4, 0xf9,
    0x43, 0x4c, 0xff, 0xff, 0xec, 0x52, 0xfd, 0xff,
    0xff, 0x44, 0x4c, 0xff, 0xff, 0xf7, 0xf2, 0xff,
    0xff, 0xff, 0x44, 0x4c, 0xff, 0xff, 0xff, 0xdd,
    0x45, 0x14, 0x32, 0x1b, 0x4c, 0xff, 0xff, 0xfb,
    0x29, 0x0, 0x0, 0x0, 0x0, 0x4c, 0xff, 0xff,
    0xec, 0x0, 0x0, 0x0, 0x0, 0x0, 0x4c, 0xff,
    0xff, 0xec, 0x0, 0x0, 0x0, 0x0, 0x0, 0x4c,
    0xff, 0xff, 0xec, 0x0, 0x0, 0x0, 0x0, 0x0,
    0x4c, 0xff, 0xff, 0xec, 0x0, 0x0, 0x0, 0x0,
    0x0, 0x4c, 0xff, 0xff, 0xec, 0x0, 0x0, 0x0,
    0x0, 0x0, 0x4c, 0xff, 0xff, 0xec, 0x0, 0x0,
    0x0, 0x0, 0x0, 0x4c, 0xff, 0xff, 0xec, 0x0,
    0x0, 0x0, 0x0, 0x0, 0x4c, 0xff, 0xff, 0xec,
    0x0, 0x0, 0x0, 0x0, 0x0, 0x4c, 0xff, 0xff,
    0xec, 0x0, 0x0, 0x0, 0x0, 0x0, 0x4c, 0xff,
    0xff, 0xec, 0x0, 0x0, 0x0, 0x0, 0x0, 0x4c,
    0xff, 0xff, 0xec, 0x0, 0x0, 0x0, 0x0, 0x0,
    0x4c, 0xff, 0xff, 0xec, 0x0, 0x0, 0x0, 0x0,
    0x0, 0x4c, 0xff, 0xff, 0xec, 0x0, 0x0, 0x0,
    0x0, 0x0,

    /* U+0073 "s" */
    0x0, 0x0, 0x15, 0x94, 0xe2, 0xfc, 0xee, 0xa9,
    0x23, 0x0, 0x0, 0x0, 0x12, 0xdd, 0xff, 0xff,
    0xff, 0xff, 0xff, 0xea, 0x1d, 0x0, 0x0, 0x82,
    0xff, 0xff, 0xe1, 0x78, 0x96, 0xfe, 0xff, 0xa9,
    0x0, 0x0, 0xc4, 0xff, 0xff, 0x37, 0x0, 0x0,
    0x8e, 0xff, 0xfb, 0x10, 0x0, 0xd0, 0xff, 0xff,
    0x18, 0x0, 0x0, 0x36, 0xff, 0xe4, 0x25, 0x0,
    0xb3, 0xff, 0xff, 0x85, 0x0, 0x0, 0x7, 0x41,
    0x2, 0x0, 0x0, 0x5b, 0xff, 0xff, 0xff, 0x82,
    0x0, 0x0, 0x0, 0x0, 0x0, 0x0, 0x1, 0xb0,
    0xff, 0xff, 0xff, 0x95, 0x2, 0x0, 0x0, 0x0,
    0x0, 0x0, 0x9, 0xb4, 0xff, 0xff, 0xff, 0xa4,
    0x5, 0x0, 0x0, 0x0, 0x0, 0x0, 0x4, 0x98,
    0xff, 0xff, 0xff, 0xac, 0x2, 0x0, 0x0, 0x0,
    0x0, 0x0, 0x0, 0x77, 0xfe, 0xff, 0xff, 0x7d,
    0x0, 0x0, 0x0, 0x0, 0x0, 0x0, 0x0, 0x5b,
    0xfe, 0xff, 0xf6, 0x14, 0x0, 0x2a, 0x79, 0x56,
    0x0, 0x0, 0x0, 0x9c, 0xff, 0xff, 0x58, 0x31,
    0xff, 0xff, 0xb2, 0x0, 0x0, 0x0, 0x56, 0xff,
    0xff, 0x6e, 0x6, 0xf4, 0xff, 0xf9, 0x23, 0x0,
    0x0, 0x78, 0xff, 0xff, 0x59, 0x0, 0x93, 0xff,
    0xff, 0xe2, 0x7e, 0x89, 0xf6, 0xff, 0xf9, 0x17,
    0x0, 0xf, 0xd3, 0xff, 0xff, 0xff, 0xff, 0xff,
    0xff, 0x73, 0x0, 0x0, 0x0, 0xf, 0x8c, 0xe1,
    0xfd, 0xf1, 0xbc, 0x4b, 0x0, 0x0,

    /* U+0074 "t" */
    0x0, 0x0, 0x84, 0xff, 0xff, 0xb4, 0x0, 0x0,
    0x0, 0x0, 0x0, 0x84, 0xff, 0xff, 0xb4, 0x0,
    0x0, 0x0, 0x0, 0x0, 0x84, 0xff, 0xff, 0xb4,
    0x0, 0x0, 0x0, 0x0, 0x0, 0x84, 0xff, 0xff,
    0xb4, 0x0, 0x0, 0x0, 0x0, 0x0, 0x84, 0xff,
    0xff, 0xb4, 0x0, 0x0, 0x0, 0x58, 0xff, 0xff,
    0xff, 0xff, 0xff, 0xff, 0xff, 0x7c, 0x58, 0xff,
    0xff, 0xff, 0xff, 0xff, 0xff, 0xff, 0x7c, 0xf,
    0x2c, 0x99, 0xff, 0xff, 0xc1, 0x2c, 0x2c, 0x15,
    0x0, 0x0, 0x84, 0xff, 0xff, 0xb4, 0x0, 0x0,
    0x0, 0x0, 0x0, 0x84, 0xff, 0xff, 0xb4, 0x0,
    0x0, 0x0, 0x0, 0x0, 0x84, 0xff, 0xff, 0xb4,
    0x0, 0x0, 0x0, 0x0, 0x0, 0x84, 0xff, 0xff,
    0xb4, 0x0, 0x0, 0x0, 0x0, 0x0, 0x84, 0xff,
    0xff, 0xb4, 0x0, 0x0, 0x0, 0x0, 0x0, 0x84,
    0xff, 0xff, 0xb4, 0x0, 0x0, 0x0, 0x0, 0x0,
    0x84, 0xff, 0xff, 0xb4, 0x0, 0x0, 0x0, 0x0,
    0x0, 0x84, 0xff, 0xff, 0xb4, 0x0, 0x0, 0x0,
    0x0, 0x0, 0x84, 0xff, 0xff, 0xb4, 0x0, 0x0,
    0x0, 0x0, 0x0, 0x84, 0xff, 0xff, 0xb4, 0x0,
    0x0, 0x0, 0x0, 0x0, 0x84, 0xff, 0xff, 0xb5,
    0x0, 0x0, 0x0, 0x0, 0x0, 0x79, 0xff, 0xff,
    0xd5, 0x0, 0x0, 0x0, 0x0, 0x0, 0x4b, 0xff,
    0xff, 0xff, 0xb6, 0x8d, 0x44, 0x0, 0x0, 0x5,
    0xd9, 0xff, 0xff, 0xff, 0xff, 0x74, 0x0, 0x0,
    0x0, 0x1e, 0xad, 0xf2, 0xff, 0xef, 0x62,

    /* U+0075 "u" */
    0x80, 0xff, 0xff, 0xb4, 0x0, 0x0, 0x0, 0xa8,
    0xff, 0xff, 0x8c, 0x80, 0xff, 0xff, 0xb4, 0x0,
    0x0, 0x0, 0xa8, 0xff, 0xff, 0x8c, 0x80, 0xff,
    0xff, 0xb4, 0x0, 0x0, 0x0, 0xa8, 0xff, 0xff,
    0x8c, 0x80, 0xff, 0xff, 0xb4, 0x0, 0x0, 0x0,
    0xa8, 0xff, 0xff, 0x8c, 0x80, 0xff, 0xff, 0xb4,
    0x0, 0x0, 0x0, 0xa8, 0xff, 0xff, 0x8c, 0x80,
    0xff, 0xff, 0xb4, 0x0, 0x0, 0x0, 0xa8, 0xff,
    0xff, 0x8c, 0x80, 0xff, 0xff, 0xb4, 0x0, 0x0,
    0x0, 0xa8, 0xff, 0xff, 0x8c, 0x80, 0xff, 0xff,
    0xb4, 0x0, 0x0, 0x0, 0xa8, 0xff, 0xff, 0x8c,
    0x80, 0xff, 0xff, 0xb4, 0x0, 0x0, 0x0, 0xa8,
    0xff, 0xff, 0x8c, 0x80, 0xff, 0xff, 0xb4, 0x0,
    0x0, 0x0, 0xa8, 0xff, 0xff, 0x8c, 0x80, 0xff,
    0xff, 0xb4, 0x0, 0x0, 0x0, 0xa8, 0xff, 0xff,
    0x8c, 0x80, 0xff, 0xff, 0xb4, 0x0, 0x0, 0x0,
    0xa8, 0xff, 0xff, 0x8c, 0x80, 0xff, 0xff, 0xb4,
    0x0, 0x0, 0x0, 0xa8, 0xff, 0xff, 0x8c, 0x80,
    0xff, 0xff, 0xb6, 0x0, 0x0, 0x0, 0xa8, 0xff,
    0xff, 0x8c, 0x7d, 0xff, 0xff, 0xda, 0x1, 0x0,
    0x22, 0xd9, 0xff, 0xff, 0x8c, 0x63, 0xff, 0xff,
    0xff, 0xb9, 0xa6, 0xf6, 0xff, 0xff, 0xff, 0x8c,
    0x1f, 0xfb, 0xff, 0xff, 0xff, 0xff, 0xbb, 0xb9,
    0xff, 0xff, 0x8c, 0x0, 0x62, 0xeb, 0xf9, 0xcc,
    0x60, 0x1, 0xa8, 0xff, 0xff, 0x8c,

    /* U+0076 "v" */
    0x73, 0xff, 0xff, 0xc2, 0x0, 0x0, 0x0, 0x17,
    0xff, 0xff, 0xfb, 0x7, 0x42, 0xff, 0xff, 0xe9,
    0x0, 0x0, 0x0, 0x3e, 0xff, 0xff, 0xd2, 0x0,
    0x12, 0xff, 0xff, 0xff, 0xe, 0x0, 0x0, 0x64,
    0xff, 0xff, 0xa2, 0x0, 0x0, 0xe2, 0xff, 0xff,
    0x33, 0x0, 0x0, 0x8a, 0xff, 0xff, 0x73, 0x0,
    0x0, 0xb2, 0xff, 0xff, 0x59, 0x0, 0x0, 0xb1,
    0xff, 0xff, 0x46, 0x0, 0x0, 0x82, 0xff, 0xff,
    0x7e, 0x0, 0x0, 0xd7, 0xff, 0xff, 0x16, 0x0,
    0x0, 0x4f, 0xff, 0xff, 0xa4, 0x0, 0x4, 0xfa,
    0xff, 0xe6, 0x0, 0x0, 0x0, 0x1e, 0xff, 0xff,
    0xca, 0x0, 0x24, 0xff, 0xff, 0xb8, 0x0, 0x0,
    0x0, 0x0, 0xee, 0xff, 0xef, 0x0, 0x4a, 0xff,
    0xff, 0x8a, 0x0, 0x0, 0x0, 0x0, 0xbe, 0xff,
    0xff, 0x15, 0x71, 0xff, 0xff, 0x5a, 0x0, 0x0,
    0x0, 0x0, 0x8e, 0xff, 0xff, 0x3a, 0x97, 0xff,
    0xff, 0x2a, 0x0, 0x0, 0x0, 0x0, 0x5e, 0xff,
    0xff, 0x5f, 0xbe, 0xff, 0xf9, 0x5, 0x0, 0x0,
    0x0, 0x0, 0x2a, 0xff, 0xff, 0x86, 0xe4, 0xff,
    0xce, 0x0, 0x0, 0x0, 0x0, 0x0, 0x4, 0xf7,
    0xff, 0xb6, 0xff, 0xff, 0x9e, 0x0, 0x0, 0x0,
    0x0, 0x0, 0x0, 0xca, 0xff, 0xf7, 0xff, 0xff,
    0x71, 0x0, 0x0, 0x0, 0x0, 0x0, 0x0, 0x9a,
    0xff, 0xff, 0xff, 0xff, 0x42, 0x0, 0x0, 0x0,
    0x0, 0x0, 0x0, 0x6a, 0xff, 0xff, 0xff, 0xff,
    0x12, 0x0, 0x0, 0x0, 0x0, 0x0, 0x0, 0x39,
    0xff, 0xff, 0xff, 0xe2, 0x0, 0x0, 0x0, 0x0,

    /* U+0077 "w" */
    0x14, 0xff, 0xff, 0x8d, 0x0, 0x0, 0x0, 0x7e,
    0xff, 0xff, 0x22, 0x0, 0x0, 0x0, 0xe9, 0xff,
    0xb8, 0x0, 0xed, 0xff, 0xb0, 0x0, 0x0, 0x0,
    0xab, 0xff, 0xff, 0x4e, 0x0, 0x0, 0xc, 0xff,
    0xff, 0x8e, 0x0, 0xc6, 0xff, 0xd3, 0x0, 0x0,
    0x0, 0xd8, 0xff, 0xff, 0x7d, 0x0, 0x0, 0x30,
    0xff, 0xff, 0x66, 0x0, 0x9e, 0xff, 0xf4, 0x1,
    0x0, 0x7, 0xfc, 0xff, 0xff, 0xa9, 0x0, 0x0,
    0x52, 0xff, 0xff, 0x3d, 0x0, 0x76, 0xff, 0xff,
    0x18, 0x0, 0x32, 0xff, 0xff, 0xff, 0xd6, 0x0,
    0x0, 0x75, 0xff, 0xff, 0x14, 0x0, 0x4e, 0xff,
    0xff, 0x3b, 0x0, 0x5e, 0xff, 0xe8, 0xff, 0xfb,
    0x7, 0x0, 0x98, 0xff, 0xeb, 0x0, 0x0, 0x27,
    0xff, 0xff, 0x5d, 0x0, 0x8a, 0xff, 0x9e, 0xee,
    0xff, 0x2f, 0x0, 0xbb, 0xff, 0xc2, 0x0, 0x0,
    0x5, 0xfb, 0xff, 0x80, 0x0, 0xb7, 0xff, 0x72,
    0xbe, 0xff, 0x5c, 0x0, 0xdd, 0xff, 0x99, 0x0,
    0x0, 0x0, 0xd8, 0xff, 0xa3, 0x0, 0xe3, 0xff,
    0x42, 0x8e, 0xff, 0x89, 0x4, 0xfc, 0xff, 0x70,
    0x0, 0x0, 0x0, 0xb0, 0xff, 0xc5, 0x10, 0xff,
    0xff, 0x13, 0x5e, 0xff, 0xb6, 0x24, 0xff, 0xff,
    0x48, 0x0, 0x0, 0x0, 0x89, 0xff, 0xe8, 0x3d,
    0xff, 0xe3, 0x0, 0x2f, 0xff, 0xe2, 0x47, 0xff,
    0xff, 0x1e, 0x0, 0x0, 0x0, 0x62, 0xff, 0xff,
    0x76, 0xff, 0xb6, 0x0, 0x5, 0xf9, 0xff, 0x77,
    0xff, 0xf5, 0x1, 0x0, 0x0, 0x0, 0x39, 0xff,
    0xff, 0xc3, 0xff, 0x86, 0x0, 0x0, 0xce, 0xff,
    0xc9, 0xff, 0xcc, 0x0, 0x0, 0x0, 0x0, 0x12,
    0xff, 0xff, 0xfd, 0xff, 0x56, 0x0, 0x0, 0x9e,
    0xff, 0xfe, 0xff, 0xa4, 0x0, 0x0, 0x0, 0x0,
    0x0, 0xea, 0xff, 0xff, 0xff, 0x28, 0x0, 0x0,
    0x6f, 0xff, 0xff, 0xff, 0x7b, 0x0, 0x0, 0x0,
    0x0, 0x0, 0xc2, 0xff, 0xff, 0xf7, 0x3, 0x0,
    0x0, 0x3e, 0xff, 0xff, 0xff, 0x52, 0x0, 0x0,
    0x0, 0x0, 0x0, 0x9c, 0xff, 0xff, 0xca, 0x0,
    0x0, 0x0, 0x11, 0xff, 0xff, 0xff, 0x29, 0x0,
    0x0, 0x0, 0x0, 0x0, 0x74, 0xff, 0xff, 0x9a,
    0x0, 0x0, 0x0, 0x0, 0xe2, 0xff, 0xfb, 0x5,
    0x0, 0x0,

    /* U+0078 "x" */
    0x6a, 0xff, 0xff, 0xa5, 0x0, 0x0, 0x0, 0xa,
    0xf0, 0xff, 0xff, 0x27, 0xb, 0xee, 0xff, 0xfb,
    0x1b, 0x0, 0x0, 0x60, 0xff, 0xff, 0xb6, 0x0,
    0x0, 0x86, 0xff, 0xff, 0x89, 0x0, 0x0, 0xc5,
    0xff, 0xff, 0x43, 0x0, 0x0, 0x1b, 0xfa, 0xff,
    0xef, 0xd, 0x29, 0xff, 0xff, 0xd2, 0x1, 0x0,
    0x0, 0x0, 0xa1, 0xff, 0xff, 0x6e, 0x8e, 0xff,
    0xff, 0x61, 0x0, 0x0, 0x0, 0x0, 0x2f, 0xff,
    0xff, 0xde, 0xec, 0xff, 0xe8, 0x7, 0x0, 0x0,
    0x0, 0x0, 0x0, 0xbd, 0xff, 0xff, 0xff, 0xff,
    0x7e, 0x0, 0x0, 0x0, 0x0, 0x0, 0x0, 0x4a,
    0xff, 0xff, 0xff, 0xf7, 0x14, 0x0, 0x0, 0x0,
    0x0, 0x0, 0x0, 0x1, 0xef, 0xff, 0xff, 0x9b,
    0x0, 0x0, 0x0, 0x0, 0x0, 0x0, 0x0, 0x3b,
    0xff, 0xff, 0xff, 0xa8, 0x0, 0x0, 0x0, 0x0,
    0x0, 0x0, 0x0, 0xa4, 0xff, 0xff, 0xff, 0xfc,
    0x1f, 0x0, 0x0, 0x0, 0x0, 0x0, 0x15, 0xf9,
    0xff, 0xff, 0xff, 0xff, 0x8d, 0x0, 0x0, 0x0,
    0x0, 0x0, 0x78, 0xff, 0xff, 0x83, 0xfb, 0xff,
    0xf1, 0xd, 0x0, 0x0, 0x0, 0x2, 0xdf, 0xff,
    0xf6, 0x10, 0xa4, 0xff, 0xff, 0x71, 0x0, 0x0,
    0x0, 0x4c, 0xff, 0xff, 0xa4, 0x0, 0x32, 0xff,
    0xff, 0xdf, 0x3, 0x0, 0x0, 0xb4, 0xff, 0xff,
    0x41, 0x0, 0x0, 0xbe, 0xff, 0xff, 0x54, 0x0,
    0x21, 0xfd, 0xff, 0xde, 0x1, 0x0, 0x0, 0x4d,
    0xff, 0xff, 0xc6, 0x0, 0x87, 0xff, 0xff, 0x7c,
    0x0, 0x0, 0x0, 0x2, 0xd9, 0xff, 0xff, 0x37,

    /* U+0079 "y" */
    0x85, 0xff, 0xff, 0xae, 0x0, 0x0, 0x0, 0x0,
    0xe6, 0xff, 0xff, 0x53, 0x4b, 0xff, 0xff, 0xdd,
    0x0, 0x0, 0x0, 0x13, 0xff, 0xff, 0xff, 0x1a,
    0x11, 0xfe, 0xff, 0xfe, 0xc, 0x0, 0x0, 0x3e,
    0xff, 0xff, 0xe1, 0x0, 0x0, 0xd3, 0xff, 0xff,
    0x38, 0x0, 0x0, 0x6a, 0xff, 0xff, 0xa8, 0x0,
    0x0, 0x99, 0xff, 0xff, 0x66, 0x0, 0x0, 0x96,
    0xff, 0xff, 0x6f, 0x0, 0x0, 0x5c, 0xff, 0xff,
    0x93, 0x0, 0x0, 0xc2, 0xff, 0xff, 0x36, 0x0,
    0x0, 0x21, 0xff, 0xff, 0xc2, 0x0, 0x0, 0xed,
    0xff, 0xf7, 0x6, 0x0, 0x0, 0x0, 0xe5, 0xff,
    0xee, 0x0, 0x19, 0xff, 0xff, 0xc4, 0x0, 0x0,
    0x0, 0x0, 0xa8, 0xff, 0xff, 0x1d, 0x45, 0xff,
    0xff, 0x8a, 0x0, 0x0, 0x0, 0x0, 0x6e, 0xff,
    0xff, 0x4a, 0x72, 0xff, 0xff, 0x52, 0x0, 0x0,
    0x0, 0x0, 0x32, 0xff, 0xff, 0x78, 0x9d, 0xff,
    0xff, 0x18, 0x0, 0x0, 0x0, 0x0, 0x3, 0xf3,
    0xff, 0xa6, 0xc9, 0xff, 0xdf, 0x0, 0x0, 0x0,
    0x0, 0x0, 0x0, 0xbb, 0xff, 0xd4, 0xf4, 0xff,
    0xa6, 0x0, 0x0, 0x0, 0x0, 0x0, 0x0, 0x7f,
    0xff, 0xff, 0xff, 0xff, 0x6d, 0x0, 0x0, 0x0,
    0x0, 0x0, 0x0, 0x43, 0xff, 0xff, 0xff, 0xff,
    0x34, 0x0, 0x0, 0x0, 0x0, 0x0, 0x0, 0xd,
    0xfd, 0xff, 0xff, 0xf6, 0x5, 0x0, 0x0, 0x0,
    0x0, 0x0, 0x0, 0x0, 0xd0, 0xff, 0xff, 0xc2,
    0x0, 0x0, 0x0, 0x0, 0x0, 0x0, 0x0, 0x0,
    0x9a, 0xff, 0xff, 0x89, 0x0, 0x0, 0x0, 0x0,
    0x0, 0x0, 0x0, 0x0, 0x94, 0xff, 0xff, 0x4e,
    0x0, 0x0, 0x0, 0x0, 0x0, 0x57, 0x8e, 0xb3,
    0xfd, 0xff, 0xef, 0xc, 0x0, 0x0, 0x0, 0x0,
    0x0, 0xa8, 0xff, 0xff, 0xff, 0xfc, 0x59, 0x0,
    0x0, 0x0, 0x0, 0x0, 0x0, 0xa8, 0xf9, 0xde,
    0xa3, 0x34, 0x0, 0x0, 0x0, 0x0, 0x0, 0x0,

    /* U+007A "z" */
    0x0, 0x80, 0xff, 0xff, 0xff, 0xff, 0xff, 0xff,
    0xff, 0xb8, 0x0, 0x80, 0xff, 0xff, 0xff, 0xff,
    0xff, 0xff, 0xff, 0xb6, 0x0, 0x3a, 0x74, 0x74,
    0x74, 0x74, 0xea, 0xff, 0xff, 0x70, 0x0, 0x0,
    0x0, 0x0, 0x0, 0x28, 0xff, 0xff, 0xf9, 0x14,
    0x0, 0x0, 0x0, 0x0, 0x0, 0x8d, 0xff, 0xff,
    0xa9, 0x0, 0x0, 0x0, 0x0, 0x0, 0x7, 0xec,
    0xff, 0xff, 0x45, 0x0, 0x0, 0x0, 0x0, 0x0,
    0x59, 0xff, 0xff, 0xe0, 0x2, 0x0, 0x0, 0x0,
    0x0, 0x0, 0xbe, 0xff, 0xff, 0x7e, 0x0, 0x0,
    0x0, 0x0, 0x0, 0x26, 0xff, 0xff, 0xfd, 0x1e,
    0x0, 0x0, 0x0, 0x0, 0x0, 0x8b, 0xff, 0xff,
    0xb7, 0x0, 0x0, 0x0, 0x0, 0x0, 0x6, 0xeb,
    0xff, 0xff, 0x54, 0x0, 0x0, 0x0, 0x0, 0x0,
    0x56, 0xff, 0xff, 0xeb, 0x5, 0x0, 0x0, 0x0,
    0x0, 0x0, 0xbd, 0xff, 0xff, 0x8c, 0x0, 0x0,
    0x0, 0x0, 0x0, 0x23, 0xff, 0xff, 0xff, 0x29,
    0x0, 0x0, 0x0, 0x0, 0x0, 0x87, 0xff, 0xff,
    0xc5, 0x0, 0x0, 0x0, 0x0, 0x0, 0x3, 0xe8,
    0xff, 0xff, 0xbb, 0x7c, 0x7c, 0x7c, 0x7c, 0x4a,
    0xc, 0xff, 0xff, 0xff, 0xff, 0xff, 0xff, 0xff,
    0xff, 0x98, 0xc, 0xff, 0xff, 0xff, 0xff, 0xff,
    0xff, 0xff, 0xff, 0x98,

    /* U+007B "{" */
    0x0, 0x0, 0x9, 0x8a, 0xd4, 0xf1, 0xfc, 0x50,
    0x0, 0x0, 0x90, 0xff, 0xff, 0xff, 0xff, 0x50,
    0x0, 0x0, 0xe0, 0xff, 0xff, 0xe6, 0x7c, 0x22,
    0x0, 0x1, 0xfc, 0xff, 0xff, 0x69, 0x0, 0x0,
    0x0, 0xa, 0xff, 0xff, 0xff, 0x51, 0x0, 0x0,
    0x0, 0x10, 0xff, 0xff, 0xff, 0x4c, 0x0, 0x0,
    0x0, 0x10, 0xff, 0xff, 0xff, 0x4c, 0x0, 0x0,
    0x0, 0x10, 0xff, 0xff, 0xff, 0x4c, 0x0, 0x0,
    0x0, 0x10, 0xff, 0xff, 0xff, 0x4c, 0x0, 0x0,
    0x0, 0x10, 0xff, 0xff, 0xff, 0x4c, 0x0, 0x0,
    0x0, 0x11, 0xff, 0xff, 0xff, 0x4c, 0x0, 0x0,
    0x0, 0x18, 0xff, 0xff, 0xff, 0x46, 0x0, 0x0,
    0x0, 0x2f, 0xff, 0xff, 0xff, 0x2f, 0x0, 0x0,
    0x8, 0x91, 0xff, 0xff, 0xec, 0x4, 0x0, 0x0,
    0xcc, 0xff, 0xff, 0xf9, 0x52, 0x0, 0x0, 0x0,
    0xcc, 0xff, 0xff, 0xd6, 0x29, 0x0, 0x0, 0x0,
    0x3e, 0xc0, 0xff, 0xff, 0xcd, 0x0, 0x0, 0x0,
    0x0, 0x3e, 0xff, 0xff, 0xff, 0x1d, 0x0, 0x0,
    0x0, 0x1e, 0xff, 0xff, 0xff, 0x40, 0x0, 0x0,
    0x0, 0x12, 0xff, 0xff, 0xff, 0x4b, 0x0, 0x0,
    0x0, 0x10, 0xff, 0xff, 0xff, 0x4c, 0x0, 0x0,
    0x0, 0x10, 0xff, 0xff, 0xff, 0x4c, 0x0, 0x0,
    0x0, 0x10, 0xff, 0xff, 0xff, 0x4c, 0x0, 0x0,
    0x0, 0x10, 0xff, 0xff, 0xff, 0x4c, 0x0, 0x0,
    0x0, 0x10, 0xff, 0xff, 0xff, 0x4c, 0x0, 0x0,
    0x0, 0xf, 0xff, 0xff, 0xff, 0x4c, 0x0, 0x0,
    0x0, 0x8, 0xff, 0xff, 0xff, 0x52, 0x0, 0x0,
    0x0, 0x0, 0xf9, 0xff, 0xff, 0x6a, 0x0, 0x0,
    0x0, 0x0, 0xd9, 0xff, 0xff, 0xe4, 0x7f, 0x23,
    0x0, 0x0, 0x83, 0xff, 0xff, 0xff, 0xff, 0x50,
    0x0, 0x0, 0x5, 0x7e, 0xcf, 0xef, 0xfc, 0x50,

    /* U+007C "|" */
    0xf0, 0xff, 0xff, 0x10, 0xf0, 0xff, 0xff, 0x10,
    0xf0, 0xff, 0xff, 0x10, 0xf0, 0xff, 0xff, 0x10,
    0xf0, 0xff, 0xff, 0x10, 0xf0, 0xff, 0xff, 0x10,
    0xf0, 0xff, 0xff, 0x10, 0xf0, 0xff, 0xff, 0x10,
    0xf0, 0xff, 0xff, 0x10, 0xf0, 0xff, 0xff, 0x10,
    0xf0, 0xff, 0xff, 0x10, 0xf0, 0xff, 0xff, 0x10,
    0xf0, 0xff, 0xff, 0x10, 0xf0, 0xff, 0xff, 0x10,
    0xf0, 0xff, 0xff, 0x10, 0xf0, 0xff, 0xff, 0x10,
    0xf0, 0xff, 0xff, 0x10, 0xf0, 0xff, 0xff, 0x10,
    0xf0, 0xff, 0xff, 0x10, 0xf0, 0xff, 0xff, 0x10,
    0xf0, 0xff, 0xff, 0x10, 0xf0, 0xff, 0xff, 0x10,
    0xf0, 0xff, 0xff, 0x10, 0xf0, 0xff, 0xff, 0x10,
    0xf0, 0xff, 0xff, 0x10, 0xf0, 0xff, 0xff, 0x10,
    0xf0, 0xff, 0xff, 0x10, 0xf0, 0xff, 0xff, 0x10,
    0xf0, 0xff, 0xff, 0x10, 0x78, 0x80, 0x80, 0x8,

    /* U+007D "}" */
    0xb0, 0xf9, 0xe9, 0xc1, 0x53, 0x0, 0x0, 0x0,
    0xb0, 0xff, 0xff, 0xff, 0xfe, 0x33, 0x0, 0x0,
    0x4d, 0x99, 0xff, 0xff, 0xff, 0x80, 0x0, 0x0,
    0x0, 0x0, 0xc9, 0xff, 0xff, 0x9d, 0x0, 0x0,
    0x0, 0x0, 0xb1, 0xff, 0xff, 0xaa, 0x0, 0x0,
    0x0, 0x0, 0xac, 0xff, 0xff, 0xaf, 0x0, 0x0,
    0x0, 0x0, 0xac, 0xff, 0xff, 0xb0, 0x0, 0x0,
    0x0, 0x0, 0xac, 0xff, 0xff, 0xb0, 0x0, 0x0,
    0x0, 0x0, 0xac, 0xff, 0xff, 0xb0, 0x0, 0x0,
    0x0, 0x0, 0xac, 0xff, 0xff, 0xb0, 0x0, 0x0,
    0x0, 0x0, 0xac, 0xff, 0xff, 0xb0, 0x0, 0x0,
    0x0, 0x0, 0xa6, 0xff, 0xff, 0xb7, 0x0, 0x0,
    0x0, 0x0, 0x8e, 0xff, 0xff, 0xce, 0x0, 0x0,
    0x0, 0x0, 0x50, 0xff, 0xff, 0xfc, 0x3b, 0x1,
    0x0, 0x0, 0x2, 0xaa, 0xff, 0xff, 0xff, 0x70,
    0x0, 0x0, 0x0, 0x66, 0xf5, 0xff, 0xff, 0x70,
    0x0, 0x0, 0x30, 0xfe, 0xff, 0xff, 0x81, 0x1f,
    0x0, 0x0, 0x7e, 0xff, 0xff, 0xdd, 0x0, 0x0,
    0x0, 0x0, 0xa0, 0xff, 0xff, 0xbd, 0x0, 0x0,
    0x0, 0x0, 0xab, 0xff, 0xff, 0xb2, 0x0, 0x0,
    0x0, 0x0, 0xac, 0xff, 0xff, 0xb0, 0x0, 0x0,
    0x0, 0x0, 0xac, 0xff, 0xff, 0xb0, 0x0, 0x0,
    0x0, 0x0, 0xac, 0xff, 0xff, 0xb0, 0x0, 0x0,
    0x0, 0x0, 0xac, 0xff, 0xff, 0xb0, 0x0, 0x0,
    0x0, 0x0, 0xac, 0xff, 0xff, 0xb0, 0x0, 0x0,
    0x0, 0x0, 0xad, 0xff, 0xff, 0xae, 0x0, 0x0,
    0x0, 0x0, 0xb2, 0xff, 0xff, 0xa8, 0x0, 0x0,
    0x0, 0x0, 0xcd, 0xff, 0xff, 0x99, 0x0, 0x0,
    0x4e, 0x98, 0xff, 0xff, 0xff, 0x78, 0x0, 0x0,
    0xb0, 0xff, 0xff, 0xff, 0xfc, 0x28, 0x0, 0x0,
    0xb0, 0xf9, 0xe6, 0xba, 0x46, 0x0, 0x0, 0x0,

    /* U+007E "~" */
    0x0, 0x0, 0x46, 0x9f, 0x77, 0xb, 0x0, 0x0,
    0x0, 0x0, 0x1, 0x0, 0x6, 0x9b, 0xff, 0xff,
    0xff, 0xdf, 0x42, 0x0, 0x0, 0x6e, 0x99, 0x0,
    0xad, 0xff, 0xff, 0xff, 0xff, 0xff, 0xff, 0xc1,
    0xc5, 0xff, 0xff, 0x2b, 0x67, 0xee, 0x58, 0xa,
    0x56, 0xe4, 0xff, 0xff, 0xff, 0xff, 0x77, 0x0,
    0x0, 0x1a, 0x0, 0x0, 0x0, 0xe, 0x94, 0xf3,
    0xdc, 0x4d, 0x0, 0x0
};

/*---------------------
 *  GLYPH DESCRIPTION
 *--------------------*/

static const lv_font_fmt_txt_glyph_dsc_t glyph_dsc[] = {
    {.bitmap_index = 0, .adv_w = 0, .box_w = 0, .box_h = 0, .ofs_x = 0, .ofs_y = 0} /* id = 0 reserved */,
    {.bitmap_index = 0, .adv_w = 110, .box_w = 0, .box_h = 0, .ofs_x = 0, .ofs_y = 0},
    {.bitmap_index = 0, .adv_w = 100, .box_w = 4, .box_h = 25, .ofs_x = 1, .ofs_y = 0},
    {.bitmap_index = 100, .adv_w = 128, .box_w = 8, .box_h = 8, .ofs_x = 0, .ofs_y = 17},
    {.bitmap_index = 164, .adv_w = 233, .box_w = 14, .box_h = 25, .ofs_x = 0, .ofs_y = 0},
    {.bitmap_index = 514, .adv_w = 236, .box_w = 13, .box_h = 30, .ofs_x = 1, .ofs_y = -2},
    {.bitmap_index = 904, .adv_w = 428, .box_w = 25, .box_h = 25, .ofs_x = 1, .ofs_y = 0},
    {.bitmap_index = 1529, .adv_w = 291, .box_w = 16, .box_h = 25, .ofs_x = 1, .ofs_y = 0},
    {.bitmap_index = 1929, .adv_w = 61, .box_w = 4, .box_h = 8, .ofs_x = 0, .ofs_y = 17},
    {.bitmap_index = 1961, .adv_w = 143, .box_w = 7, .box_h = 31, .ofs_x = 2, .ofs_y = -6},
    {.bitmap_index = 2178, .adv_w = 125, .box_w = 7, .box_h = 31, .ofs_x = 0, .ofs_y = -6},
    {.bitmap_index = 2395, .adv_w = 191, .box_w = 11, .box_h = 11, .ofs_x = 1, .ofs_y = 14},
    {.bitmap_index = 2516, .adv_w = 199, .box_w = 12, .box_h = 13, .ofs_x = 0, .ofs_y = 7},
    {.bitmap_index = 2672, .adv_w = 90, .box_w = 4, .box_h = 9, .ofs_x = 1, .ofs_y = -5},
    {.bitmap_index = 2708, .adv_w = 145, .box_w = 7, .box_h = 3, .ofs_x = 1, .ofs_y = 8},
    {.bitmap_index = 2729, .adv_w = 90, .box_w = 4, .box_h = 4, .ofs_x = 1, .ofs_y = 0},
    {.bitmap_index = 2745, .adv_w = 177, .box_w = 11, .box_h = 25, .ofs_x = 0, .ofs_y = 0},
    {.bitmap_index = 3020, .adv_w = 248, .box_w = 13, .box_h = 25, .ofs_x = 1, .ofs_y = 0},
    {.bitmap_index = 3345, .adv_w = 181, .box_w = 9, .box_h = 25, .ofs_x = 0, .ofs_y = 0},
    {.bitmap_index = 3570, .adv_w = 229, .box_w = 13, .box_h = 25, .ofs_x = 1, .ofs_y = 0},
    {.bitmap_index = 3895, .adv_w = 229, .box_w = 13, .box_h = 25, .ofs_x = 1, .ofs_y = 0},
    {.bitmap_index = 4220, .adv_w = 232, .box_w = 14, .box_h = 25, .ofs_x = 1, .ofs_y = 0},
    {.bitmap_index = 4570, .adv_w = 228, .box_w = 13, .box_h = 25, .ofs_x = 1, .ofs_y = 0},
    {.bitmap_index = 4895, .adv_w = 241, .box_w = 13, .box_h = 25, .ofs_x = 1, .ofs_y = 0},
    {.bitmap_index = 5220, .adv_w = 185, .box_w = 11, .box_h = 25, .ofs_x = 0, .ofs_y = 0},
    {.bitmap_index = 5495, .adv_w = 240, .box_w = 13, .box_h = 25, .ofs_x = 1, .ofs_y = 0},
    {.bitmap_index = 5820, .adv_w = 241, .box_w = 13, .box_h = 25, .ofs_x = 1, .ofs_y = 0},
    {.bitmap_index = 6145, .adv_w = 95, .box_w = 5, .box_h = 14, .ofs_x = 1, .ofs_y = 3},
    {.bitmap_index = 6215, .adv_w = 103, .box_w = 5, .box_h = 19, .ofs_x = 1, .ofs_y = -1},
    {.bitmap_index = 6310, .adv_w = 179, .box_w = 10, .box_h = 14, .ofs_x = 0, .ofs_y = 6},
    {.bitmap_index = 6450, .adv_w = 199, .box_w = 10, .box_h = 8, .ofs_x = 1, .ofs_y = 9},
    {.bitmap_index = 6530, .adv_w = 179, .box_w = 10, .box_h = 14, .ofs_x = 1, .ofs_y = 6},
    {.bitmap_index = 6670, .adv_w = 232, .box_w = 13, .box_h = 25, .ofs_x = 1, .ofs_y = 0},
    {.bitmap_index = 6995, .adv_w = 434, .box_w = 25, .box_h = 29, .ofs_x = 1, .ofs_y = -4},
    {.bitmap_index = 7720, .adv_w = 236, .box_w = 15, .box_h = 25, .ofs_x = 0, .ofs_y = 0},
    {.bitmap_index = 8095, .adv_w = 252, .box_w = 14, .box_h = 25, .ofs_x = 1, .ofs_y = 0},
    {.bitmap_index = 8445, .adv_w = 247, .box_w = 14, .box_h = 25, .ofs_x = 1, .ofs_y = 0},
    {.bitmap_index = 8795, .adv_w = 253, .box_w = 14, .box_h = 25, .ofs_x = 1, .ofs_y = 0},
    {.bitmap_index = 9145, .adv_w = 195, .box_w = 11, .box_h = 25, .ofs_x = 1, .ofs_y = 0},
    {.bitmap_index = 9420, .adv_w = 188, .box_w = 11, .box_h = 25, .ofs_x = 1, .ofs_y = 0},
    {.bitmap_index = 9695, .adv_w = 257, .box_w = 14, .box_h = 25, .ofs_x = 1, .ofs_y = 0},
    {.bitmap_index = 10045, .adv_w = 269, .box_w = 14, .box_h = 25, .ofs_x = 1, .ofs_y = 0},
    {.bitmap_index = 10395, .adv_w = 119, .box_w = 4, .box_h = 25, .ofs_x = 2, .ofs_y = 0},
    {.bitmap_index = 10495, .adv_w = 144, .box_w = 8, .box_h = 25, .ofs_x = 0, .ofs_y = 0},
    {.bitmap_index = 10695, .adv_w = 238, .box_w = 14, .box_h = 25, .ofs_x = 1, .ofs_y = 0},
    {.bitmap_index = 11045, .adv_w = 191, .box_w = 11, .box_h = 25, .ofs_x = 1, .ofs_y = 0},
    {.bitmap_index = 11320, .adv_w = 317, .box_w = 17, .box_h = 25, .ofs_x = 1, .ofs_y = 0},
    {.bitmap_index = 11745, .adv_w = 253, .box_w = 13, .box_h = 25, .ofs_x = 1, .ofs_y = 0},
    {.bitmap_index = 12070, .adv_w = 259, .box_w = 14, .box_h = 25, .ofs_x = 1, .ofs_y = 0},
    {.bitmap_index = 12420, .adv_w = 230, .box_w = 13, .box_h = 25, .ofs_x = 1, .ofs_y = 0},
    {.bitmap_index = 12745, .adv_w = 260, .box_w = 14, .box_h = 30, .ofs_x = 1, .ofs_y = -5},
    {.bitmap_index = 13165, .adv_w = 249, .box_w = 14, .box_h = 25, .ofs_x = 1, .ofs_y = 0},
    {.bitmap_index = 13515, .adv_w = 227, .box_w = 13, .box_h = 25, .ofs_x = 1, .ofs_y = 0},
    {.bitmap_index = 13840, .adv_w = 198, .box_w = 12, .box_h = 25, .ofs_x = 0, .ofs_y = 0},
    {.bitmap_index = 14140, .adv_w = 261, .box_w = 14, .box_h = 25, .ofs_x = 1, .ofs_y = 0},
    {.bitmap_index = 14490, .adv_w = 242, .box_w = 15, .box_h = 25, .ofs_x = 0, .ofs_y = 0},
    {.bitmap_index = 14865, .adv_w = 350, .box_w = 20, .box_h = 25, .ofs_x = 1, .ofs_y = 0},
    {.bitmap_index = 15365, .adv_w = 231, .box_w = 15, .box_h = 25, .ofs_x = 0, .ofs_y = 0},
    {.bitmap_index = 15740, .adv_w = 231, .box_w = 15, .box_h = 25, .ofs_x = 0, .ofs_y = 0},
    {.bitmap_index = 16115, .adv_w = 200, .box_w = 11, .box_h = 25, .ofs_x = 1, .ofs_y = 0},
    {.bitmap_index = 16390, .adv_w = 163, .box_w = 8, .box_h = 30, .ofs_x = 1, .ofs_y = -5},
    {.bitmap_index = 16630, .adv_w = 177, .box_w = 11, .box_h = 25, .ofs_x = 0, .ofs_y = 0},
    {.bitmap_index = 16905, .adv_w = 149, .box_w = 8, .box_h = 30, .ofs_x = 0, .ofs_y = -5},
    {.bitmap_index = 17145, .adv_w = 213, .box_w = 12, .box_h = 10, .ofs_x = 1, .ofs_y = 15},
    {.bitmap_index = 17265, .adv_w = 165, .box_w = 11, .box_h = 3, .ofs_x = 0, .ofs_y = -4},
    {.bitmap_index = 17298, .adv_w = 133, .box_w = 6, .box_h = 6, .ofs_x = 1, .ofs_y = 19},
    {.bitmap_index = 17334, .adv_w = 196, .box_w = 12, .box_h = 18, .ofs_x = 0, .ofs_y = 0},
    {.bitmap_index = 17550, .adv_w = 215, .box_w = 12, .box_h = 25, .ofs_x = 1, .ofs_y = 0},
    {.bitmap_index = 17850, .adv_w = 197, .box_w = 11, .box_h = 18, .ofs_x = 1, .ofs_y = 0},
    {.bitmap_index = 18048, .adv_w = 212, .box_w = 11, .box_h = 25, .ofs_x = 1, .ofs_y = 0},
    {.bitmap_index = 18323, .adv_w = 202, .box_w = 11, .box_h = 18, .ofs_x = 1, .ofs_y = 0},
    {.bitmap_index = 18521, .adv_w = 138, .box_w = 9, .box_h = 24, .ofs_x = 0, .ofs_y = 0},
    {.bitmap_index = 18737, .adv_w = 212, .box_w = 14, .box_h = 24, .ofs_x = 0, .ofs_y = -5},
    {.bitmap_index = 19073, .adv_w = 214, .box_w = 11, .box_h = 25, .ofs_x = 1, .ofs_y = 0},
    {.bitmap_index = 19348, .adv_w = 110, .box_w = 5, .box_h = 24, .ofs_x = 1, .ofs_y = 0},
    {.bitmap_index = 19468, .adv_w = 110, .box_w = 7, .box_h = 28, .ofs_x = -1, .ofs_y = -4},
    {.bitmap_index = 19664, .adv_w = 206, .box_w = 12, .box_h = 25, .ofs_x = 1, .ofs_y = 0},
    {.bitmap_index = 19964, .adv_w = 110, .box_w = 5, .box_h = 25, .ofs_x = 1, .ofs_y = 0},
    {.bitmap_index = 20089, .adv_w = 326, .box_w = 18, .box_h = 18, .ofs_x = 1, .ofs_y = 0},
    {.bitmap_index = 20413, .adv_w = 211, .box_w = 11, .box_h = 18, .ofs_x = 1, .ofs_y = 0},
    {.bitmap_index = 20611, .adv_w = 204, .box_w = 11, .box_h = 18, .ofs_x = 1, .ofs_y = 0},
    {.bitmap_index = 20809, .adv_w = 214, .box_w = 12, .box_h = 24, .ofs_x = 1, .ofs_y = -6},
    {.bitmap_index = 21097, .adv_w = 213, .box_w = 11, .box_h = 24, .ofs_x = 1, .ofs_y = -6},
    {.bitmap_index = 21361, .adv_w = 154, .box_w = 9, .box_h = 18, .ofs_x = 1, .ofs_y = 0},
    {.bitmap_index = 21523, .adv_w = 180, .box_w = 11, .box_h = 18, .ofs_x = 0, .ofs_y = 0},
    {.bitmap_index = 21721, .adv_w = 148, .box_w = 9, .box_h = 23, .ofs_x = 0, .ofs_y = 0},
    {.bitmap_index = 21928, .adv_w = 211, .box_w = 11, .box_h = 18, .ofs_x = 1, .ofs_y = 0},
    {.bitmap_index = 22126, .adv_w = 185, .box_w = 12, .box_h = 18, .ofs_x = 0, .ofs_y = 0},
    {.bitmap_index = 22342, .adv_w = 282, .box_w = 17, .box_h = 18, .ofs_x = 0, .ofs_y = 0},
    {.bitmap_index = 22648, .adv_w = 187, .box_w = 12, .box_h = 18, .ofs_x = 0, .ofs_y = 0},
    {.bitmap_index = 22864, .adv_w = 188, .box_w = 12, .box_h = 22, .ofs_x = 0, .ofs_y = -4},
    {.bitmap_index = 23128, .adv_w = 167, .box_w = 10, .box_h = 18, .ofs_x = 0, .ofs_y = 0},
    {.bitmap_index = 23308, .adv_w = 144, .box_w = 8, .box_h = 31, .ofs_x = 1, .ofs_y = -6},
    {.bitmap_index = 23556, .adv_w = 115, .box_w = 4, .box_h = 30, .ofs_x = 2, .ofs_y = -5},
    {.bitmap_index = 23676, .adv_w = 154, .box_w = 8, .box_h = 31, .ofs_x = 1, .ofs_y = -6},
    {.bitmap_index = 23924, .adv_w = 215, .box_w = 12, .box_h = 5, .ofs_x = 1, .ofs_y = 11}
};

/*---------------------
 *  CHARACTER MAPPING
 *--------------------*/

/*Collect the unicode lists and glyph_id offsets*/
static const lv_font_fmt_txt_cmap_t cmaps[] =
{
    {
        .range_start = 32, .range_length = 95, .glyph_id_start = 1,
        .unicode_list = NULL, .glyph_id_ofs_list = NULL, .list_length = 0, .type = LV_FONT_FMT_TXT_CMAP_FORMAT0_TINY
    }
};

/*-----------------
 *    KERNING
 *----------------*/

/*Pair left and right glyphs for kerning*/
static const uint8_t kern_pair_glyph_ids[] =
{
    3, 34,
    3, 36,
    3, 40,
    3, 43,
    3, 48,
    3, 50,
    3, 66,
    3, 68,
    3, 69,
    3, 70,
    3, 72,
    3, 80,
    3, 82,
    3, 84,
    7, 53,
    8, 34,
    8, 36,
    8, 40,
    8, 43,
    8, 48,
    8, 50,
    8, 66,
    8, 68,
    8, 69,
    8, 70,
    8, 72,
    8, 80,
    8, 82,
    8, 84,
    11, 43,
    11, 57,
    13, 35,
    13, 36,
    13, 37,
    13, 38,
    13, 39,
    13, 40,
    13, 41,
    13, 42,
    13, 44,
    13, 45,
    13, 47,
    13, 48,
    13, 49,
    13, 50,
    13, 51,
    13, 53,
    13, 54,
    13, 55,
    13, 56,
    13, 58,
    13, 68,
    13, 69,
    13, 70,
    13, 80,
    13, 82,
    13, 85,
    13, 87,
    13, 88,
    13, 90,
    14, 53,
    14, 55,
    14, 56,
    14, 57,
    14, 58,
    15, 35,
    15, 36,
    15, 37,
    15, 38,
    15, 39,
    15, 40,
    15, 41,
    15, 42,
    15, 44,
    15, 45,
    15, 47,
    15, 48,
    15, 49,
    15, 50,
    15, 51,
    15, 53,
    15, 54,
    15, 55,
    15, 56,
    15, 58,
    15, 68,
    15, 69,
    15, 70,
    15, 80,
    15, 82,
    15, 85,
    15, 87,
    15, 88,
    15, 90,
    16, 36,
    16, 40,
    16, 48,
    16, 50,
    16, 52,
    16, 68,
    16, 69,
    16, 70,
    16, 80,
    16, 82,
    17, 24,
    17, 57,
    17, 58,
    18, 24,
    19, 21,
    21, 18,
    21, 24,
    22, 24,
    23, 18,
    23, 19,
    23, 24,
    23, 26,
    23, 58,
    24, 21,
    25, 24,
    25, 58,
    26, 24,
    27, 53,
    27, 55,
    27, 56,
    27, 58,
    28, 53,
    28, 55,
    28, 56,
    28, 58,
    34, 3,
    34, 8,
    34, 36,
    34, 40,
    34, 48,
    34, 52,
    34, 53,
    34, 54,
    34, 55,
    34, 56,
    34, 58,
    34, 71,
    34, 85,
    34, 87,
    34, 88,
    34, 90,
    35, 3,
    35, 8,
    35, 13,
    35, 15,
    35, 34,
    35, 53,
    35, 55,
    35, 56,
    35, 57,
    35, 58,
    36, 3,
    36, 8,
    36, 13,
    36, 15,
    36, 57,
    36, 58,
    37, 3,
    37, 8,
    37, 13,
    37, 15,
    37, 24,
    37, 34,
    37, 43,
    37, 53,
    37, 55,
    37, 57,
    37, 58,
    37, 59,
    37, 61,
    38, 68,
    38, 69,
    38, 70,
    38, 72,
    38, 80,
    38, 82,
    38, 84,
    39, 3,
    39, 8,
    39, 13,
    39, 15,
    39, 27,
    39, 28,
    39, 34,
    39, 43,
    39, 52,
    39, 66,
    39, 68,
    39, 69,
    39, 70,
    39, 72,
    39, 80,
    39, 82,
    39, 84,
    39, 89,
    39, 90,
    39, 91,
    40, 3,
    40, 8,
    40, 53,
    40, 55,
    40, 56,
    40, 58,
    43, 13,
    43, 15,
    44, 14,
    44, 36,
    44, 40,
    44, 48,
    44, 50,
    44, 52,
    44, 54,
    44, 66,
    44, 68,
    44, 69,
    44, 70,
    44, 72,
    44, 80,
    44, 82,
    44, 84,
    44, 85,
    44, 86,
    44, 87,
    44, 88,
    44, 90,
    45, 3,
    45, 8,
    45, 11,
    45, 14,
    45, 18,
    45, 24,
    45, 36,
    45, 40,
    45, 48,
    45, 50,
    45, 52,
    45, 53,
    45, 54,
    45, 55,
    45, 56,
    45, 58,
    45, 61,
    45, 68,
    45, 69,
    45, 70,
    45, 71,
    45, 72,
    45, 80,
    45, 82,
    45, 84,
    45, 85,
    45, 88,
    45, 90,
    46, 52,
    46, 53,
    46, 55,
    46, 58,
    48, 3,
    48, 8,
    48, 13,
    48, 15,
    48, 24,
    48, 34,
    48, 43,
    48, 53,
    48, 55,
    48, 57,
    48, 58,
    48, 59,
    48, 61,
    49, 13,
    49, 14,
    49, 15,
    49, 16,
    49, 21,
    49, 24,
    49, 34,
    49, 43,
    49, 52,
    49, 57,
    49, 59,
    49, 61,
    49, 66,
    49, 68,
    49, 69,
    49, 70,
    49, 72,
    49, 78,
    49, 79,
    49, 80,
    49, 82,
    49, 83,
    49, 84,
    49, 91,
    50, 3,
    50, 8,
    50, 13,
    50, 15,
    50, 24,
    50, 34,
    50, 43,
    50, 53,
    50, 55,
    50, 57,
    50, 58,
    50, 59,
    50, 61,
    51, 36,
    51, 40,
    51, 48,
    51, 50,
    51, 52,
    51, 53,
    51, 54,
    51, 55,
    51, 56,
    51, 58,
    51, 61,
    51, 66,
    51, 68,
    51, 69,
    51, 70,
    51, 80,
    51, 82,
    51, 88,
    51, 90,
    51, 91,
    52, 16,
    52, 34,
    52, 46,
    52, 52,
    52, 55,
    52, 57,
    52, 58,
    52, 61,
    53, 7,
    53, 13,
    53, 14,
    53, 15,
    53, 16,
    53, 27,
    53, 28,
    53, 34,
    53, 36,
    53, 40,
    53, 43,
    53, 46,
    53, 48,
    53, 50,
    53, 66,
    53, 68,
    53, 69,
    53, 70,
    53, 71,
    53, 72,
    53, 75,
    53, 78,
    53, 79,
    53, 80,
    53, 81,
    53, 82,
    53, 83,
    53, 84,
    53, 85,
    53, 86,
    53, 88,
    53, 89,
    53, 90,
    53, 91,
    54, 13,
    54, 15,
    54, 16,
    54, 34,
    55, 13,
    55, 14,
    55, 15,
    55, 16,
    55, 27,
    55, 28,
    55, 34,
    55, 36,
    55, 40,
    55, 43,
    55, 46,
    55, 48,
    55, 50,
    55, 52,
    55, 66,
    55, 68,
    55, 69,
    55, 70,
    55, 72,
    55, 78,
    55, 79,
    55, 80,
    55, 81,
    55, 82,
    55, 83,
    55, 84,
    55, 85,
    55, 86,
    55, 87,
    55, 88,
    55, 89,
    55, 90,
    55, 91,
    56, 13,
    56, 14,
    56, 15,
    56, 16,
    56, 27,
    56, 28,
    56, 34,
    56, 36,
    56, 40,
    56, 48,
    56, 50,
    56, 52,
    56, 61,
    56, 66,
    56, 68,
    56, 69,
    56, 70,
    56, 71,
    56, 72,
    56, 78,
    56, 79,
    56, 80,
    56, 81,
    56, 82,
    56, 83,
    56, 84,
    56, 87,
    56, 88,
    56, 89,
    56, 91,
    57, 11,
    57, 14,
    57, 17,
    57, 36,
    57, 40,
    57, 48,
    57, 50,
    57, 52,
    57, 61,
    57, 66,
    57, 68,
    57, 69,
    57, 70,
    57, 71,
    57, 72,
    57, 80,
    57, 82,
    57, 84,
    57, 85,
    57, 87,
    57, 88,
    57, 90,
    58, 13,
    58, 14,
    58, 15,
    58, 16,
    58, 17,
    58, 21,
    58, 23,
    58, 25,
    58, 27,
    58, 28,
    58, 34,
    58, 36,
    58, 40,
    58, 43,
    58, 46,
    58, 48,
    58, 50,
    58, 52,
    58, 66,
    58, 68,
    58, 69,
    58, 70,
    58, 71,
    58, 72,
    58, 78,
    58, 79,
    58, 80,
    58, 81,
    58, 82,
    58, 83,
    58, 84,
    58, 86,
    58, 88,
    58, 89,
    58, 90,
    58, 91,
    59, 36,
    59, 40,
    59, 48,
    59, 50,
    59, 52,
    59, 66,
    59, 68,
    59, 69,
    59, 70,
    59, 80,
    59, 82,
    61, 36,
    61, 40,
    61, 48,
    61, 50,
    61, 52,
    61, 53,
    61, 54,
    61, 55,
    61, 56,
    61, 58,
    66, 3,
    66, 8,
    66, 53,
    66, 55,
    66, 56,
    66, 58,
    66, 85,
    66, 87,
    66, 88,
    66, 90,
    67, 3,
    67, 8,
    67, 13,
    67, 15,
    67, 53,
    67, 55,
    67, 56,
    67, 58,
    67, 72,
    67, 75,
    67, 88,
    67, 89,
    68, 3,
    68, 8,
    68, 13,
    68, 15,
    68, 53,
    68, 56,
    68, 58,
    68, 68,
    68, 69,
    68, 70,
    68, 75,
    68, 80,
    68, 82,
    69, 53,
    69, 55,
    69, 56,
    69, 58,
    70, 3,
    70, 8,
    70, 53,
    70, 55,
    70, 56,
    70, 58,
    70, 75,
    70, 88,
    70, 89,
    71, 15,
    71, 27,
    71, 28,
    71, 34,
    71, 66,
    71, 68,
    71, 69,
    71, 70,
    71, 71,
    71, 74,
    71, 75,
    71, 80,
    71, 82,
    71, 86,
    72, 53,
    72, 55,
    72, 57,
    72, 58,
    72, 59,
    72, 68,
    72, 69,
    72, 70,
    72, 72,
    72, 75,
    72, 80,
    72, 82,
    72, 85,
    72, 86,
    72, 88,
    72, 90,
    73, 3,
    73, 8,
    73, 53,
    73, 55,
    73, 56,
    73, 58,
    76, 3,
    76, 8,
    76, 53,
    76, 56,
    76, 58,
    76, 68,
    76, 69,
    76, 70,
    76, 72,
    76, 80,
    76, 82,
    76, 84,
    78, 3,
    78, 8,
    78, 53,
    78, 55,
    78, 56,
    78, 58,
    79, 3,
    79, 8,
    79, 53,
    79, 55,
    79, 56,
    79, 58,
    80, 3,
    80, 8,
    80, 13,
    80, 15,
    80, 53,
    80, 55,
    80, 56,
    80, 58,
    80, 72,
    80, 75,
    80, 88,
    80, 89,
    81, 3,
    81, 8,
    81, 13,
    81, 15,
    81, 53,
    81, 55,
    81, 56,
    81, 58,
    81, 72,
    81, 75,
    81, 88,
    81, 89,
    82, 3,
    82, 8,
    82, 53,
    82, 55,
    82, 58,
    83, 13,
    83, 15,
    83, 34,
    83, 43,
    83, 53,
    83, 57,
    83, 58,
    83, 59,
    83, 66,
    83, 68,
    83, 69,
    83, 70,
    83, 72,
    83, 80,
    83, 82,
    84, 3,
    84, 8,
    84, 53,
    84, 55,
    84, 56,
    84, 57,
    84, 58,
    85, 3,
    85, 8,
    85, 52,
    85, 53,
    85, 55,
    85, 58,
    85, 72,
    86, 3,
    86, 8,
    86, 53,
    86, 55,
    86, 56,
    86, 58,
    87, 13,
    87, 15,
    87, 34,
    87, 43,
    87, 53,
    87, 55,
    87, 56,
    87, 57,
    87, 58,
    87, 59,
    87, 66,
    87, 72,
    88, 13,
    88, 15,
    88, 34,
    88, 43,
    88, 53,
    88, 55,
    88, 56,
    88, 57,
    88, 58,
    88, 59,
    88, 66,
    88, 72,
    89, 53,
    89, 55,
    89, 56,
    89, 58,
    89, 68,
    89, 69,
    89, 70,
    89, 80,
    89, 82,
    90, 13,
    90, 15,
    90, 34,
    90, 43,
    90, 53,
    90, 55,
    90, 56,
    90, 57,
    90, 58,
    90, 59,
    90, 66,
    90, 72,
    91, 53,
    91, 55,
    91, 56,
    91, 58,
    91, 68,
    91, 69,
    91, 70,
    91, 72,
    91, 80,
    91, 82
};

/* Kerning between the respective left and right glyphs
 * 4.4 format which needs to scaled with `kern_scale`*/
static const int8_t kern_pair_values[] =
{
    -30, -3, -3, -16, -3, -3, -6, -11,
    -11, -11, -16, -11, -11, -6, -6, -30,
    -3, -3, -16, -3, -3, -6, -11, -11,
    -11, -16, -11, -11, -6, -5, -3, -1,
    -3, -1, -1, -1, -3, -1, -1, -1,
    -1, -1, -3, -1, -3, -1, -25, -3,
    -21, -18, -32, -3, -3, -3, -3, -3,
    -5, -8, -3, -5, -8, -13, -1, -3,
    -8, -1, -3, -1, -1, -1, -3, -1,
    -1, -1, -1, -1, -3, -1, -3, -1,
    -25, -3, -21, -18, -32, -3, -3, -3,
    -3, -3, -5, -8, -3, -5, -3, -3,
    -3, -3, -5, -10, -10, -10, -10, -10,
    -5, -1, -3, -6, -3, -3, -8, -3,
    -1, -1, -5, -2, -1, -16, -7, -1,
    -6, -30, -3, -5, -21, -30, -3, -5,
    -21, -30, -30, -2, -2, -2, -1, -20,
    -1, -19, -13, -19, -8, -5, -3, -8,
    -7, -7, -7, -3, -3, 0, -11, -12,
    -1, -10, -3, -3, -3, -1, -1, -1,
    -1, -5, -5, -3, -3, -1, -2, -1,
    -1, -1, -3, -3, -1, -6, -2, -2,
    -2, -2, -2, -2, -2, -1, -1, -30,
    -30, -6, -6, -18, -14, -1, -9, -7,
    -7, -7, -4, -7, -7, -8, -5, -5,
    -6, -5, -5, -7, -3, 0, -6, -13,
    -13, -5, -9, -9, -9, -5, -3, 0,
    -2, -6, -6, -6, -2, -6, -6, -2,
    -3, -1, -1, -6, -13, -14, -14, -21,
    -8, -6, -1, -3, -3, -3, -4, -1,
    -37, -4, -35, -24, -43, -16, -1, -1,
    -1, -6, -1, -1, -1, -1, -5, -16,
    -23, -2, -4, -1, -1, -5, -5, -3,
    -3, -1, -2, -1, -1, -1, -3, -3,
    -1, -6, -49, -42, -53, -25, -13, -1,
    -22, -10, -1, -5, -13, -5, -12, -10,
    -10, -10, -8, -3, -3, -10, 0, -3,
    -5, -3, -5, -5, -3, -3, -1, -2,
    -1, -1, -1, -3, -3, -1, -6, -1,
    -1, -1, -1, -1, -7, -1, -1, -2,
    -7, -5, -5, -4, -4, -4, -4, -4,
    -3, -1, -3, -3, -1, -1, -3, -1,
    -1, -1, -6, -1, -25, -8, -25, -10,
    -30, -30, -20, -1, -1, -11, -4, -1,
    -1, -31, -30, -30, -30, -16, -31, -6,
    -27, -27, -30, -27, 0, -27, -31, -8,
    -23, -30, -24, -29, -25, -3, -3, -5,
    -1, -23, -13, -23, -3, -5, -5, -19,
    -2, -2, -10, -1, -2, -2, -1, -29,
    -19, -19, -19, -24, -10, -10, -19, -14,
    -16, -10, -19, -5, -13, -10, -10, -10,
    -14, -20, -18, -1, -18, -6, -5, -5,
    -13, 0, 0, 0, 0, -1, -3, -18,
    -13, -13, -13, -1, -11, -6, -6, -13,
    -5, 0, -6, -7, -5, -5, -5, -4,
    -5, -3, -1, -3, -3, -3, -3, -3,
    -3, -5, -5, -5, -5, -10, -5, -5,
    -5, -10, -10, -10, -14, -14, -32, -8,
    -32, -8, -3, -5, -1, -1, -23, -23,
    -19, -3, -3, -10, -1, -3, -3, -1,
    -34, -29, -29, -29, -13, -28, -23, -23,
    -29, -20, -7, -23, -23, -21, -17, -19,
    -14, -13, -1, -1, -1, -1, -1, -1,
    -1, -1, -1, -1, -1, -3, -3, -3,
    -3, -5, -10, -5, -10, -8, -10, -13,
    -13, -28, -23, -14, -33, 0, -1, -2,
    -1, -11, -11, -3, -3, -30, -19, -13,
    -29, 0, -1, 0, -6, -8, -8, 0,
    0, -23, -1, -20, -2, -2, -2, -1,
    -2, -2, 14, 5, 5, 10, -3, -3,
    -30, -14, -4, -26, -1, 0, -4, -6,
    -1, -1, -1, -5, -10, -10, -10, -16,
    -4, -4, -10, -10, -5, -18, -5, -10,
    -5, -3, -2, -2, -2, -5, 5, -2,
    -2, 1, 0, 1, 2, -14, -14, -27,
    -14, -6, -23, -3, -3, -16, -1, -13,
    -3, -3, -3, -1, -3, -3, -1, -14,
    -14, -27, -14, -6, -23, -14, -14, -27,
    -14, -6, -23, -11, -11, -3, -3, -30,
    -19, -13, -29, 0, -1, 0, -6, -11,
    -11, -3, -3, -30, -19, -13, -29, 0,
    -1, 0, -6, -3, -3, -24, -11, -17,
    -35, -35, -13, -5, -25, -10, -8, -10,
    -4, -1, -1, -1, -3, -1, -5, -6,
    -6, -29, -19, -3, -5, -28, -6, -6,
    -1, -13, -5, -5, -1, -5, -5, -26,
    -10, -1, -21, -8, -9, -8, -5, -34,
    -10, -5, -10, -16, -10, -2, -2, -7,
    -9, -6, -14, -30, -10, -5, -14, -16,
    -3, -3, -1, -24, -10, -5, -19, -6,
    -6, -6, -6, -6, -14, -14, -8, -5,
    -34, -10, -5, -10, -16, -10, -2, -2,
    -24, -7, -3, -13, -4, -4, -4, -1,
    -4, -4
};

/*Collect the kern pair's data in one place*/
static const lv_font_fmt_txt_kern_pair_t kern_pairs =
{
    .glyph_ids = kern_pair_glyph_ids,
    .values = kern_pair_values,
    .pair_cnt = 746,
    .glyph_ids_size = 0
};

/*--------------------
 *  ALL CUSTOM DATA
 *--------------------*/

#if LVGL_VERSION_MAJOR == 8
/*Store all the custom data of the font*/
static  lv_font_fmt_txt_glyph_cache_t cache;
#endif

#if LVGL_VERSION_MAJOR >= 8
static const lv_font_fmt_txt_dsc_t font_dsc = {
#else
static lv_font_fmt_txt_dsc_t font_dsc = {
#endif
    .glyph_bitmap = glyph_bitmap,
    .glyph_dsc = glyph_dsc,
    .cmaps = cmaps,
    .kern_dsc = &kern_pairs,
    .kern_scale = 16,
    .cmap_num = 1,
    .bpp = 8,
    .kern_classes = 0,
    .bitmap_format = 0,
#if LVGL_VERSION_MAJOR == 8
    .cache = &cache
#endif
};

/*-----------------
 *  PUBLIC FONT
 *----------------*/

/*Initialize a public general font descriptor*/
#if LVGL_VERSION_MAJOR >= 8
const lv_font_t ui_font_oswald30 = {
#else
lv_font_t ui_font_oswald30 = {
#endif
    .get_glyph_dsc = lv_font_get_glyph_dsc_fmt_txt,    /*Function pointer to get glyph's data*/
    .get_glyph_bitmap = lv_font_get_bitmap_fmt_txt,    /*Function pointer to get glyph's bitmap*/
    .line_height = 34,          /*The maximum line height required by the font*/
    .base_line = 6,             /*Baseline measured from the bottom of the line*/
#if !(LVGL_VERSION_MAJOR == 6 && LVGL_VERSION_MINOR == 0)
    .subpx = LV_FONT_SUBPX_NONE,
#endif
#if LV_VERSION_CHECK(7, 4, 0) || LVGL_VERSION_MAJOR >= 8
    .underline_position = -3,
    .underline_thickness = 2,
#endif
    .dsc = &font_dsc,          /*The custom font data. Will be accessed by `get_glyph_bitmap/dsc` */
#if LV_VERSION_CHECK(8, 2, 0) || LVGL_VERSION_MAJOR >= 9
    .fallback = NULL,
#endif
    .user_data = NULL,
};

#endif /*#if UI_FONT_OSWALD30*/