/*******************************************************************************
 * Size: 40 px
 * Bpp: 8
 * Opts: --bpp 8 --size 40 --no-compress --font assets/fonts/JetBrains_Mono,Montserrat,Open_Sans,Oswald,Pacifico,etc/Oswald/Oswald-VariableFont_wght.ttf --range 32-127 --format lvgl
 ******************************************************************************/

#ifdef __has_include
    #if __has_include("lvgl.h")
        #ifndef LV_LVGL_H_INCLUDE_SIMPLE
            #define LV_LVGL_H_INCLUDE_SIMPLE
        #endif
    #endif
#endif

#ifdef LV_LVGL_H_INCLUDE_SIMPLE
    #include "lvgl.h"
#else
    #include "lvgl.h"
#endif

#ifndef UI_FONT_OSWALD40
#define UI_FONT_OSWALD40 1
#endif

#if UI_FONT_OSWALD40

/*-----------------
 *    BITMAPS
 *----------------*/

/*Store the image of the glyphs*/
static LV_ATTRIBUTE_LARGE_CONST const uint8_t glyph_bitmap[] = {
    /* U+0020 " " */

    /* U+0021 "!" */
    0xf9, 0xff, 0xff, 0xff, 0x48, 0xec, 0xff, 0xff,
    0xff, 0x3a, 0xdf, 0xff, 0xff, 0xff, 0x2c, 0xd1,
    0xff, 0xff, 0xff, 0x1e, 0xc4, 0xff, 0xff, 0xff,
    0x10, 0xb7, 0xff, 0xff, 0xff, 0x3, 0xa9, 0xff,
    0xff, 0xf4, 0x0, 0x9c, 0xff, 0xff, 0xe6, 0x0,
    0x8f, 0xff, 0xff, 0xd7, 0x0, 0x81, 0xff, 0xff,
    0xc9, 0x0, 0x74, 0xff, 0xff, 0xbb, 0x0, 0x67,
    0xff, 0xff, 0xad, 0x0, 0x59, 0xff, 0xff, 0x9f,
    0x0, 0x4c, 0xff, 0xff, 0x91, 0x0, 0x3f, 0xff,
    0xff, 0x83, 0x0, 0x31, 0xff, 0xff, 0x75, 0x0,
    0x24, 0xff, 0xff, 0x67, 0x0, 0x17, 0xff, 0xff,
    0x58, 0x0, 0x9, 0xff, 0xff, 0x4a, 0x0, 0x0,
    0xfb, 0xff, 0x3c, 0x0, 0x0, 0xef, 0xff, 0x2e,
    0x0, 0x0, 0xe1, 0xff, 0x20, 0x0, 0x0, 0xd4,
    0xff, 0x12, 0x0, 0x0, 0xc7, 0xff, 0x4, 0x0,
    0x0, 0xb9, 0xf6, 0x0, 0x0, 0x0, 0xac, 0xe8,
    0x0, 0x0, 0x0, 0xc, 0x11, 0x0, 0x0, 0x0,
    0x0, 0x0, 0x0, 0x0, 0x80, 0x80, 0x80, 0x80,
    0x28, 0xff, 0xff, 0xff, 0xff, 0x50, 0xff, 0xff,
    0xff, 0xff, 0x50, 0xff, 0xff, 0xff, 0xff, 0x50,
    0xff, 0xff, 0xff, 0xff, 0x50,

    /* U+0022 "\"" */
    0x34, 0xff, 0xff, 0xff, 0x9b, 0x0, 0xa4, 0xff,
    0xff, 0xff, 0x28, 0x34, 0xff, 0xff, 0xff, 0x74,
    0x0, 0xa4, 0xff, 0xff, 0xfb, 0x5, 0x34, 0xff,
    0xff, 0xff, 0x4d, 0x0, 0xa4, 0xff, 0xff, 0xda,
    0x0, 0x34, 0xff, 0xff, 0xff, 0x25, 0x0, 0xa4,
    0xff, 0xff, 0xb3, 0x0, 0x34, 0xff, 0xff, 0xfa,
    0x4, 0x0, 0xa4, 0xff, 0xff, 0x8c, 0x0, 0x34,
    0xff, 0xff, 0xd7, 0x0, 0x0, 0xa4, 0xff, 0xff,
    0x65, 0x0, 0x34, 0xff, 0xff, 0xaf, 0x0, 0x0,
    0xa4, 0xff, 0xff, 0x3e, 0x0, 0x34, 0xff, 0xff,
    0x88, 0x0, 0x0, 0xa4, 0xff, 0xff, 0x17, 0x0,
    0x34, 0xff, 0xff, 0x60, 0x0, 0x0, 0xa4, 0xff,
    0xf0, 0x0, 0x0, 0x34, 0xff, 0xff, 0x39, 0x0,
    0x0, 0xa4, 0xff, 0xc9, 0x0, 0x0, 0x8, 0x28,
    0x28, 0x5, 0x0, 0x0, 0x19, 0x28, 0x1b, 0x0,
    0x0,

    /* U+0023 "#" */
    0x0, 0x0, 0x0, 0x0, 0x12, 0xff, 0xff, 0xff,
    0xff, 0x35, 0x0, 0x0, 0x33, 0xff, 0xff, 0xff,
    0xff, 0xd, 0x0, 0x0, 0x0, 0x0, 0x37, 0xff,
    0xff, 0xff, 0xff, 0x11, 0x0, 0x0, 0x57, 0xff,
    0xff, 0xff, 0xe8, 0x0, 0x0, 0x0, 0x0, 0x0,
    0x5b, 0xff, 0xff, 0xff, 0xec, 0x0, 0x0, 0x0,
    0x7b, 0xff, 0xff, 0xff, 0xc3, 0x0, 0x0, 0x0,
    0x0, 0x0, 0x80, 0xff, 0xff, 0xff, 0xc8, 0x0,
    0x0, 0x0, 0xa0, 0xff, 0xff, 0xff, 0x9f, 0x0,
    0x0, 0x0, 0x0, 0x0, 0xa4, 0xff, 0xff, 0xff,
    0xa4, 0x0, 0x0, 0x0, 0xc4, 0xff, 0xff, 0xff,
    0x7a, 0x0, 0x0, 0x0, 0x0, 0x0, 0xc8, 0xff,
    0xff, 0xff, 0x7f, 0x0, 0x0, 0x0, 0xe8, 0xff,
    0xff, 0xff, 0x55, 0x0, 0x0, 0x0, 0x0, 0x0,
    0xed, 0xff, 0xff, 0xff, 0x5b, 0x0, 0x0, 0xc,
    0xff, 0xff, 0xff, 0xff, 0x30, 0x0, 0x0, 0x0,
    0x0, 0x10, 0xff, 0xff, 0xff, 0xff, 0x37, 0x0,
    0x0, 0x31, 0xff, 0xff, 0xff, 0xff, 0xc, 0x0,
    0x0, 0x0, 0x0, 0x35, 0xff, 0xff, 0xff, 0xff,
    0x12, 0x0, 0x0, 0x55, 0xff, 0xff, 0xff, 0xe7,
    0x0, 0x0, 0x0, 0x0, 0x0, 0x5a, 0xff, 0xff,
    0xff, 0xee, 0x0, 0x0, 0x0, 0x7a, 0xff, 0xff,
    0xff, 0xc2, 0x0, 0x0, 0x35, 0x54, 0x54, 0xa4,
    0xff, 0xff, 0xff, 0xdf, 0x54, 0x54, 0x54, 0xba,
    0xff, 0xff, 0xff, 0xc2, 0x54, 0x13, 0xa4, 0xff,
    0xff, 0xff, 0xff, 0xff, 0xff, 0xff, 0xff, 0xff,
    0xff, 0xff, 0xff, 0xff, 0xff, 0xff, 0xff, 0x3c,
    0xa4, 0xff, 0xff, 0xff, 0xff, 0xff, 0xff, 0xff,
    0xff, 0xff, 0xff, 0xff, 0xff, 0xff, 0xff, 0xff,
    0xff, 0x3c, 0xa4, 0xff, 0xff, 0xff, 0xff, 0xff,
    0xff, 0xff, 0xff, 0xff, 0xff, 0xff, 0xff, 0xff,
    0xff, 0xff, 0xff, 0x3c, 0x0, 0x0, 0x9, 0xfe,
    0xff, 0xff, 0xff, 0x3b, 0x0, 0x0, 0x34, 0xff,
    0xff, 0xff, 0xff, 0x13, 0x0, 0x0, 0x0, 0x0,
    0x2e, 0xff, 0xff, 0xff, 0xff, 0x12, 0x0, 0x0,
    0x5a, 0xff, 0xff, 0xff, 0xea, 0x0, 0x0, 0x0,
    0x0, 0x0, 0x55, 0xff, 0xff, 0xff, 0xe9, 0x0,
    0x0, 0x0, 0x81, 0xff, 0xff, 0xff, 0xc1, 0x0,
    0x0, 0x0, 0x33, 0x48, 0x9d, 0xff, 0xff, 0xff,
    0xd6, 0x48, 0x48, 0x48, 0xbc, 0xff, 0xff, 0xff,
    0xb9, 0x48, 0x48, 0x9, 0xb8, 0xff, 0xff, 0xff,
    0xff, 0xff, 0xff, 0xff, 0xff, 0xff, 0xff, 0xff,
    0xff, 0xff, 0xff, 0xff, 0xff, 0x20, 0xb8, 0xff,
    0xff, 0xff, 0xff, 0xff, 0xff, 0xff, 0xff, 0xff,
    0xff, 0xff, 0xff, 0xff, 0xff, 0xff, 0xff, 0x20,
    0xb8, 0xff, 0xff, 0xff, 0xff, 0xff, 0xff, 0xff,
    0xff, 0xff, 0xff, 0xff, 0xff, 0xff, 0xff, 0xff,
    0xff, 0x20, 0x0, 0x11, 0xff, 0xff, 0xff, 0xff,
    0x35, 0x0, 0x0, 0x3b, 0xff, 0xff, 0xff, 0xff,
    0xd, 0x0, 0x0, 0x0, 0x0, 0x35, 0xff, 0xff,
    0xff, 0xff, 0x12, 0x0, 0x0, 0x5f, 0xff, 0xff,
    0xff, 0xe9, 0x0, 0x0, 0x0, 0x0, 0x0, 0x58,
    0xff, 0xff, 0xff, 0xef, 0x0, 0x0, 0x0, 0x83,
    0xff, 0xff, 0xff, 0xc5, 0x0, 0x0, 0x0, 0x0,
    0x0, 0x7b, 0xff, 0xff, 0xff, 0xcc, 0x0, 0x0,
    0x0, 0xa7, 0xff, 0xff, 0xff, 0xa1, 0x0, 0x0,
    0x0, 0x0, 0x0, 0x9e, 0xff, 0xff, 0xff, 0xa9,
    0x0, 0x0, 0x0, 0xcb, 0xff, 0xff, 0xff, 0x7d,
    0x0, 0x0, 0x0, 0x0, 0x0, 0xc1, 0xff, 0xff,
    0xff, 0x86, 0x0, 0x0, 0x0, 0xee, 0xff, 0xff,
    0xff, 0x59, 0x0, 0x0, 0x0, 0x0, 0x0, 0xe4,
    0xff, 0xff, 0xff, 0x63, 0x0, 0x0, 0x12, 0xff,
    0xff, 0xff, 0xff, 0x35, 0x0, 0x0, 0x0, 0x0,
    0x8, 0xfe, 0xff, 0xff, 0xff, 0x40, 0x0, 0x0,
    0x37, 0xff, 0xff, 0xff, 0xff, 0x11, 0x0, 0x0,
    0x0, 0x0, 0x2a, 0xff, 0xff, 0xff, 0xff, 0x1d,
    0x0, 0x0, 0x5b, 0xff, 0xff, 0xff, 0xed, 0x0,
    0x0, 0x0, 0x0, 0x0, 0x4d, 0xff, 0xff, 0xff,
    0xf8, 0x2, 0x0, 0x0, 0x7f, 0xff, 0xff, 0xff,
    0xc9, 0x0, 0x0, 0x0, 0x0, 0x0, 0x70, 0xff,
    0xff, 0xff, 0xd7, 0x0, 0x0, 0x0, 0xa3, 0xff,
    0xff, 0xff, 0xa5, 0x0, 0x0, 0x0, 0x0, 0x0,
    0x93, 0xff, 0xff, 0xff, 0xb5, 0x0, 0x0, 0x0,
    0xc6, 0xff, 0xff, 0xff, 0x81, 0x0, 0x0, 0x0,
    0x0, 0x0,

    /* U+0024 "$" */
    0x0, 0x0, 0x0, 0x0, 0x0, 0x0, 0x0, 0xa,
    0x80, 0x28, 0x0, 0x0, 0x0, 0x0, 0x0, 0x0,
    0x0, 0x0, 0x0, 0x0, 0x0, 0x0, 0x0, 0x0,
    0x14, 0xff, 0x50, 0x0, 0x0, 0x0, 0x0, 0x0,
    0x0, 0x0, 0x0, 0x0, 0x0, 0x0, 0x0, 0x0,
    0x0, 0x14, 0xff, 0x50, 0x0, 0x0, 0x0, 0x0,
    0x0, 0x0, 0x0, 0x0, 0x0, 0x0, 0x0, 0x0,
    0x0, 0x0, 0x14, 0xff, 0x57, 0x0, 0x0, 0x0,
    0x0, 0x0, 0x0, 0x0, 0x0, 0x0, 0x0, 0x1,
    0x4e, 0xa9, 0xe0, 0xf7, 0xff, 0xff, 0xe9, 0xa5,
    0x3c, 0x0, 0x0, 0x0, 0x0, 0x0, 0x0, 0x15,
    0xbe, 0xff, 0xff, 0xff, 0xff, 0xff, 0xff, 0xff,
    0xff, 0xff, 0x94, 0x2, 0x0, 0x0, 0x0, 0x9,
    0xce, 0xff, 0xff, 0xff, 0xff, 0xff, 0xff, 0xff,
    0xff, 0xff, 0xff, 0xff, 0x8a, 0x0, 0x0, 0x0,
    0x7e, 0xff, 0xff, 0xff, 0xff, 0xbc, 0x6b, 0x4c,
    0x64, 0xd2, 0xff, 0xff, 0xff, 0xfd, 0x2d, 0x0,
    0x1, 0xe9, 0xff, 0xff, 0xff, 0x7f, 0x0, 0x0,
    0x0, 0x0, 0x6, 0xca, 0xff, 0xff, 0xff, 0x9a,
    0x0, 0x2c, 0xff, 0xff, 0xff, 0xe9, 0x4, 0x0,
    0x0, 0x0, 0x0, 0x0, 0x3a, 0xff, 0xff, 0xff,
    0xe9, 0x0, 0x4c, 0xff, 0xff, 0xff, 0xc0, 0x0,
    0x0, 0x0, 0x0, 0x0, 0x0, 0x0, 0xe5, 0xff,
    0xff, 0xff, 0x26, 0x58, 0xff, 0xff, 0xff, 0xbd,
    0x0, 0x0, 0x0, 0x0, 0x0, 0x0, 0x0, 0xbb,
    0xff, 0xff, 0xff, 0x4c, 0x4c, 0xff, 0xff, 0xff,
    0xe3, 0x0, 0x0, 0x0, 0x0, 0x0, 0x0, 0x0,
    0x92, 0xfe, 0xcf, 0x8a, 0x22, 0x2b, 0xff, 0xff,
    0xff, 0xff, 0x48, 0x0, 0x0, 0x0, 0x0, 0x0,
    0x0, 0x20, 0x15, 0x0, 0x0, 0x0, 0x3, 0xeb,
    0xff, 0xff, 0xff, 0xe2, 0x1a, 0x0, 0x0, 0x0,
    0x0, 0x0, 0x0, 0x0, 0x0, 0x0, 0x0, 0x0,
    0x8d, 0xff, 0xff, 0xff, 0xff, 0xd6, 0x1c, 0x0,
    0x0, 0x0, 0x0, 0x0, 0x0, 0x0, 0x0, 0x0,
    0x0, 0x14, 0xeb, 0xff, 0xff, 0xff, 0xff, 0xe3,
    0x2d, 0x0, 0x0, 0x0, 0x0, 0x0, 0x0, 0x0,
    0x0, 0x0, 0x0, 0x44, 0xfa, 0xff, 0xff, 0xff,
    0xff, 0xf0, 0x42, 0x0, 0x0, 0x0, 0x0, 0x0,
    0x0, 0x0, 0x0, 0x0, 0x0, 0x50, 0xf8, 0xff,
    0xff, 0xff, 0xff, 0xf9, 0x5b, 0x0, 0x0, 0x0,
    0x0, 0x0, 0x0, 0x0, 0x0, 0x0, 0x0, 0x3e,
    0xee, 0xff, 0xff, 0xff, 0xff, 0xfe, 0x78, 0x0,
    0x0, 0x0, 0x0, 0x0, 0x0, 0x0, 0x0, 0x0,
    0x0, 0x2a, 0xe1, 0xff, 0xff, 0xff, 0xff, 0xff,
    0x90, 0x0, 0x0, 0x0, 0x0, 0x0, 0x0, 0x0,
    0x0, 0x0, 0x0, 0x1a, 0xd0, 0xff, 0xff, 0xff,
    0xff, 0xff, 0x8e, 0x0, 0x0, 0x0, 0x0, 0x0,
    0x0, 0x0, 0x0, 0x0, 0x0, 0xe, 0xbb, 0xff,
    0xff, 0xff, 0xff, 0xff, 0x66, 0x0, 0x0, 0x0,
    0x0, 0x0, 0x0, 0x0, 0x0, 0x0, 0x0, 0x5,
    0xa7, 0xff, 0xff, 0xff, 0xff, 0xf6, 0x26, 0x0,
    0x0, 0x0, 0x0, 0x0, 0x0, 0x0, 0x0, 0x0,
    0x0, 0x3, 0xa4, 0xff, 0xff, 0xff, 0xff, 0xb3,
    0x0, 0x0, 0x0, 0x0, 0x0, 0x0, 0x0, 0x0,
    0x0, 0x0, 0x0, 0x5, 0xbf, 0xff, 0xff, 0xff,
    0xff, 0x2c, 0x0, 0x0, 0x5, 0x3e, 0x45, 0x0,
    0x0, 0x0, 0x0, 0x0, 0x0, 0x1b, 0xf9, 0xff,
    0xff, 0xff, 0x7f, 0x36, 0xb4, 0xf3, 0xff, 0xad,
    0x0, 0x0, 0x0, 0x0, 0x0, 0x0, 0x0, 0x9f,
    0xff, 0xff, 0xff, 0xbf, 0x56, 0xff, 0xff, 0xff,
    0xd3, 0x0, 0x0, 0x0, 0x0, 0x0, 0x0, 0x0,
    0x6d, 0xff, 0xff, 0xff, 0xd9, 0x37, 0xff, 0xff,
    0xff, 0xfc, 0xb, 0x0, 0x0, 0x0, 0x0, 0x0,
    0x0, 0x51, 0xff, 0xff, 0xff, 0xe4, 0x6, 0xf7,
    0xff, 0xff, 0xff, 0x5b, 0x0, 0x0, 0x0, 0x0,
    0x0, 0x0, 0x67, 0xff, 0xff, 0xff, 0xcd, 0x0,
    0xb5, 0xff, 0xff, 0xff, 0xce, 0x5, 0x0, 0x0,
    0x0, 0x0, 0x0, 0xa8, 0xff, 0xff, 0xff, 0xa8,
    0x0, 0x4f, 0xff, 0xff, 0xff, 0xff, 0x97, 0x4,
    0x0, 0x0, 0x0, 0x58, 0xfe, 0xff, 0xff, 0xff,
    0x54, 0x0, 0x1, 0xc4, 0xff, 0xff, 0xff, 0xff,
    0xe0, 0x9f, 0x9e, 0xcb, 0xff, 0xff, 0xff, 0xff,
    0xd9, 0x7, 0x0, 0x0, 0x27, 0xec, 0xff, 0xff,
    0xff, 0xff, 0xff, 0xff, 0xff, 0xff, 0xff, 0xff,
    0xf7, 0x38, 0x0, 0x0, 0x0, 0x0, 0x30, 0xd9,
    0xff, 0xff, 0xff, 0xff, 0xff, 0xff, 0xff, 0xff,
    0xe7, 0x38, 0x0, 0x0, 0x0, 0x0, 0x0, 0x0,
    0x6, 0x63, 0xb3, 0xe2, 0xf7, 0xff, 0xf0, 0xbd,
    0x6c, 0x9, 0x0, 0x0, 0x0, 0x0, 0x0, 0x0,
    0x0, 0x0, 0x0, 0x0, 0x0, 0x20, 0xff, 0x3c,
    0x0, 0x0, 0x0, 0x0, 0x0, 0x0, 0x0, 0x0,
    0x0, 0x0, 0x0, 0x0, 0x0, 0x0, 0x20, 0xff,
    0x3c, 0x0, 0x0, 0x0, 0x0, 0x0, 0x0, 0x0,
    0x0, 0x0, 0x0, 0x0, 0x0, 0x0, 0x0, 0x20,
    0xff, 0x3c, 0x0, 0x0, 0x0, 0x0, 0x0, 0x0,

    /* U+0025 "%" */
    0x0, 0x0, 0x1, 0x59, 0xb5, 0xe7, 0xf9, 0xf0,
    0xd2, 0x8e, 0x1d, 0x0, 0x0, 0x0, 0x0, 0x0,
    0x0, 0x0, 0x0, 0xa7, 0xff, 0xff, 0xf9, 0xb,
    0x0, 0x0, 0x0, 0x0, 0x0, 0x0, 0x0, 0x0,
    0x0, 0x0, 0x0, 0x5, 0xb0, 0xff, 0xff, 0xff,
    0xff, 0xff, 0xff, 0xff, 0xf3, 0x41, 0x0, 0x0,
    0x0, 0x0, 0x0, 0x0, 0x1, 0xea, 0xff, 0xff,
    0xc0, 0x0, 0x0, 0x0, 0x0, 0x0, 0x0, 0x0,
    0x0, 0x0, 0x0, 0x0, 0x0, 0x7a, 0xff, 0xff,
    0xff, 0xff, 0xff, 0xff, 0xff, 0xff, 0xff, 0xe9,
    0x10, 0x0, 0x0, 0x0, 0x0, 0x0, 0x31, 0xff,
    0xff, 0xff, 0x7b, 0x0, 0x0, 0x0, 0x0, 0x0,
    0x0, 0x0, 0x0, 0x0, 0x0, 0x0, 0x5, 0xec,
    0xff, 0xff, 0xfd, 0x6d, 0x24, 0x3c, 0xcf, 0xff,
    0xff, 0xff, 0x6e, 0x0, 0x0, 0x0, 0x0, 0x0,
    0x76, 0xff, 0xff, 0xff, 0x36, 0x0, 0x0, 0x0,
    0x0, 0x0, 0x0, 0x0, 0x0, 0x0, 0x0, 0x0,
    0x40, 0xff, 0xff, 0xff, 0xb6, 0x0, 0x0, 0x0,
    0x40, 0xff, 0xff, 0xff, 0xb8, 0x0, 0x0, 0x0,
    0x0, 0x0, 0xbc, 0xff, 0xff, 0xee, 0x3, 0x0,
    0x0, 0x0, 0x0, 0x0, 0x0, 0x0, 0x0, 0x0,
    0x0, 0x0, 0x6e, 0xff, 0xff, 0xff, 0x7c, 0x0,
    0x0, 0x0, 0x6, 0xfb, 0xff, 0xff, 0xe4, 0x0,
    0x0, 0x0, 0x0, 0x9, 0xf7, 0xff, 0xff, 0xac,
    0x0, 0x0, 0x0, 0x0, 0x0, 0x0, 0x0, 0x0,
    0x0, 0x0, 0x0, 0x0, 0x85, 0xff, 0xff, 0xff,
    0x65, 0x0, 0x0, 0x0, 0x0, 0xea, 0xff, 0xff,
    0xf6, 0x0, 0x0, 0x0, 0x0, 0x46, 0xff, 0xff,
    0xff, 0x68, 0x0, 0x0, 0x0, 0x0, 0x0, 0x0,
    0x0, 0x0, 0x0, 0x0, 0x0, 0x0, 0x8f, 0xff,
    0xff, 0xff, 0x5c, 0x0, 0x0, 0x0, 0x0, 0xe0,
    0xff, 0xff, 0xff, 0x0, 0x0, 0x0, 0x0, 0x8b,
    0xff, 0xff, 0xff, 0x23, 0x0, 0x0, 0x0, 0x0,
    0x0, 0x0, 0x0, 0x0, 0x0, 0x0, 0x0, 0x0,
    0x90, 0xff, 0xff, 0xff, 0x5c, 0x0, 0x0, 0x0,
    0x0, 0xe0, 0xff, 0xff, 0xff, 0x0, 0x0, 0x0,
    0x0, 0xd0, 0xff, 0xff, 0xde, 0x0, 0x0, 0x0,
    0x0, 0x0, 0x0, 0x0, 0x0, 0x0, 0x0, 0x0,
    0x0, 0x0, 0x8f, 0xff, 0xff, 0xff, 0x5c, 0x0,
    0x0, 0x0, 0x0, 0xe0, 0xff, 0xff, 0xff, 0x0,
    0x0, 0x0, 0x17, 0xfe, 0xff, 0xff, 0x99, 0x0,
    0x0, 0x0, 0x0, 0x0, 0x0, 0x0, 0x0, 0x0,
    0x0, 0x0, 0x0, 0x0, 0x87, 0xff, 0xff, 0xff,
    0x69, 0x0, 0x0, 0x0, 0x0, 0xef, 0xff, 0xff,
    0xf7, 0x0, 0x0, 0x0, 0x5b, 0xff, 0xff, 0xff,
    0x54, 0x0, 0x0, 0x0, 0x0, 0x0, 0x0, 0x0,
    0x0, 0x0, 0x0, 0x0, 0x0, 0x0, 0x73, 0xff,
    0xff, 0xff, 0x7f, 0x0, 0x0, 0x0, 0x7, 0xff,
    0xff, 0xff, 0xe6, 0x0, 0x0, 0x0, 0xa0, 0xff,
    0xff, 0xfd, 0x12, 0x0, 0x0, 0x0, 0x0, 0x0,
    0x0, 0x0, 0x0, 0x0, 0x0, 0x0, 0x0, 0x0,
    0x45, 0xff, 0xff, 0xff, 0xba, 0x0, 0x0, 0x0,
    0x41, 0xff, 0xff, 0xff, 0xbc, 0x0, 0x0, 0x0,
    0xe4, 0xff, 0xff, 0xca, 0x0, 0x0, 0x0, 0x0,
    0x0, 0x0, 0x0, 0x0, 0x0, 0x0, 0x0, 0x0,
    0x0, 0x0, 0x8, 0xf1, 0xff, 0xff, 0xff, 0x69,
    0xc, 0x28, 0xcf, 0xff, 0xff, 0xff, 0x77, 0x0,
    0x0, 0x2a, 0xff, 0xff, 0xff, 0x86, 0x0, 0x0,
    0x0, 0x0, 0x0, 0x0, 0x0, 0x0, 0x0, 0x0,
    0x0, 0x0, 0x0, 0x0, 0x0, 0x89, 0xff, 0xff,
    0xff, 0xff, 0xff, 0xff, 0xff, 0xff, 0xff, 0xf3,
    0x18, 0x0, 0x0, 0x70, 0xff, 0xff, 0xff, 0x41,
    0x0, 0x0, 0x0, 0x0, 0x0, 0x0, 0x0, 0x0,
    0x0, 0x0, 0x0, 0x0, 0x0, 0x0, 0x0, 0xc,
    0xce, 0xff, 0xff, 0xff, 0xff, 0xff, 0xff, 0xff,
    0xfe, 0x62, 0x0, 0x0, 0x0, 0xb5, 0xff, 0xff,
    0xf5, 0x7, 0x0, 0x0, 0x0, 0x36, 0xa3, 0xe0,
    0xf7, 0xf4, 0xdb, 0x9c, 0x2c, 0x0, 0x0, 0x0,
    0x0, 0x0, 0x11, 0x97, 0xf5, 0xff, 0xff, 0xff,
    0xff, 0xd5, 0x4e, 0x0, 0x0, 0x0, 0x5, 0xf4,
    0xff, 0xff, 0xb7, 0x0, 0x0, 0x0, 0x6e, 0xfe,
    0xff, 0xff, 0xff, 0xff, 0xff, 0xff, 0xfc, 0x5d,
    0x0, 0x0, 0x0, 0x0, 0x0, 0x0, 0x8, 0x36,
    0x4a, 0x41, 0x1f, 0x0, 0x0, 0x0, 0x0, 0x0,
    0x3f, 0xff, 0xff, 0xff, 0x72, 0x0, 0x0, 0x31,
    0xfe, 0xff, 0xff, 0xff, 0xff, 0xff, 0xff, 0xff,
    0xff, 0xf9, 0x24, 0x0, 0x0, 0x0, 0x0, 0x0,
    0x0, 0x0, 0x0, 0x0, 0x0, 0x0, 0x0, 0x0,
    0x0, 0x0, 0x85, 0xff, 0xff, 0xff, 0x2d, 0x0,
    0x0, 0xa7, 0xff, 0xff, 0xff, 0xc4, 0x5d, 0x65,
    0xd7, 0xff, 0xff, 0xff, 0x93, 0x0, 0x0, 0x0,
    0x0, 0x0, 0x0, 0x0, 0x0, 0x0, 0x0, 0x0,
    0x0, 0x0, 0x0, 0x0, 0xca, 0xff, 0xff, 0xe8,
    0x0, 0x0, 0x3, 0xf3, 0xff, 0xff, 0xf4, 0xe,
    0x0, 0x0, 0x29, 0xff, 0xff, 0xff, 0xe1, 0x0,
    0x0, 0x0, 0x0, 0x0, 0x0, 0x0, 0x0, 0x0,
    0x0, 0x0, 0x0, 0x0, 0x0, 0x11, 0xfd, 0xff,
    0xff, 0xa4, 0x0, 0x0, 0x27, 0xff, 0xff, 0xff,
    0xc0, 0x0, 0x0, 0x0, 0x0, 0xe3, 0xff, 0xff,
    0xff, 0x10, 0x0, 0x0, 0x0, 0x0, 0x0, 0x0,
    0x0, 0x0, 0x0, 0x0, 0x0, 0x0, 0x0, 0x54,
    0xff, 0xff, 0xff, 0x5f, 0x0, 0x0, 0x41, 0xff,
    0xff, 0xff, 0x9f, 0x0, 0x0, 0x0, 0x0, 0xc1,
    0xff, 0xff, 0xff, 0x26, 0x0, 0x0, 0x0, 0x0,
    0x0, 0x0, 0x0, 0x0, 0x0, 0x0, 0x0, 0x0,
    0x0, 0x99, 0xff, 0xff, 0xff, 0x1b, 0x0, 0x0,
    0x4d, 0xff, 0xff, 0xff, 0x92, 0x0, 0x0, 0x0,
    0x0, 0xb2, 0xff, 0xff, 0xff, 0x32, 0x0, 0x0,
    0x0, 0x0, 0x0, 0x0, 0x0, 0x0, 0x0, 0x0,
    0x0, 0x0, 0x0, 0xde, 0xff, 0xff, 0xd5, 0x0,
    0x0, 0x0, 0x50, 0xff, 0xff, 0xff, 0x90, 0x0,
    0x0, 0x0, 0x0, 0xb0, 0xff, 0xff, 0xff, 0x34,
    0x0, 0x0, 0x0, 0x0, 0x0, 0x0, 0x0, 0x0,
    0x0, 0x0, 0x0, 0x0, 0x24, 0xff, 0xff, 0xff,
    0x90, 0x0, 0x0, 0x0, 0x50, 0xff, 0xff, 0xff,
    0x90, 0x0, 0x0, 0x0, 0x0, 0xb0, 0xff, 0xff,
    0xff, 0x34, 0x0, 0x0, 0x0, 0x0, 0x0, 0x0,
    0x0, 0x0, 0x0, 0x0, 0x0, 0x0, 0x69, 0xff,
    0xff, 0xff, 0x4b, 0x0, 0x0, 0x0, 0x4c, 0xff,
    0xff, 0xff, 0x92, 0x0, 0x0, 0x0, 0x0, 0xb2,
    0xff, 0xff, 0xff, 0x31, 0x0, 0x0, 0x0, 0x0,
    0x0, 0x0, 0x0, 0x0, 0x0, 0x0, 0x0, 0x0,
    0xae, 0xff, 0xff, 0xfa, 0xc, 0x0, 0x0, 0x0,
    0x3f, 0xff, 0xff, 0xff, 0xa3, 0x0, 0x0, 0x0,
    0x0, 0xc2, 0xff, 0xff, 0xff, 0x24, 0x0, 0x0,
    0x0, 0x0, 0x0, 0x0, 0x0, 0x0, 0x0, 0x0,
    0x0, 0x3, 0xef, 0xff, 0xff, 0xc2, 0x0, 0x0,
    0x0, 0x0, 0x1f, 0xff, 0xff, 0xff, 0xba, 0x0,
    0x0, 0x0, 0x0, 0xd8, 0xff, 0xff, 0xfd, 0xa,
    0x0, 0x0, 0x0, 0x0, 0x0, 0x0, 0x0, 0x0,
    0x0, 0x0, 0x0, 0x39, 0xff, 0xff, 0xff, 0x7d,
    0x0, 0x0, 0x0, 0x0, 0x0, 0xea, 0xff, 0xff,
    0xf2, 0xd, 0x0, 0x0, 0x1d, 0xfe, 0xff, 0xff,
    0xd6, 0x0, 0x0, 0x0, 0x0, 0x0, 0x0, 0x0,
    0x0, 0x0, 0x0, 0x0, 0x0, 0x7e, 0xff, 0xff,
    0xff, 0x38, 0x0, 0x0, 0x0, 0x0, 0x0, 0x96,
    0xff, 0xff, 0xff, 0xb0, 0x2f, 0x36, 0xc3, 0xff,
    0xff, 0xff, 0x83, 0x0, 0x0, 0x0, 0x0, 0x0,
    0x0, 0x0, 0x0, 0x0, 0x0, 0x0, 0x0, 0xc3,
    0xff, 0xff, 0xf0, 0x3, 0x0, 0x0, 0x0, 0x0,
    0x0, 0x20, 0xf7, 0xff, 0xff, 0xff, 0xff, 0xff,
    0xff, 0xff, 0xff, 0xf0, 0x15, 0x0, 0x0, 0x0,
    0x0, 0x0, 0x0, 0x0, 0x0, 0x0, 0x0, 0x0,
    0xd, 0xfb, 0xff, 0xff, 0xae, 0x0, 0x0, 0x0,
    0x0, 0x0, 0x0, 0x0, 0x55, 0xfa, 0xff, 0xff,
    0xff, 0xff, 0xff, 0xff, 0xf7, 0x47, 0x0, 0x0,
    0x0, 0x0, 0x0, 0x0, 0x0, 0x0, 0x0, 0x0,
    0x0, 0x0, 0x4d, 0xff, 0xff, 0xff, 0x6a, 0x0,
    0x0, 0x0, 0x0, 0x0, 0x0, 0x0, 0x0, 0x2a,
    0x9c, 0xde, 0xf7, 0xf4, 0xd8, 0x95, 0x21, 0x0,
    0x0, 0x0,

    /* U+0026 "&" */
    0x0, 0x0, 0x0, 0x0, 0xa, 0x64, 0xbf, 0xe4,
    0xf8, 0xe4, 0xbc, 0x69, 0xa, 0x0, 0x0, 0x0,
    0x0, 0x0, 0x0, 0x0, 0x0, 0x0, 0x0, 0x2a,
    0xd8, 0xff, 0xff, 0xff, 0xff, 0xff, 0xff, 0xff,
    0xdf, 0x3b, 0x0, 0x0, 0x0, 0x0, 0x0, 0x0,
    0x0, 0x0, 0x17, 0xe9, 0xff, 0xff, 0xff, 0xff,
    0xff, 0xff, 0xff, 0xff, 0xff, 0xf1, 0x2e, 0x0,
    0x0, 0x0, 0x0, 0x0, 0x0, 0x0, 0xa7, 0xff,
    0xff, 0xff, 0xff, 0xcc, 0xa5, 0xd5, 0xff, 0xff,
    0xff, 0xff, 0xba, 0x0, 0x0, 0x0, 0x0, 0x0,
    0x0, 0x12, 0xf9, 0xff, 0xff, 0xff, 0x9a, 0x0,
    0x0, 0x1, 0x91, 0xff, 0xff, 0xff, 0xff, 0x1b,
    0x0, 0x0, 0x0, 0x0, 0x0, 0x4f, 0xff, 0xff,
    0xff, 0xfe, 0x20, 0x0, 0x0, 0x0, 0x11, 0xff,
    0xff, 0xff, 0xff, 0x3f, 0x0, 0x0, 0x0, 0x0,
    0x0, 0x6b, 0xff, 0xff, 0xff, 0xe3, 0x0, 0x0,
    0x0, 0x0, 0x0, 0xfb, 0xff, 0xff, 0xff, 0x40,
    0x0, 0x0, 0x0, 0x0, 0x0, 0x74, 0xff, 0xff,
    0xff, 0xd1, 0x0, 0x0, 0x0, 0x0, 0x11, 0xff,
    0xff, 0xff, 0xff, 0x21, 0x0, 0x0, 0x0, 0x0,
    0x0, 0x5d, 0xff, 0xff, 0xff, 0xe4, 0x0, 0x0,
    0x0, 0x0, 0x45, 0xff, 0xff, 0xff, 0xe4, 0x2,
    0x0, 0x0, 0x0, 0x0, 0x0, 0x29, 0xff, 0xff,
    0xff, 0xfb, 0xa, 0x0, 0x0, 0x0, 0x89, 0xff,
    0xff, 0xff, 0x87, 0x0, 0x0, 0x0, 0x0, 0x0,
    0x0, 0x0, 0xdb, 0xff, 0xff, 0xff, 0x45, 0x0,
    0x0, 0x2, 0xe2, 0xff, 0xff, 0xf5, 0x1b, 0x0,
    0x0, 0x0, 0x0, 0x0, 0x0, 0x0, 0x6a, 0xff,
    0xff, 0xff, 0x93, 0x0, 0x0, 0x55, 0xff, 0xff,
    0xff, 0x7c, 0x0, 0x0, 0x0, 0x0, 0x0, 0x0,
    0x0, 0x0, 0x9, 0xea, 0xff, 0xff, 0xed, 0x7,
    0x3, 0xd3, 0xff, 0xff, 0xc9, 0x5, 0x0, 0x0,
    0x0, 0x0, 0x0, 0x0, 0x0, 0x0, 0x0, 0x7a,
    0xff, 0xff, 0xff, 0x56, 0x6f, 0xff, 0xff, 0xec,
    0x20, 0x0, 0x0, 0x0, 0x0, 0x0, 0x0, 0x0,
    0x0, 0x0, 0x0, 0xb, 0xe7, 0xff, 0xff, 0xd1,
    0xf7, 0xff, 0xf6, 0x3a, 0x0, 0x0, 0x0, 0x0,
    0x0, 0x0, 0x0, 0x0, 0x0, 0x0, 0x0, 0x0,
    0x6a, 0xff, 0xff, 0xff, 0xff, 0xfa, 0x4c, 0x0,
    0x0, 0x0, 0x0, 0x0, 0x0, 0x0, 0x0, 0x0,
    0x0, 0x0, 0x0, 0x0, 0x30, 0xff, 0xff, 0xff,
    0xff, 0x73, 0x0, 0x0, 0x0, 0x0, 0x0, 0x0,
    0x0, 0x0, 0x0, 0x0, 0x0, 0x0, 0x0, 0x27,
    0xe8, 0xff, 0xff, 0xff, 0xff, 0xd0, 0x4, 0x0,
    0x0, 0x0, 0x0, 0x13, 0x40, 0x40, 0x40, 0x3c,
    0x0, 0x0, 0x12, 0xe2, 0xff, 0xff, 0xff, 0xff,
    0xff, 0xff, 0x7a, 0x0, 0x0, 0x0, 0x0, 0x65,
    0xff, 0xff, 0xff, 0xe6, 0x0, 0x0, 0xaf, 0xff,
    0xff, 0xff, 0xc2, 0xfc, 0xff, 0xff, 0xf8, 0x26,
    0x0, 0x0, 0x0, 0x8b, 0xff, 0xff, 0xff, 0xcc,
    0x0, 0x5c, 0xff, 0xff, 0xff, 0xed, 0x14, 0x8c,
    0xff, 0xff, 0xff, 0xc1, 0x1, 0x0, 0x0, 0xba,
    0xff, 0xff, 0xff, 0x9a, 0x1, 0xdc, 0xff, 0xff,
    0xff, 0x82, 0x0, 0x9, 0xda, 0xff, 0xff, 0xff,
    0x68, 0x0, 0x2, 0xf2, 0xff, 0xff, 0xff, 0x58,
    0x3a, 0xff, 0xff, 0xff, 0xff, 0x1e, 0x0, 0x0,
    0x3d, 0xfe, 0xff, 0xff, 0xf1, 0x1b, 0x3a, 0xff,
    0xff, 0xff, 0xf7, 0xe, 0x78, 0xff, 0xff, 0xff,
    0xd9, 0x0, 0x0, 0x0, 0x0, 0x94, 0xff, 0xff,
    0xff, 0xb1, 0x9d, 0xff, 0xff, 0xff, 0x9f, 0x0,
    0x9d, 0xff, 0xff, 0xff, 0xb0, 0x0, 0x0, 0x0,
    0x0, 0xc, 0xdf, 0xff, 0xff, 0xff, 0xfc, 0xff,
    0xff, 0xfe, 0x2d, 0x0, 0xab, 0xff, 0xff, 0xff,
    0x9e, 0x0, 0x0, 0x0, 0x0, 0x0, 0x44, 0xff,
    0xff, 0xff, 0xff, 0xff, 0xff, 0xa6, 0x0, 0x0,
    0x9c, 0xff, 0xff, 0xff, 0xb4, 0x0, 0x0, 0x0,
    0x0, 0x0, 0x0, 0x9c, 0xff, 0xff, 0xff, 0xff,
    0xf7, 0x1a, 0x0, 0x0, 0x7f, 0xff, 0xff, 0xff,
    0xe0, 0x1, 0x0, 0x0, 0x0, 0x0, 0xe, 0xc9,
    0xff, 0xff, 0xff, 0xff, 0xff, 0x90, 0x6, 0x0,
    0x36, 0xff, 0xff, 0xff, 0xff, 0x6f, 0x0, 0x0,
    0x0, 0x37, 0xd6, 0xff, 0xff, 0xff, 0xff, 0xff,
    0xff, 0xff, 0xe5, 0x9d, 0x0, 0xd0, 0xff, 0xff,
    0xff, 0xff, 0xcd, 0xb1, 0xd2, 0xff, 0xff, 0xff,
    0xff, 0xff, 0xf0, 0xff, 0xff, 0xff, 0xff, 0xff,
    0x0, 0x2f, 0xf9, 0xff, 0xff, 0xff, 0xff, 0xff,
    0xff, 0xff, 0xff, 0xff, 0xff, 0x8d, 0x1d, 0xde,
    0xff, 0xff, 0xff, 0xff, 0x0, 0x0, 0x3f, 0xea,
    0xff, 0xff, 0xff, 0xff, 0xff, 0xff, 0xff, 0xf0,
    0x63, 0x0, 0x0, 0x1d, 0xca, 0xff, 0xff, 0xff,
    0x0, 0x0, 0x0, 0x13, 0x74, 0xc8, 0xe8, 0xf8,
    0xe1, 0xbf, 0x6d, 0x13, 0x0, 0x0, 0x0, 0x0,
    0x7, 0x84, 0xdf, 0xfd,

    /* U+0027 "'" */
    0x34, 0xff, 0xff, 0xff, 0x9b, 0x34, 0xff, 0xff,
    0xff, 0x74, 0x34, 0xff, 0xff, 0xff, 0x4d, 0x34,
    0xff, 0xff, 0xff, 0x25, 0x34, 0xff, 0xff, 0xfa,
    0x4, 0x34, 0xff, 0xff, 0xd7, 0x0, 0x34, 0xff,
    0xff, 0xaf, 0x0, 0x34, 0xff, 0xff, 0x88, 0x0,
    0x34, 0xff, 0xff, 0x60, 0x0, 0x34, 0xff, 0xff,
    0x39, 0x0, 0x8, 0x28, 0x28, 0x5, 0x0,

    /* U+0028 "(" */
    0x0, 0x0, 0x0, 0x0, 0x0, 0x2d, 0xa1, 0xe2,
    0xb3, 0x0, 0x0, 0x0, 0x0, 0x56, 0xfa, 0xff,
    0xff, 0xb8, 0x0, 0x0, 0x0, 0x3f, 0xfa, 0xff,
    0xff, 0xff, 0xb8, 0x0, 0x0, 0x3, 0xd3, 0xff,
    0xff, 0xfd, 0x6e, 0x9, 0x0, 0x0, 0x59, 0xff,
    0xff, 0xff, 0x9a, 0x0, 0x0, 0x0, 0x0, 0xb2,
    0xff, 0xff, 0xff, 0x2c, 0x0, 0x0, 0x0, 0xb,
    0xf8, 0xff, 0xff, 0xe0, 0x0, 0x0, 0x0, 0x0,
    0x3d, 0xff, 0xff, 0xff, 0xa7, 0x0, 0x0, 0x0,
    0x0, 0x71, 0xff, 0xff, 0xff, 0x7f, 0x0, 0x0,
    0x0, 0x0, 0x99, 0xff, 0xff, 0xff, 0x64, 0x0,
    0x0, 0x0, 0x0, 0xb6, 0xff, 0xff, 0xff, 0x4c,
    0x0, 0x0, 0x0, 0x0, 0xd2, 0xff, 0xff, 0xff,
    0x37, 0x0, 0x0, 0x0, 0x0, 0xe4, 0xff, 0xff,
    0xff, 0x2b, 0x0, 0x0, 0x0, 0x0, 0xf1, 0xff,
    0xff, 0xff, 0x20, 0x0, 0x0, 0x0, 0x0, 0xfd,
    0xff, 0xff, 0xff, 0x17, 0x0, 0x0, 0x0, 0x3,
    0xff, 0xff, 0xff, 0xff, 0x15, 0x0, 0x0, 0x0,
    0x7, 0xff, 0xff, 0xff, 0xff, 0x13, 0x0, 0x0,
    0x0, 0xa, 0xff, 0xff, 0xff, 0xff, 0x11, 0x0,
    0x0, 0x0, 0xd, 0xff, 0xff, 0xff, 0xff, 0xf,
    0x0, 0x0, 0x0, 0x11, 0xff, 0xff, 0xff, 0xff,
    0xd, 0x0, 0x0, 0x0, 0x13, 0xff, 0xff, 0xff,
    0xff, 0xc, 0x0, 0x0, 0x0, 0x11, 0xff, 0xff,
    0xff, 0xff, 0xd, 0x0, 0x0, 0x0, 0xe, 0xff,
    0xff, 0xff, 0xff, 0xf, 0x0, 0x0, 0x0, 0xa,
    0xff, 0xff, 0xff, 0xff, 0x11, 0x0, 0x0, 0x0,
    0x7, 0xff, 0xff, 0xff, 0xff, 0x13, 0x0, 0x0,
    0x0, 0x3, 0xff, 0xff, 0xff, 0xff, 0x15, 0x0,
    0x0, 0x0, 0x0, 0xfe, 0xff, 0xff, 0xff, 0x17,
    0x0, 0x0, 0x0, 0x0, 0xf2, 0xff, 0xff, 0xff,
    0x1f, 0x0, 0x0, 0x0, 0x0, 0xe5, 0xff, 0xff,
    0xff, 0x2a, 0x0, 0x0, 0x0, 0x0, 0xd3, 0xff,
    0xff, 0xff, 0x35, 0x0, 0x0, 0x0, 0x0, 0xb8,
    0xff, 0xff, 0xff, 0x49, 0x0, 0x0, 0x0, 0x0,
    0x9b, 0xff, 0xff, 0xff, 0x61, 0x0, 0x0, 0x0,
    0x0, 0x73, 0xff, 0xff, 0xff, 0x7c, 0x0, 0x0,
    0x0, 0x0, 0x40, 0xff, 0xff, 0xff, 0xaa, 0x0,
    0x0, 0x0, 0x0, 0xc, 0xfa, 0xff, 0xff, 0xdb,
    0x0, 0x0, 0x0, 0x0, 0x0, 0xb6, 0xff, 0xff,
    0xff, 0x2b, 0x0, 0x0, 0x0, 0x0, 0x5e, 0xff,
    0xff, 0xff, 0x8e, 0x0, 0x0, 0x0, 0x0, 0x4,
    0xd8, 0xff, 0xff, 0xfa, 0x57, 0x0, 0x0, 0x0,
    0x0, 0x46, 0xfc, 0xff, 0xff, 0xff, 0xb2, 0x0,
    0x0, 0x0, 0x0, 0x5d, 0xfc, 0xff, 0xff, 0xb8,
    0x0, 0x0, 0x0, 0x0, 0x0, 0x31, 0xa4, 0xe4,
    0xb4,

    /* U+0029 ")" */
    0xd1, 0xde, 0x9a, 0x25, 0x0, 0x0, 0x0, 0x0,
    0xd8, 0xff, 0xff, 0xf6, 0x46, 0x0, 0x0, 0x0,
    0xd6, 0xff, 0xff, 0xff, 0xf5, 0x32, 0x0, 0x0,
    0x6, 0x74, 0xff, 0xff, 0xff, 0xc3, 0x0, 0x0,
    0x0, 0x0, 0xac, 0xff, 0xff, 0xff, 0x44, 0x0,
    0x0, 0x0, 0x47, 0xff, 0xff, 0xff, 0x9d, 0x0,
    0x0, 0x0, 0x3, 0xf1, 0xff, 0xff, 0xed, 0x1,
    0x0, 0x0, 0x0, 0xc3, 0xff, 0xff, 0xff, 0x27,
    0x0, 0x0, 0x0, 0x95, 0xff, 0xff, 0xff, 0x5a,
    0x0, 0x0, 0x0, 0x79, 0xff, 0xff, 0xff, 0x82,
    0x0, 0x0, 0x0, 0x60, 0xff, 0xff, 0xff, 0xa0,
    0x0, 0x0, 0x0, 0x4c, 0xff, 0xff, 0xff, 0xbd,
    0x0, 0x0, 0x0, 0x42, 0xff, 0xff, 0xff, 0xcf,
    0x0, 0x0, 0x0, 0x38, 0xff, 0xff, 0xff, 0xdd,
    0x0, 0x0, 0x0, 0x2f, 0xff, 0xff, 0xff, 0xea,
    0x0, 0x0, 0x0, 0x2d, 0xff, 0xff, 0xff, 0xee,
    0x0, 0x0, 0x0, 0x2a, 0xff, 0xff, 0xff, 0xf2,
    0x0, 0x0, 0x0, 0x28, 0xff, 0xff, 0xff, 0xf5,
    0x0, 0x0, 0x0, 0x25, 0xff, 0xff, 0xff, 0xf9,
    0x0, 0x0, 0x0, 0x23, 0xff, 0xff, 0xff, 0xfc,
    0x0, 0x0, 0x0, 0x21, 0xff, 0xff, 0xff, 0xff,
    0x0, 0x0, 0x0, 0x23, 0xff, 0xff, 0xff, 0xfc,
    0x0, 0x0, 0x0, 0x25, 0xff, 0xff, 0xff, 0xf8,
    0x0, 0x0, 0x0, 0x28, 0xff, 0xff, 0xff, 0xf5,
    0x0, 0x0, 0x0, 0x2b, 0xff, 0xff, 0xff, 0xf2,
    0x0, 0x0, 0x0, 0x2d, 0xff, 0xff, 0xff, 0xee,
    0x0, 0x0, 0x0, 0x30, 0xff, 0xff, 0xff, 0xe9,
    0x0, 0x0, 0x0, 0x38, 0xff, 0xff, 0xff, 0xdc,
    0x0, 0x0, 0x0, 0x43, 0xff, 0xff, 0xff, 0xce,
    0x0, 0x0, 0x0, 0x4d, 0xff, 0xff, 0xff, 0xbc,
    0x0, 0x0, 0x0, 0x62, 0xff, 0xff, 0xff, 0x9f,
    0x0, 0x0, 0x0, 0x7b, 0xff, 0xff, 0xff, 0x82,
    0x0, 0x0, 0x0, 0x97, 0xff, 0xff, 0xff, 0x5a,
    0x0, 0x0, 0x0, 0xc5, 0xff, 0xff, 0xff, 0x27,
    0x0, 0x0, 0x3, 0xf3, 0xff, 0xff, 0xee, 0x1,
    0x0, 0x0, 0x49, 0xff, 0xff, 0xff, 0x9e, 0x0,
    0x0, 0x0, 0xae, 0xff, 0xff, 0xff, 0x45, 0x0,
    0x6, 0x75, 0xff, 0xff, 0xff, 0xc5, 0x0, 0x0,
    0xd6, 0xff, 0xff, 0xff, 0xf6, 0x35, 0x0, 0x0,
    0xd8, 0xff, 0xff, 0xf8, 0x49, 0x0, 0x0, 0x0,
    0xd2, 0xdf, 0x9c, 0x27, 0x0, 0x0, 0x0, 0x0,

    /* U+002A "*" */
    0x0, 0x0, 0x0, 0x0, 0x0, 0x16, 0xff, 0xff,
    0xff, 0x13, 0x0, 0x0, 0x0, 0x0, 0x0, 0x0,
    0x0, 0x0, 0x0, 0x0, 0x2, 0xfd, 0xff, 0xfa,
    0x1, 0x0, 0x0, 0x0, 0x0, 0x0, 0x0, 0x0,
    0x0, 0x0, 0x0, 0x0, 0xea, 0xff, 0xe3, 0x0,
    0x0, 0x0, 0x0, 0x0, 0x0, 0x0, 0x3c, 0x70,
    0x6, 0x0, 0x0, 0xd4, 0xff, 0xcb, 0x0, 0x0,
    0x7, 0x71, 0x3b, 0x0, 0x0, 0xa5, 0xff, 0xde,
    0x5a, 0x1, 0xbe, 0xff, 0xb3, 0x2, 0x5e, 0xe0,
    0xff, 0x9f, 0x0, 0xe, 0xf6, 0xff, 0xff, 0xff,
    0xcd, 0xd1, 0xff, 0xcb, 0xd2, 0xff, 0xff, 0xff,
    0xf1, 0x9, 0x1, 0x43, 0xa7, 0xf8, 0xff, 0xff,
    0xff, 0xff, 0xff, 0xff, 0xff, 0xf8, 0xa6, 0x40,
    0x0, 0x0, 0x0, 0x0, 0x12, 0x6f, 0xde, 0xff,
    0xff, 0xff, 0xdf, 0x73, 0x13, 0x0, 0x0, 0x0,
    0x0, 0x0, 0x0, 0x0, 0x10, 0xe3, 0xff, 0xfb,
    0xff, 0xd7, 0x9, 0x0, 0x0, 0x0, 0x0, 0x0,
    0x0, 0x0, 0x0, 0xa5, 0xff, 0xfc, 0x54, 0xfe,
    0xff, 0x97, 0x0, 0x0, 0x0, 0x0, 0x0, 0x0,
    0x0, 0x56, 0xff, 0xff, 0x9f, 0x0, 0xad, 0xff,
    0xff, 0x4e, 0x0, 0x0, 0x0, 0x0, 0x0, 0x1a,
    0xed, 0xff, 0xfb, 0x22, 0x0, 0x2e, 0xfe, 0xff,
    0xeb, 0x18, 0x0, 0x0, 0x0, 0x0, 0x51, 0xf5,
    0xff, 0x9b, 0x0, 0x0, 0x0, 0xad, 0xff, 0xf3,
    0x50, 0x0, 0x0, 0x0, 0x0, 0x0, 0x20, 0xaf,
    0x1f, 0x0, 0x0, 0x0, 0x2e, 0xa9, 0x1c, 0x0,
    0x0, 0x0,

    /* U+002B "+" */
    0x0, 0x0, 0x0, 0x0, 0x0, 0x45, 0xac, 0xac,
    0x89, 0x0, 0x0, 0x0, 0x0, 0x0, 0x0, 0x0,
    0x0, 0x0, 0x0, 0x0, 0x68, 0xff, 0xff, 0xcc,
    0x0, 0x0, 0x0, 0x0, 0x0, 0x0, 0x0, 0x0,
    0x0, 0x0, 0x0, 0x68, 0xff, 0xff, 0xcc, 0x0,
    0x0, 0x0, 0x0, 0x0, 0x0, 0x0, 0x0, 0x0,
    0x0, 0x0, 0x68, 0xff, 0xff, 0xcc, 0x0, 0x0,
    0x0, 0x0, 0x0, 0x0, 0x0, 0x0, 0x0, 0x0,
    0x0, 0x68, 0xff, 0xff, 0xcc, 0x0, 0x0, 0x0,
    0x0, 0x0, 0x0, 0x0, 0x0, 0x0, 0x0, 0x0,
    0x68, 0xff, 0xff, 0xcc, 0x0, 0x0, 0x0, 0x0,
    0x0, 0x0, 0x0, 0x0, 0x0, 0x0, 0x0, 0x68,
    0xff, 0xff, 0xcc, 0x0, 0x0, 0x0, 0x0, 0x0,
    0x0, 0xff, 0xff, 0xff, 0xff, 0xff, 0xff, 0xff,
    0xff, 0xff, 0xff, 0xff, 0xff, 0xff, 0xff, 0x98,
    0xff, 0xff, 0xff, 0xff, 0xff, 0xff, 0xff, 0xff,
    0xff, 0xff, 0xff, 0xff, 0xff, 0xff, 0x98, 0xff,
    0xff, 0xff, 0xff, 0xff, 0xff, 0xff, 0xff, 0xff,
    0xff, 0xff, 0xff, 0xff, 0xff, 0x98, 0x50, 0x50,
    0x50, 0x50, 0x50, 0x97, 0xff, 0xff, 0xdc, 0x50,
    0x50, 0x50, 0x50, 0x50, 0x2f, 0x0, 0x0, 0x0,
    0x0, 0x0, 0x68, 0xff, 0xff, 0xcc, 0x0, 0x0,
    0x0, 0x0, 0x0, 0x0, 0x0, 0x0, 0x0, 0x0,
    0x0, 0x68, 0xff, 0xff, 0xcc, 0x0, 0x0, 0x0,
    0x0, 0x0, 0x0, 0x0, 0x0, 0x0, 0x0, 0x0,
    0x68, 0xff, 0xff, 0xcc, 0x0, 0x0, 0x0, 0x0,
    0x0, 0x0, 0x0, 0x0, 0x0, 0x0, 0x0, 0x68,
    0xff, 0xff, 0xcc, 0x0, 0x0, 0x0, 0x0, 0x0,
    0x0, 0x0, 0x0, 0x0, 0x0, 0x0, 0x68, 0xff,
    0xff, 0xcc, 0x0, 0x0, 0x0, 0x0, 0x0, 0x0,
    0x0, 0x0, 0x0, 0x0, 0x0, 0x68, 0xff, 0xff,
    0xcc, 0x0, 0x0, 0x0, 0x0, 0x0, 0x0,

    /* U+002C "," */
    0x40, 0xb4, 0xb4, 0xb4, 0xb4, 0x8, 0x5c, 0xff,
    0xff, 0xff, 0xff, 0xc, 0x5c, 0xff, 0xff, 0xff,
    0xff, 0xc, 0x5c, 0xff, 0xff, 0xff, 0xff, 0xc,
    0x5c, 0xff, 0xff, 0xff, 0xff, 0xb, 0x0, 0x0,
    0x25, 0xff, 0xf8, 0x1, 0x0, 0x0, 0x63, 0xff,
    0xdb, 0x0, 0x0, 0x1d, 0xe3, 0xff, 0x87, 0x0,
    0x34, 0xee, 0xff, 0xe0, 0x17, 0x0, 0x10, 0xf8,
    0xbf, 0x1e, 0x0, 0x0, 0x0, 0x26, 0x0, 0x0,
    0x0, 0x0,

    /* U+002D "-" */
    0x22, 0x54, 0x54, 0x54, 0x54, 0x54, 0x54, 0x54,
    0x54, 0x2b, 0x68, 0xff, 0xff, 0xff, 0xff, 0xff,
    0xff, 0xff, 0xff, 0x84, 0x68, 0xff, 0xff, 0xff,
    0xff, 0xff, 0xff, 0xff, 0xff, 0x84, 0x68, 0xff,
    0xff, 0xff, 0xff, 0xff, 0xff, 0xff, 0xff, 0x84,

    /* U+002E "." */
    0xa, 0xe0, 0xe0, 0xe0, 0xe0, 0x34, 0xc, 0xff,
    0xff, 0xff, 0xff, 0x3c, 0xc, 0xff, 0xff, 0xff,
    0xff, 0x3c, 0xc, 0xff, 0xff, 0xff, 0xff, 0x3c,
    0xc, 0xff, 0xff, 0xff, 0xff, 0x3c,

    /* U+002F "/" */
    0x0, 0x0, 0x0, 0x0, 0x0, 0x0, 0x0, 0x0,
    0x42, 0xff, 0xff, 0xff, 0x75, 0x0, 0x0, 0x0,
    0x0, 0x0, 0x0, 0x0, 0x0, 0x86, 0xff, 0xff,
    0xff, 0x32, 0x0, 0x0, 0x0, 0x0, 0x0, 0x0,
    0x0, 0x0, 0xc9, 0xff, 0xff, 0xec, 0x1, 0x0,
    0x0, 0x0, 0x0, 0x0, 0x0, 0x0, 0x10, 0xfc,
    0xff, 0xff, 0xaa, 0x0, 0x0, 0x0, 0x0, 0x0,
    0x0, 0x0, 0x0, 0x51, 0xff, 0xff, 0xff, 0x66,
    0x0, 0x0, 0x0, 0x0, 0x0, 0x0, 0x0, 0x0,
    0x94, 0xff, 0xff, 0xff, 0x22, 0x0, 0x0, 0x0,
    0x0, 0x0, 0x0, 0x0, 0x0, 0xd8, 0xff, 0xff,
    0xde, 0x0, 0x0, 0x0, 0x0, 0x0, 0x0, 0x0,
    0x0, 0x1b, 0xff, 0xff, 0xff, 0x9a, 0x0, 0x0,
    0x0, 0x0, 0x0, 0x0, 0x0, 0x0, 0x5f, 0xff,
    0xff, 0xff, 0x56, 0x0, 0x0, 0x0, 0x0, 0x0,
    0x0, 0x0, 0x0, 0xa3, 0xff, 0xff, 0xfe, 0x14,
    0x0, 0x0, 0x0, 0x0, 0x0, 0x0, 0x0, 0x0,
    0xe5, 0xff, 0xff, 0xcf, 0x0, 0x0, 0x0, 0x0,
    0x0, 0x0, 0x0, 0x0, 0x2a, 0xff, 0xff, 0xff,
    0x8b, 0x0, 0x0, 0x0, 0x0, 0x0, 0x0, 0x0,
    0x0, 0x6e, 0xff, 0xff, 0xff, 0x47, 0x0, 0x0,
    0x0, 0x0, 0x0, 0x0, 0x0, 0x0, 0xb1, 0xff,
    0xff, 0xf9, 0xa, 0x0, 0x0, 0x0, 0x0, 0x0,
    0x0, 0x0, 0x3, 0xf0, 0xff, 0xff, 0xbf, 0x0,
    0x0, 0x0, 0x0, 0x0, 0x0, 0x0, 0x0, 0x39,
    0xff, 0xff, 0xff, 0x7b, 0x0, 0x0, 0x0, 0x0,
    0x0, 0x0, 0x0, 0x0, 0x7c, 0xff, 0xff, 0xff,
    0x37, 0x0, 0x0, 0x0, 0x0, 0x0, 0x0, 0x0,
    0x0, 0xc0, 0xff, 0xff, 0xf0, 0x3, 0x0, 0x0,
    0x0, 0x0, 0x0, 0x0, 0x0, 0xa, 0xf9, 0xff,
    0xff, 0xb0, 0x0, 0x0, 0x0, 0x0, 0x0, 0x0,
    0x0, 0x0, 0x47, 0xff, 0xff, 0xff, 0x6c, 0x0,
    0x0, 0x0, 0x0, 0x0, 0x0, 0x0, 0x0, 0x8b,
    0xff, 0xff, 0xff, 0x28, 0x0, 0x0, 0x0, 0x0,
    0x0, 0x0, 0x0, 0x0, 0xcf, 0xff, 0xff, 0xe4,
    0x0, 0x0, 0x0, 0x0, 0x0, 0x0, 0x0, 0x0,
    0x13, 0xfe, 0xff, 0xff, 0xa0, 0x0, 0x0, 0x0,
    0x0, 0x0, 0x0, 0x0, 0x0, 0x56, 0xff, 0xff,
    0xff, 0x5c, 0x0, 0x0, 0x0, 0x0, 0x0, 0x0,
    0x0, 0x0, 0x99, 0xff, 0xff, 0xff, 0x19, 0x0,
    0x0, 0x0, 0x0, 0x0, 0x0, 0x0, 0x0, 0xdd,
    0xff, 0xff, 0xd5, 0x0, 0x0, 0x0, 0x0, 0x0,
    0x0, 0x0, 0x0, 0x20, 0xff, 0xff, 0xff, 0x91,
    0x0, 0x0, 0x0, 0x0, 0x0, 0x0, 0x0, 0x0,
    0x64, 0xff, 0xff, 0xff, 0x4d, 0x0, 0x0, 0x0,
    0x0, 0x0, 0x0, 0x0, 0x0, 0xa8, 0xff, 0xff,
    0xfb, 0xd, 0x0, 0x0, 0x0, 0x0, 0x0, 0x0,
    0x0, 0x1, 0xea, 0xff, 0xff, 0xc5, 0x0, 0x0,
    0x0, 0x0, 0x0, 0x0, 0x0, 0x0, 0x2f, 0xff,
    0xff, 0xff, 0x81, 0x0, 0x0, 0x0, 0x0, 0x0,
    0x0, 0x0, 0x0, 0x73, 0xff, 0xff, 0xff, 0x3d,
    0x0, 0x0, 0x0, 0x0, 0x0, 0x0, 0x0, 0x0,
    0xb6, 0xff, 0xff, 0xf4, 0x5, 0x0, 0x0, 0x0,
    0x0, 0x0, 0x0, 0x0, 0x0,

    /* U+0030 "0" */
    0x0, 0x0, 0x0, 0x0, 0x30, 0x95, 0xd2, 0xf2,
    0xfb, 0xed, 0xc5, 0x7c, 0x15, 0x0, 0x0, 0x0,
    0x0, 0x0, 0x0, 0x0, 0x86, 0xfe, 0xff, 0xff,
    0xff, 0xff, 0xff, 0xff, 0xff, 0xf1, 0x47, 0x0,
    0x0, 0x0, 0x0, 0x0, 0x95, 0xff, 0xff, 0xff,
    0xff, 0xff, 0xff, 0xff, 0xff, 0xff, 0xff, 0xf9,
    0x4b, 0x0, 0x0, 0x0, 0x40, 0xff, 0xff, 0xff,
    0xff, 0xf5, 0xb2, 0x9b, 0xc2, 0xff, 0xff, 0xff,
    0xff, 0xe4, 0x9, 0x0, 0x0, 0xc9, 0xff, 0xff,
    0xff, 0xe0, 0x20, 0x0, 0x0, 0x0, 0x50, 0xfd,
    0xff, 0xff, 0xff, 0x75, 0x0, 0x1b, 0xff, 0xff,
    0xff, 0xff, 0x50, 0x0, 0x0, 0x0, 0x0, 0x0,
    0x9f, 0xff, 0xff, 0xff, 0xc6, 0x0, 0x61, 0xff,
    0xff, 0xff, 0xf2, 0x5, 0x0, 0x0, 0x0, 0x0,
    0x0, 0x49, 0xff, 0xff, 0xff, 0xfc, 0x10, 0x88,
    0xff, 0xff, 0xff, 0xc9, 0x0, 0x0, 0x0, 0x0,
    0x0, 0x0, 0x1a, 0xff, 0xff, 0xff, 0xff, 0x33,
    0x9c, 0xff, 0xff, 0xff, 0xb0, 0x0, 0x0, 0x0,
    0x0, 0x0, 0x0, 0x1, 0xfe, 0xff, 0xff, 0xff,
    0x47, 0xad, 0xff, 0xff, 0xff, 0xa5, 0x0, 0x0,
    0x0, 0x0, 0x0, 0x0, 0x0, 0xf5, 0xff, 0xff,
    0xff, 0x59, 0xb0, 0xff, 0xff, 0xff, 0xa4, 0x0,
    0x0, 0x0, 0x0, 0x0, 0x0, 0x0, 0xf4, 0xff,
    0xff, 0xff, 0x5c, 0xb0, 0xff, 0xff, 0xff, 0xa4,
    0x0, 0x0, 0x0, 0x0, 0x0, 0x0, 0x0, 0xf4,
    0xff, 0xff, 0xff, 0x5c, 0xb0, 0xff, 0xff, 0xff,
    0xa4, 0x0, 0x0, 0x0, 0x0, 0x0, 0x0, 0x0,
    0xf4, 0xff, 0xff, 0xff, 0x5c, 0xb0, 0xff, 0xff,
    0xff, 0xa4, 0x0, 0x0, 0x0, 0x0, 0x0, 0x0,
    0x0, 0xf4, 0xff, 0xff, 0xff, 0x5c, 0xb0, 0xff,
    0xff, 0xff, 0xa4, 0x0, 0x0, 0x0, 0x0, 0x0,
    0x0, 0x0, 0xf4, 0xff, 0xff, 0xff, 0x5c, 0xb0,
    0xff, 0xff, 0xff, 0xa4, 0x0, 0x0, 0x0, 0x0,
    0x0, 0x0, 0x0, 0xf4, 0xff, 0xff, 0xff, 0x5c,
    0xb0, 0xff, 0xff, 0xff, 0xa4, 0x0, 0x0, 0x0,
    0x0, 0x0, 0x0, 0x0, 0xf4, 0xff, 0xff, 0xff,
    0x5c, 0xb0, 0xff, 0xff, 0xff, 0xa4, 0x0, 0x0,
    0x0, 0x0, 0x0, 0x0, 0x0, 0xf4, 0xff, 0xff,
    0xff, 0x5c, 0xb0, 0xff, 0xff, 0xff, 0xa4, 0x0,
    0x0, 0x0, 0x0, 0x0, 0x0, 0x0, 0xf4, 0xff,
    0xff, 0xff, 0x5c, 0xb0, 0xff, 0xff, 0xff, 0xa4,
    0x0, 0x0, 0x0, 0x0, 0x0, 0x0, 0x0, 0xf4,
    0xff, 0xff, 0xff, 0x5c, 0xb0, 0xff, 0xff, 0xff,
    0xa4, 0x0, 0x0, 0x0, 0x0, 0x0, 0x0, 0x0,
    0xf4, 0xff, 0xff, 0xff, 0x5c, 0xb0, 0xff, 0xff,
    0xff, 0xa4, 0x0, 0x0, 0x0, 0x0, 0x0, 0x0,
    0x0, 0xf4, 0xff, 0xff, 0xff, 0x5c, 0xb0, 0xff,
    0xff, 0xff, 0xa4, 0x0, 0x0, 0x0, 0x0, 0x0,
    0x0, 0x0, 0xf4, 0xff, 0xff, 0xff, 0x5c, 0xac,
    0xff, 0xff, 0xff, 0xa5, 0x0, 0x0, 0x0, 0x0,
    0x0, 0x0, 0x0, 0xf6, 0xff, 0xff, 0xff, 0x58,
    0x9a, 0xff, 0xff, 0xff, 0xb1, 0x0, 0x0, 0x0,
    0x0, 0x0, 0x0, 0x3, 0xff, 0xff, 0xff, 0xff,
    0x45, 0x85, 0xff, 0xff, 0xff, 0xcf, 0x0, 0x0,
    0x0, 0x0, 0x0, 0x0, 0x23, 0xff, 0xff, 0xff,
    0xff, 0x30, 0x59, 0xff, 0xff, 0xff, 0xf8, 0xc,
    0x0, 0x0, 0x0, 0x0, 0x0, 0x58, 0xff, 0xff,
    0xff, 0xfa, 0xc, 0x14, 0xfd, 0xff, 0xff, 0xff,
    0x63, 0x0, 0x0, 0x0, 0x0, 0x0, 0xb5, 0xff,
    0xff, 0xff, 0xc0, 0x0, 0x0, 0xba, 0xff, 0xff,
    0xff, 0xed, 0x31, 0x0, 0x0, 0x0, 0x69, 0xff,
    0xff, 0xff, 0xff, 0x6c, 0x0, 0x0, 0x30, 0xfd,
    0xff, 0xff, 0xff, 0xfb, 0xbf, 0xa6, 0xd0, 0xff,
    0xff, 0xff, 0xff, 0xdb, 0x6, 0x0, 0x0, 0x0,
    0x7d, 0xff, 0xff, 0xff, 0xff, 0xff, 0xff, 0xff,
    0xff, 0xff, 0xff, 0xf5, 0x3f, 0x0, 0x0, 0x0,
    0x0, 0x0, 0x75, 0xfc, 0xff, 0xff, 0xff, 0xff,
    0xff, 0xff, 0xff, 0xec, 0x3b, 0x0, 0x0, 0x0,
    0x0, 0x0, 0x0, 0x0, 0x2a, 0x91, 0xd3, 0xf3,
    0xfc, 0xed, 0xc4, 0x78, 0x11, 0x0, 0x0, 0x0,
    0x0,

    /* U+0031 "1" */
    0x0, 0x0, 0x0, 0x0, 0x0, 0x0, 0x91, 0xff,
    0xff, 0xff, 0x20, 0x0, 0x0, 0x0, 0x0, 0x19,
    0xaa, 0xff, 0xff, 0xff, 0xff, 0x20, 0x0, 0x0,
    0x22, 0x86, 0xf4, 0xff, 0xff, 0xff, 0xff, 0xff,
    0x20, 0x6c, 0xc8, 0xfe, 0xff, 0xff, 0xff, 0xff,
    0xff, 0xff, 0xff, 0x20, 0xcc, 0xff, 0xff, 0xff,
    0xff, 0xff, 0xff, 0xff, 0xff, 0xff, 0x20, 0xcc,
    0xff, 0xff, 0xff, 0xfc, 0xd8, 0xff, 0xff, 0xff,
    0xff, 0x20, 0xa7, 0xa6, 0x75, 0x40, 0xb, 0x28,
    0xff, 0xff, 0xff, 0xff, 0x20, 0x0, 0x0, 0x0,
    0x0, 0x0, 0x28, 0xff, 0xff, 0xff, 0xff, 0x20,
    0x0, 0x0, 0x0, 0x0, 0x0, 0x28, 0xff, 0xff,
    0xff, 0xff, 0x20, 0x0, 0x0, 0x0, 0x0, 0x0,
    0x28, 0xff, 0xff, 0xff, 0xff, 0x20, 0x0, 0x0,
    0x0, 0x0, 0x0, 0x28, 0xff, 0xff, 0xff, 0xff,
    0x20, 0x0, 0x0, 0x0, 0x0, 0x0, 0x28, 0xff,
    0xff, 0xff, 0xff, 0x20, 0x0, 0x0, 0x0, 0x0,
    0x0, 0x28, 0xff, 0xff, 0xff, 0xff, 0x20, 0x0,
    0x0, 0x0, 0x0, 0x0, 0x28, 0xff, 0xff, 0xff,
    0xff, 0x20, 0x0, 0x0, 0x0, 0x0, 0x0, 0x28,
    0xff, 0xff, 0xff, 0xff, 0x20, 0x0, 0x0, 0x0,
    0x0, 0x0, 0x28, 0xff, 0xff, 0xff, 0xff, 0x20,
    0x0, 0x0, 0x0, 0x0, 0x0, 0x28, 0xff, 0xff,
    0xff, 0xff, 0x20, 0x0, 0x0, 0x0, 0x0, 0x0,
    0x28, 0xff, 0xff, 0xff, 0xff, 0x20, 0x0, 0x0,
    0x0, 0x0, 0x0, 0x28, 0xff, 0xff, 0xff, 0xff,
    0x20, 0x0, 0x0, 0x0, 0x0, 0x0, 0x28, 0xff,
    0xff, 0xff, 0xff, 0x20, 0x0, 0x0, 0x0, 0x0,
    0x0, 0x28, 0xff, 0xff, 0xff, 0xff, 0x20, 0x0,
    0x0, 0x0, 0x0, 0x0, 0x28, 0xff, 0xff, 0xff,
    0xff, 0x20, 0x0, 0x0, 0x0, 0x0, 0x0, 0x28,
    0xff, 0xff, 0xff, 0xff, 0x20, 0x0, 0x0, 0x0,
    0x0, 0x0, 0x28, 0xff, 0xff, 0xff, 0xff, 0x20,
    0x0, 0x0, 0x0, 0x0, 0x0, 0x28, 0xff, 0xff,
    0xff, 0xff, 0x20, 0x0, 0x0, 0x0, 0x0, 0x0,
    0x28, 0xff, 0xff, 0xff, 0xff, 0x20, 0x0, 0x0,
    0x0, 0x0, 0x0, 0x28, 0xff, 0xff, 0xff, 0xff,
    0x20, 0x0, 0x0, 0x0, 0x0, 0x0, 0x28, 0xff,
    0xff, 0xff, 0xff, 0x20, 0x0, 0x0, 0x0, 0x0,
    0x0, 0x28, 0xff, 0xff, 0xff, 0xff, 0x20, 0x0,
    0x0, 0x0, 0x0, 0x0, 0x28, 0xff, 0xff, 0xff,
    0xff, 0x20, 0x0, 0x0, 0x0, 0x0, 0x0, 0x28,
    0xff, 0xff, 0xff, 0xff, 0x20, 0x0, 0x0, 0x0,
    0x0, 0x0, 0x28, 0xff, 0xff, 0xff, 0xff, 0x20,
    0x0, 0x0, 0x0, 0x0, 0x0, 0x28, 0xff, 0xff,
    0xff, 0xff, 0x20,

    /* U+0032 "2" */
    0x0, 0x0, 0x0, 0x0, 0xa, 0x6b, 0xba, 0xe7,
    0xf9, 0xf4, 0xdf, 0xa9, 0x58, 0x2, 0x0, 0x0,
    0x0, 0x0, 0x0, 0x0, 0x28, 0xe1, 0xff, 0xff,
    0xff, 0xff, 0xff, 0xff, 0xff, 0xff, 0xce, 0x1d,
    0x0, 0x0, 0x0, 0x0, 0x25, 0xea, 0xff, 0xff,
    0xff, 0xff, 0xff, 0xff, 0xff, 0xff, 0xff, 0xff,
    0xdf, 0xf, 0x0, 0x0, 0x0, 0xb1, 0xff, 0xff,
    0xff, 0xff, 0xed, 0xb5, 0xa6, 0xe1, 0xff, 0xff,
    0xff, 0xff, 0x97, 0x0, 0x0, 0x31, 0xff, 0xff,
    0xff, 0xff, 0xbc, 0x12, 0x0, 0x0, 0x6, 0xae,
    0xff, 0xff, 0xff, 0xf7, 0x12, 0x0, 0x7a, 0xff,
    0xff, 0xff, 0xf6, 0x16, 0x0, 0x0, 0x0, 0x0,
    0x26, 0xff, 0xff, 0xff, 0xff, 0x56, 0x0, 0xb9,
    0xff, 0xff, 0xff, 0xaa, 0x0, 0x0, 0x0, 0x0,
    0x0, 0x0, 0xd6, 0xff, 0xff, 0xff, 0x89, 0x0,
    0xdb, 0xff, 0xff, 0xff, 0x74, 0x0, 0x0, 0x0,
    0x0, 0x0, 0x0, 0xba, 0xff, 0xff, 0xff, 0xa0,
    0x0, 0xed, 0xff, 0xff, 0xff, 0x56, 0x0, 0x0,
    0x0, 0x0, 0x0, 0x0, 0xa9, 0xff, 0xff, 0xff,
    0xab, 0x0, 0xfd, 0xff, 0xff, 0xff, 0x4a, 0x0,
    0x0, 0x0, 0x0, 0x0, 0x0, 0xb8, 0xff, 0xff,
    0xff, 0x9e, 0x0, 0xb0, 0xb0, 0xb0, 0xb0, 0x31,
    0x0, 0x0, 0x0, 0x0, 0x0, 0x0, 0xdb, 0xff,
    0xff, 0xff, 0x86, 0x0, 0x0, 0x0, 0x0, 0x0,
    0x0, 0x0, 0x0, 0x0, 0x0, 0x0, 0x1e, 0xff,
    0xff, 0xff, 0xff, 0x51, 0x0, 0x0, 0x0, 0x0,
    0x0, 0x0, 0x0, 0x0, 0x0, 0x0, 0x0, 0x81,
    0xff, 0xff, 0xff, 0xf7, 0x10, 0x0, 0x0, 0x0,
    0x0, 0x0, 0x0, 0x0, 0x0, 0x0, 0x0, 0x11,
    0xed, 0xff, 0xff, 0xff, 0xa5, 0x0, 0x0, 0x0,
    0x0, 0x0, 0x0, 0x0, 0x0, 0x0, 0x0, 0x0,
    0x92, 0xff, 0xff, 0xff, 0xfd, 0x2a, 0x0, 0x0,
    0x0, 0x0, 0x0, 0x0, 0x0, 0x0, 0x0, 0x0,
    0x35, 0xfd, 0xff, 0xff, 0xff, 0x98, 0x0, 0x0,
    0x0, 0x0, 0x0, 0x0, 0x0, 0x0, 0x0, 0x0,
    0x4, 0xd0, 0xff, 0xff, 0xff, 0xe8, 0x10, 0x0,
    0x0, 0x0, 0x0, 0x0, 0x0, 0x0, 0x0, 0x0,
    0x0, 0x77, 0xff, 0xff, 0xff, 0xff, 0x5b, 0x0,
    0x0, 0x0, 0x0, 0x0, 0x0, 0x0, 0x0, 0x0,
    0x0, 0x23, 0xf6, 0xff, 0xff, 0xff, 0xb7, 0x0,
    0x0, 0x0, 0x0, 0x0, 0x0, 0x0, 0x0, 0x0,
    0x0, 0x0, 0xbc, 0xff, 0xff, 0xff, 0xf2, 0x1e,
    0x0, 0x0, 0x0, 0x0, 0x0, 0x0, 0x0, 0x0,
    0x0, 0x0, 0x60, 0xff, 0xff, 0xff, 0xff, 0x6a,
    0x0, 0x0, 0x0, 0x0, 0x0, 0x0, 0x0, 0x0,
    0x0, 0x0, 0x16, 0xed, 0xff, 0xff, 0xff, 0xc2,
    0x1, 0x0, 0x0, 0x0, 0x0, 0x0, 0x0, 0x0,
    0x0, 0x0, 0x0, 0xa6, 0xff, 0xff, 0xff, 0xf7,
    0x26, 0x0, 0x0, 0x0, 0x0, 0x0, 0x0, 0x0,
    0x0, 0x0, 0x0, 0x4a, 0xff, 0xff, 0xff, 0xff,
    0x77, 0x0, 0x0, 0x0, 0x0, 0x0, 0x0, 0x0,
    0x0, 0x0, 0x0, 0xb, 0xe0, 0xff, 0xff, 0xff,
    0xcc, 0x3, 0x0, 0x0, 0x0, 0x0, 0x0, 0x0,
    0x0, 0x0, 0x0, 0x0, 0x90, 0xff, 0xff, 0xff,
    0xfb, 0x2f, 0x0, 0x0, 0x0, 0x0, 0x0, 0x0,
    0x0, 0x0, 0x0, 0x0, 0x35, 0xfd, 0xff, 0xff,
    0xff, 0x83, 0x0, 0x0, 0x0, 0x0, 0x0, 0x0,
    0x0, 0x0, 0x0, 0x0, 0x4, 0xd1, 0xff, 0xff,
    0xff, 0xd6, 0x7, 0x0, 0x0, 0x0, 0x0, 0x0,
    0x0, 0x0, 0x0, 0x0, 0x0, 0x79, 0xff, 0xff,
    0xff, 0xfd, 0x39, 0x0, 0x0, 0x0, 0x0, 0x0,
    0x0, 0x0, 0x0, 0x0, 0x0, 0x23, 0xf7, 0xff,
    0xff, 0xff, 0xef, 0xb0, 0xb0, 0xb0, 0xb0, 0xb0,
    0xb0, 0xb0, 0xb0, 0xb0, 0xa2, 0x0, 0x5c, 0xff,
    0xff, 0xff, 0xff, 0xff, 0xff, 0xff, 0xff, 0xff,
    0xff, 0xff, 0xff, 0xff, 0xff, 0xec, 0x0, 0x5c,
    0xff, 0xff, 0xff, 0xff, 0xff, 0xff, 0xff, 0xff,
    0xff, 0xff, 0xff, 0xff, 0xff, 0xff, 0xec, 0x0,
    0x5c, 0xff, 0xff, 0xff, 0xff, 0xff, 0xff, 0xff,
    0xff, 0xff, 0xff, 0xff, 0xff, 0xff, 0xff, 0xec,
    0x0,

    /* U+0033 "3" */
    0x0, 0x0, 0x0, 0x0, 0x2c, 0x88, 0xcb, 0xe4,
    0xf9, 0xe8, 0xcf, 0x95, 0x39, 0x0, 0x0, 0x0,
    0x0, 0x0, 0x0, 0x7, 0x93, 0xff, 0xff, 0xff,
    0xff, 0xff, 0xff, 0xff, 0xff, 0xff, 0xaa, 0xe,
    0x0, 0x0, 0x0, 0x0, 0xb4, 0xff, 0xff, 0xff,
    0xff, 0xff, 0xff, 0xff, 0xff, 0xff, 0xff, 0xff,
    0xca, 0x4, 0x0, 0x0, 0x67, 0xff, 0xff, 0xff,
    0xff, 0xf4, 0xb0, 0x95, 0xa7, 0xe9, 0xff, 0xff,
    0xff, 0xff, 0x7d, 0x0, 0x0, 0xd4, 0xff, 0xff,
    0xff, 0xe2, 0x1d, 0x0, 0x0, 0x0, 0xb, 0xbc,
    0xff, 0xff, 0xff, 0xe6, 0x2, 0x24, 0xff, 0xff,
    0xff, 0xff, 0x6e, 0x0, 0x0, 0x0, 0x0, 0x0,
    0x39, 0xff, 0xff, 0xff, 0xff, 0x3b, 0x47, 0xff,
    0xff, 0xff, 0xff, 0x1a, 0x0, 0x0, 0x0, 0x0,
    0x0, 0x0, 0xec, 0xff, 0xff, 0xff, 0x60, 0x5f,
    0xff, 0xff, 0xff, 0xf3, 0x0, 0x0, 0x0, 0x0,
    0x0, 0x0, 0x0, 0xd2, 0xff, 0xff, 0xff, 0x78,
    0x59, 0xdc, 0xdc, 0xdc, 0xbb, 0x0, 0x0, 0x0,
    0x0, 0x0, 0x0, 0x0, 0xcb, 0xff, 0xff, 0xff,
    0x7b, 0x0, 0x0, 0x0, 0x0, 0x0, 0x0, 0x0,
    0x0, 0x0, 0x0, 0x0, 0x0, 0xe7, 0xff, 0xff,
    0xff, 0x62, 0x0, 0x0, 0x0, 0x0, 0x0, 0x0,
    0x0, 0x0, 0x0, 0x0, 0x0, 0x33, 0xff, 0xff,
    0xff, 0xff, 0x2a, 0x0, 0x0, 0x0, 0x0, 0x0,
    0x0, 0x0, 0x0, 0x0, 0x0, 0x1b, 0xd0, 0xff,
    0xff, 0xff, 0xc6, 0x0, 0x0, 0x0, 0x0, 0x0,
    0x0, 0x0, 0x0, 0x53, 0x93, 0xb7, 0xf8, 0xff,
    0xff, 0xff, 0xf6, 0x31, 0x0, 0x0, 0x0, 0x0,
    0x0, 0x0, 0x0, 0x0, 0x98, 0xff, 0xff, 0xff,
    0xff, 0xff, 0xea, 0x41, 0x0, 0x0, 0x0, 0x0,
    0x0, 0x0, 0x0, 0x0, 0x0, 0x98, 0xff, 0xff,
    0xff, 0xfe, 0x89, 0x10, 0x0, 0x0, 0x0, 0x0,
    0x0, 0x0, 0x0, 0x0, 0x0, 0x0, 0x98, 0xff,
    0xff, 0xff, 0xff, 0xf3, 0x75, 0x0, 0x0, 0x0,
    0x0, 0x0, 0x0, 0x0, 0x0, 0x0, 0x0, 0x92,
    0xff, 0xff, 0xff, 0xff, 0xff, 0xff, 0x86, 0x0,
    0x0, 0x0, 0x0, 0x0, 0x0, 0x0, 0x0, 0x0,
    0x0, 0xd, 0x40, 0xc5, 0xff, 0xff, 0xff, 0xfe,
    0x3b, 0x0, 0x0, 0x0, 0x0, 0x0, 0x0, 0x0,
    0x0, 0x0, 0x0, 0x0, 0x9, 0xd6, 0xff, 0xff,
    0xff, 0xb0, 0x0, 0x0, 0x0, 0x0, 0x0, 0x0,
    0x0, 0x0, 0x0, 0x0, 0x0, 0x0, 0x6b, 0xff,
    0xff, 0xff, 0xfc, 0xc, 0x0, 0x0, 0x0, 0x0,
    0x0, 0x0, 0x0, 0x0, 0x0, 0x0, 0x0, 0x14,
    0xfe, 0xff, 0xff, 0xff, 0x43, 0x0, 0x0, 0x0,
    0x0, 0x0, 0x0, 0x0, 0x0, 0x0, 0x0, 0x0,
    0x0, 0xeb, 0xff, 0xff, 0xff, 0x68, 0x0, 0x0,
    0x0, 0x0, 0x0, 0x0, 0x0, 0x0, 0x0, 0x0,
    0x0, 0x0, 0xd3, 0xff, 0xff, 0xff, 0x79, 0x4c,
    0xbc, 0xbc, 0xbc, 0x9e, 0x0, 0x0, 0x0, 0x0,
    0x0, 0x0, 0x0, 0xc8, 0xff, 0xff, 0xff, 0x7c,
    0x63, 0xff, 0xff, 0xff, 0xe0, 0x0, 0x0, 0x0,
    0x0, 0x0, 0x0, 0x0, 0xd3, 0xff, 0xff, 0xff,
    0x6a, 0x4f, 0xff, 0xff, 0xff, 0xf5, 0x1, 0x0,
    0x0, 0x0, 0x0, 0x0, 0x0, 0xee, 0xff, 0xff,
    0xff, 0x58, 0x37, 0xff, 0xff, 0xff, 0xff, 0x23,
    0x0, 0x0, 0x0, 0x0, 0x0, 0x1a, 0xff, 0xff,
    0xff, 0xff, 0x2b, 0x8, 0xf4, 0xff, 0xff, 0xff,
    0x7d, 0x0, 0x0, 0x0, 0x0, 0x0, 0x70, 0xff,
    0xff, 0xff, 0xea, 0x1, 0x0, 0xae, 0xff, 0xff,
    0xff, 0xf6, 0x41, 0x0, 0x0, 0x0, 0x3a, 0xf2,
    0xff, 0xff, 0xff, 0x9c, 0x0, 0x0, 0x36, 0xfd,
    0xff, 0xff, 0xff, 0xff, 0xcd, 0xb0, 0xcc, 0xfe,
    0xff, 0xff, 0xff, 0xf9, 0x20, 0x0, 0x0, 0x0,
    0x89, 0xff, 0xff, 0xff, 0xff, 0xff, 0xff, 0xff,
    0xff, 0xff, 0xff, 0xff, 0x74, 0x0, 0x0, 0x0,
    0x0, 0x0, 0x78, 0xfd, 0xff, 0xff, 0xff, 0xff,
    0xff, 0xff, 0xff, 0xfc, 0x71, 0x0, 0x0, 0x0,
    0x0, 0x0, 0x0, 0x0, 0x2a, 0x8f, 0xcf, 0xf2,
    0xfd, 0xf2, 0xd0, 0x90, 0x29, 0x0, 0x0, 0x0,
    0x0,

    /* U+0034 "4" */
    0x0, 0x0, 0x0, 0x0, 0x0, 0x0, 0x0, 0x0,
    0x2c, 0xff, 0xff, 0xff, 0xff, 0xff, 0x14, 0x0,
    0x0, 0x0, 0x0, 0x0, 0x0, 0x0, 0x0, 0x0,
    0x0, 0x0, 0x9b, 0xff, 0xff, 0xff, 0xff, 0xff,
    0x14, 0x0, 0x0, 0x0, 0x0, 0x0, 0x0, 0x0,
    0x0, 0x0, 0x0, 0x13, 0xf6, 0xff, 0xff, 0xff,
    0xff, 0xff, 0x14, 0x0, 0x0, 0x0, 0x0, 0x0,
    0x0, 0x0, 0x0, 0x0, 0x0, 0x7a, 0xff, 0xff,
    0xff, 0xff, 0xff, 0xff, 0x14, 0x0, 0x0, 0x0,
    0x0, 0x0, 0x0, 0x0, 0x0, 0x0, 0x5, 0xe4,
    0xff, 0xff, 0xff, 0xff, 0xff, 0xff, 0x14, 0x0,
    0x0, 0x0, 0x0, 0x0, 0x0, 0x0, 0x0, 0x0,
    0x59, 0xff, 0xff, 0xe6, 0xff, 0xff, 0xff, 0xff,
    0x14, 0x0, 0x0, 0x0, 0x0, 0x0, 0x0, 0x0,
    0x0, 0x0, 0xc8, 0xff, 0xff, 0x8d, 0xff, 0xff,
    0xff, 0xff, 0x14, 0x0, 0x0, 0x0, 0x0, 0x0,
    0x0, 0x0, 0x0, 0x37, 0xff, 0xff, 0xff, 0x32,
    0xff, 0xff, 0xff, 0xff, 0x14, 0x0, 0x0, 0x0,
    0x0, 0x0, 0x0, 0x0, 0x0, 0xa7, 0xff, 0xff,
    0xd7, 0x0, 0xff, 0xff, 0xff, 0xff, 0x14, 0x0,
    0x0, 0x0, 0x0, 0x0, 0x0, 0x0, 0x1b, 0xfb,
    0xff, 0xff, 0x7c, 0x0, 0xff, 0xff, 0xff, 0xff,
    0x14, 0x0, 0x0, 0x0, 0x0, 0x0, 0x0, 0x0,
    0x86, 0xff, 0xff, 0xff, 0x22, 0x0, 0xff, 0xff,
    0xff, 0xff, 0x14, 0x0, 0x0, 0x0, 0x0, 0x0,
    0x0, 0x9, 0xec, 0xff, 0xff, 0xc6, 0x0, 0x0,
    0xff, 0xff, 0xff, 0xff, 0x14, 0x0, 0x0, 0x0,
    0x0, 0x0, 0x0, 0x65, 0xff, 0xff, 0xff, 0x6b,
    0x0, 0x0, 0xff, 0xff, 0xff, 0xff, 0x14, 0x0,
    0x0, 0x0, 0x0, 0x0, 0x0, 0xd3, 0xff, 0xff,
    0xfb, 0x15, 0x0, 0x0, 0xff, 0xff, 0xff, 0xff,
    0x14, 0x0, 0x0, 0x0, 0x0, 0x0, 0x44, 0xff,
    0xff, 0xff, 0xb5, 0x0, 0x0, 0x0, 0xff, 0xff,
    0xff, 0xff, 0x14, 0x0, 0x0, 0x0, 0x0, 0x0,
    0xb3, 0xff, 0xff, 0xff, 0x5a, 0x0, 0x0, 0x0,
    0xff, 0xff, 0xff, 0xff, 0x14, 0x0, 0x0, 0x0,
    0x0, 0x24, 0xfd, 0xff, 0xff, 0xf4, 0xb, 0x0,
    0x0, 0x0, 0xff, 0xff, 0xff, 0xff, 0x14, 0x0,
    0x0, 0x0, 0x0, 0x92, 0xff, 0xff, 0xff, 0xa4,
    0x0, 0x0, 0x0, 0x0, 0xff, 0xff, 0xff, 0xff,
    0x14, 0x0, 0x0, 0x0, 0xe, 0xf2, 0xff, 0xff,
    0xff, 0x49, 0x0, 0x0, 0x0, 0x0, 0xff, 0xff,
    0xff, 0xff, 0x14, 0x0, 0x0, 0x0, 0x5e, 0xff,
    0xff, 0xff, 0xea, 0x4, 0x0, 0x0, 0x0, 0x0,
    0xff, 0xff, 0xff, 0xff, 0x14, 0x0, 0x0, 0x0,
    0x68, 0xff, 0xff, 0xff, 0xf8, 0xe4, 0xe4, 0xe4,
    0xe4, 0xe4, 0xff, 0xff, 0xff, 0xff, 0xe6, 0xe4,
    0xe4, 0xa3, 0x68, 0xff, 0xff, 0xff, 0xff, 0xff,
    0xff, 0xff, 0xff, 0xff, 0xff, 0xff, 0xff, 0xff,
    0xff, 0xff, 0xff, 0xb8, 0x68, 0xff, 0xff, 0xff,
    0xff, 0xff, 0xff, 0xff, 0xff, 0xff, 0xff, 0xff,
    0xff, 0xff, 0xff, 0xff, 0xff, 0xb8, 0x68, 0xff,
    0xff, 0xff, 0xff, 0xff, 0xff, 0xff, 0xff, 0xff,
    0xff, 0xff, 0xff, 0xff, 0xff, 0xff, 0xff, 0xb8,
    0x0, 0x0, 0x0, 0x0, 0x0, 0x0, 0x0, 0x0,
    0x0, 0x0, 0xff, 0xff, 0xff, 0xff, 0x14, 0x0,
    0x0, 0x0, 0x0, 0x0, 0x0, 0x0, 0x0, 0x0,
    0x0, 0x0, 0x0, 0x0, 0xff, 0xff, 0xff, 0xff,
    0x14, 0x0, 0x0, 0x0, 0x0, 0x0, 0x0, 0x0,
    0x0, 0x0, 0x0, 0x0, 0x0, 0x0, 0xff, 0xff,
    0xff, 0xff, 0x14, 0x0, 0x0, 0x0, 0x0, 0x0,
    0x0, 0x0, 0x0, 0x0, 0x0, 0x0, 0x0, 0x0,
    0xff, 0xff, 0xff, 0xff, 0x14, 0x0, 0x0, 0x0,
    0x0, 0x0, 0x0, 0x0, 0x0, 0x0, 0x0, 0x0,
    0x0, 0x0, 0xff, 0xff, 0xff, 0xff, 0x14, 0x0,
    0x0, 0x0, 0x0, 0x0, 0x0, 0x0, 0x0, 0x0,
    0x0, 0x0, 0x0, 0x0, 0xff, 0xff, 0xff, 0xff,
    0x14, 0x0, 0x0, 0x0, 0x0, 0x0, 0x0, 0x0,
    0x0, 0x0, 0x0, 0x0, 0x0, 0x0, 0xff, 0xff,
    0xff, 0xff, 0x14, 0x0, 0x0, 0x0, 0x0, 0x0,
    0x0, 0x0, 0x0, 0x0, 0x0, 0x0, 0x0, 0x0,
    0xff, 0xff, 0xff, 0xff, 0x14, 0x0, 0x0, 0x0,
    0x0, 0x0, 0x0, 0x0, 0x0, 0x0, 0x0, 0x0,
    0x0, 0x0, 0xff, 0xff, 0xff, 0xff, 0x14, 0x0,
    0x0, 0x0,

    /* U+0035 "5" */
    0x0, 0x68, 0xff, 0xff, 0xff, 0xff, 0xff, 0xff,
    0xff, 0xff, 0xff, 0xff, 0xff, 0xff, 0xff, 0x90,
    0x0, 0x0, 0x68, 0xff, 0xff, 0xff, 0xff, 0xff,
    0xff, 0xff, 0xff, 0xff, 0xff, 0xff, 0xff, 0xff,
    0x90, 0x0, 0x0, 0x68, 0xff, 0xff, 0xff, 0xff,
    0xff, 0xff, 0xff, 0xff, 0xff, 0xff, 0xff, 0xff,
    0xff, 0x90, 0x0, 0x0, 0x68, 0xff, 0xff, 0xff,
    0xff, 0xff, 0xff, 0xff, 0xff, 0xff, 0xff, 0xff,
    0xff, 0xff, 0x90, 0x0, 0x0, 0x68, 0xff, 0xff,
    0xff, 0xab, 0x60, 0x60, 0x60, 0x60, 0x60, 0x60,
    0x60, 0x60, 0x60, 0x36, 0x0, 0x0, 0x68, 0xff,
    0xff, 0xff, 0x72, 0x0, 0x0, 0x0, 0x0, 0x0,
    0x0, 0x0, 0x0, 0x0, 0x0, 0x0, 0x0, 0x68,
    0xff, 0xff, 0xff, 0x69, 0x0, 0x0, 0x0, 0x0,
    0x0, 0x0, 0x0, 0x0, 0x0, 0x0, 0x0, 0x0,
    0x68, 0xff, 0xff, 0xff, 0x61, 0x0, 0x0, 0x0,
    0x0, 0x0, 0x0, 0x0, 0x0, 0x0, 0x0, 0x0,
    0x0, 0x68, 0xff, 0xff, 0xff, 0x58, 0x0, 0x0,
    0x0, 0x0, 0x0, 0x0, 0x0, 0x0, 0x0, 0x0,
    0x0, 0x0, 0x68, 0xff, 0xff, 0xff, 0x50, 0x0,
    0x0, 0x0, 0x0, 0x0, 0x0, 0x0, 0x0, 0x0,
    0x0, 0x0, 0x0, 0x68, 0xff, 0xff, 0xff, 0x47,
    0x0, 0x0, 0x0, 0x0, 0x0, 0x0, 0x0, 0x0,
    0x0, 0x0, 0x0, 0x0, 0x68, 0xff, 0xff, 0xff,
    0x3f, 0x27, 0x97, 0xdb, 0xf7, 0xf5, 0xd5, 0x8e,
    0x1c, 0x0, 0x0, 0x0, 0x0, 0x68, 0xff, 0xff,
    0xff, 0x9c, 0xfb, 0xff, 0xff, 0xff, 0xff, 0xff,
    0xff, 0xf0, 0x37, 0x0, 0x0, 0x0, 0x68, 0xff,
    0xff, 0xff, 0xff, 0xff, 0xff, 0xff, 0xff, 0xff,
    0xff, 0xff, 0xff, 0xe8, 0x1d, 0x0, 0x0, 0x68,
    0xff, 0xff, 0xff, 0xff, 0xfe, 0xa5, 0x64, 0x6d,
    0xb6, 0xff, 0xff, 0xff, 0xff, 0x95, 0x0, 0x0,
    0x68, 0xff, 0xff, 0xff, 0xfd, 0x53, 0x0, 0x0,
    0x0, 0x0, 0x94, 0xff, 0xff, 0xff, 0xf3, 0xd,
    0x0, 0x68, 0xff, 0xff, 0xff, 0x90, 0x0, 0x0,
    0x0, 0x0, 0x0, 0x13, 0xfd, 0xff, 0xff, 0xff,
    0x46, 0x0, 0x9, 0x18, 0x18, 0x18, 0x6, 0x0,
    0x0, 0x0, 0x0, 0x0, 0x0, 0xcf, 0xff, 0xff,
    0xff, 0x78, 0x0, 0x0, 0x0, 0x0, 0x0, 0x0,
    0x0, 0x0, 0x0, 0x0, 0x0, 0x0, 0xac, 0xff,
    0xff, 0xff, 0x9f, 0x0, 0x0, 0x0, 0x0, 0x0,
    0x0, 0x0, 0x0, 0x0, 0x0, 0x0, 0x0, 0x94,
    0xff, 0xff, 0xff, 0xae, 0x0, 0x0, 0x0, 0x0,
    0x0, 0x0, 0x0, 0x0, 0x0, 0x0, 0x0, 0x0,
    0x8c, 0xff, 0xff, 0xff, 0xbd, 0x0, 0x0, 0x0,
    0x0, 0x0, 0x0, 0x0, 0x0, 0x0, 0x0, 0x0,
    0x0, 0x86, 0xff, 0xff, 0xff, 0xbe, 0x0, 0x0,
    0x0, 0x0, 0x0, 0x0, 0x0, 0x0, 0x0, 0x0,
    0x0, 0x0, 0x8b, 0xff, 0xff, 0xff, 0xb5, 0x12,
    0xb4, 0xb4, 0xb4, 0xb4, 0x21, 0x0, 0x0, 0x0,
    0x0, 0x0, 0x0, 0x91, 0xff, 0xff, 0xff, 0xa8,
    0xc, 0xff, 0xff, 0xff, 0xff, 0x40, 0x0, 0x0,
    0x0, 0x0, 0x0, 0x0, 0xa2, 0xff, 0xff, 0xff,
    0x8c, 0x0, 0xfa, 0xff, 0xff, 0xff, 0x54, 0x0,
    0x0, 0x0, 0x0, 0x0, 0x0, 0xb9, 0xff, 0xff,
    0xff, 0x6c, 0x0, 0xd9, 0xff, 0xff, 0xff, 0x7a,
    0x0, 0x0, 0x0, 0x0, 0x0, 0x0, 0xe9, 0xff,
    0xff, 0xff, 0x36, 0x0, 0x9f, 0xff, 0xff, 0xff,
    0xcc, 0x0, 0x0, 0x0, 0x0, 0x0, 0x37, 0xff,
    0xff, 0xff, 0xf3, 0x4, 0x0, 0x5e, 0xff, 0xff,
    0xff, 0xff, 0x71, 0x0, 0x0, 0x0, 0x6, 0xc1,
    0xff, 0xff, 0xff, 0x99, 0x0, 0x0, 0xa, 0xe8,
    0xff, 0xff, 0xff, 0xff, 0xbf, 0x89, 0x8e, 0xdb,
    0xff, 0xff, 0xff, 0xfa, 0x29, 0x0, 0x0, 0x0,
    0x51, 0xfe, 0xff, 0xff, 0xff, 0xff, 0xff, 0xff,
    0xff, 0xff, 0xff, 0xff, 0x72, 0x0, 0x0, 0x0,
    0x0, 0x0, 0x60, 0xf6, 0xff, 0xff, 0xff, 0xff,
    0xff, 0xff, 0xff, 0xfb, 0x73, 0x0, 0x0, 0x0,
    0x0, 0x0, 0x0, 0x0, 0x1c, 0x83, 0xc8, 0xee,
    0xfb, 0xec, 0xd1, 0x8c, 0x28, 0x0, 0x0, 0x0,
    0x0,

    /* U+0036 "6" */
    0x0, 0x0, 0x0, 0x0, 0x24, 0x8f, 0xd2, 0xf2,
    0xf8, 0xe1, 0xc3, 0x74, 0x1a, 0x0, 0x0, 0x0,
    0x0, 0x0, 0x0, 0x0, 0x66, 0xf8, 0xff, 0xff,
    0xff, 0xff, 0xff, 0xff, 0xff, 0xf5, 0x65, 0x0,
    0x0, 0x0, 0x0, 0x0, 0x59, 0xff, 0xff, 0xff,
    0xff, 0xff, 0xff, 0xff, 0xff, 0xff, 0xff, 0xff,
    0x6f, 0x0, 0x0, 0x0, 0x16, 0xf1, 0xff, 0xff,
    0xff, 0xfe, 0xc0, 0xa2, 0xc1, 0xfc, 0xff, 0xff,
    0xff, 0xf9, 0x2b, 0x0, 0x0, 0x86, 0xff, 0xff,
    0xff, 0xf4, 0x3b, 0x0, 0x0, 0x0, 0x32, 0xf0,
    0xff, 0xff, 0xff, 0x93, 0x0, 0x0, 0xe2, 0xff,
    0xff, 0xff, 0x6f, 0x0, 0x0, 0x0, 0x0, 0x0,
    0x82, 0xff, 0xff, 0xff, 0xe9, 0x0, 0x20, 0xff,
    0xff, 0xff, 0xfb, 0xf, 0x0, 0x0, 0x0, 0x0,
    0x0, 0x3a, 0xff, 0xff, 0xff, 0xff, 0xe, 0x52,
    0xff, 0xff, 0xff, 0xd2, 0x0, 0x0, 0x0, 0x0,
    0x0, 0x0, 0x1c, 0xff, 0xff, 0xff, 0xff, 0x2c,
    0x7f, 0xff, 0xff, 0xff, 0xae, 0x0, 0x0, 0x0,
    0x0, 0x0, 0x0, 0x3, 0x28, 0x28, 0x28, 0x28,
    0x8, 0x92, 0xff, 0xff, 0xff, 0xa1, 0x0, 0x0,
    0x0, 0x0, 0x0, 0x0, 0x0, 0x0, 0x0, 0x0,
    0x0, 0x0, 0xa1, 0xff, 0xff, 0xff, 0x98, 0x0,
    0x0, 0x0, 0x0, 0x0, 0x0, 0x0, 0x0, 0x0,
    0x0, 0x0, 0x0, 0xae, 0xff, 0xff, 0xff, 0x98,
    0x0, 0x0, 0x0, 0x0, 0x0, 0x0, 0x0, 0x0,
    0x0, 0x0, 0x0, 0x0, 0xb0, 0xff, 0xff, 0xff,
    0x98, 0x0, 0x0, 0x13, 0x3a, 0x4a, 0x3a, 0xf,
    0x0, 0x0, 0x0, 0x0, 0x0, 0xb0, 0xff, 0xff,
    0xff, 0x98, 0x1b, 0xad, 0xfb, 0xff, 0xff, 0xff,
    0xfc, 0xb3, 0x27, 0x0, 0x0, 0x0, 0xb0, 0xff,
    0xff, 0xff, 0xb3, 0xe5, 0xff, 0xff, 0xff, 0xff,
    0xff, 0xff, 0xff, 0xec, 0x2a, 0x0, 0x0, 0xb0,
    0xff, 0xff, 0xff, 0xff, 0xff, 0xff, 0xff, 0xff,
    0xff, 0xff, 0xff, 0xff, 0xff, 0xdf, 0x5, 0x0,
    0xb0, 0xff, 0xff, 0xff, 0xff, 0xf6, 0x76, 0x19,
    0x6, 0x29, 0xaa, 0xff, 0xff, 0xff, 0xff, 0x5c,
    0x0, 0xb0, 0xff, 0xff, 0xff, 0xf7, 0x35, 0x0,
    0x0, 0x0, 0x0, 0x3, 0xd8, 0xff, 0xff, 0xff,
    0xbb, 0x0, 0xb0, 0xff, 0xff, 0xff, 0x9d, 0x0,
    0x0, 0x0, 0x0, 0x0, 0x0, 0x71, 0xff, 0xff,
    0xff, 0xef, 0x1, 0xb0, 0xff, 0xff, 0xff, 0x98,
    0x0, 0x0, 0x0, 0x0, 0x0, 0x0, 0x3b, 0xff,
    0xff, 0xff, 0xff, 0x21, 0xb0, 0xff, 0xff, 0xff,
    0x98, 0x0, 0x0, 0x0, 0x0, 0x0, 0x0, 0x1f,
    0xff, 0xff, 0xff, 0xff, 0x35, 0xb0, 0xff, 0xff,
    0xff, 0x98, 0x0, 0x0, 0x0, 0x0, 0x0, 0x0,
    0xc, 0xff, 0xff, 0xff, 0xff, 0x44, 0xac, 0xff,
    0xff, 0xff, 0x98, 0x0, 0x0, 0x0, 0x0, 0x0,
    0x0, 0x5, 0xff, 0xff, 0xff, 0xff, 0x4a, 0x9b,
    0xff, 0xff, 0xff, 0x9c, 0x0, 0x0, 0x0, 0x0,
    0x0, 0x0, 0x3, 0xff, 0xff, 0xff, 0xff, 0x39,
    0x89, 0xff, 0xff, 0xff, 0xaa, 0x0, 0x0, 0x0,
    0x0, 0x0, 0x0, 0x11, 0xff, 0xff, 0xff, 0xff,
    0x27, 0x68, 0xff, 0xff, 0xff, 0xce, 0x0, 0x0,
    0x0, 0x0, 0x0, 0x0, 0x33, 0xff, 0xff, 0xff,
    0xfa, 0x9, 0x2c, 0xff, 0xff, 0xff, 0xf8, 0xe,
    0x0, 0x0, 0x0, 0x0, 0x0, 0x6c, 0xff, 0xff,
    0xff, 0xc8, 0x0, 0x1, 0xeb, 0xff, 0xff, 0xff,
    0x6a, 0x0, 0x0, 0x0, 0x0, 0x2, 0xce, 0xff,
    0xff, 0xff, 0x89, 0x0, 0x0, 0x82, 0xff, 0xff,
    0xff, 0xf1, 0x38, 0x0, 0x0, 0x4, 0x8d, 0xff,
    0xff, 0xff, 0xfb, 0x21, 0x0, 0x0, 0x11, 0xf1,
    0xff, 0xff, 0xff, 0xfd, 0xc8, 0xb3, 0xe2, 0xff,
    0xff, 0xff, 0xff, 0xa2, 0x0, 0x0, 0x0, 0x0,
    0x4a, 0xfb, 0xff, 0xff, 0xff, 0xff, 0xff, 0xff,
    0xff, 0xff, 0xff, 0xd3, 0x10, 0x0, 0x0, 0x0,
    0x0, 0x0, 0x57, 0xf5, 0xff, 0xff, 0xff, 0xff,
    0xff, 0xff, 0xff, 0xd3, 0x1c, 0x0, 0x0, 0x0,
    0x0, 0x0, 0x0, 0x0, 0x1f, 0x8a, 0xd0, 0xf3,
    0xfb, 0xea, 0xba, 0x65, 0x6, 0x0, 0x0, 0x0,
    0x0,

    /* U+0037 "7" */
    0x20, 0xff, 0xff, 0xff, 0xff, 0xff, 0xff, 0xff,
    0xff, 0xff, 0xff, 0xff, 0xff, 0xd8, 0x20, 0xff,
    0xff, 0xff, 0xff, 0xff, 0xff, 0xff, 0xff, 0xff,
    0xff, 0xff, 0xff, 0xd8, 0x20, 0xff, 0xff, 0xff,
    0xff, 0xff, 0xff, 0xff, 0xff, 0xff, 0xff, 0xff,
    0xff, 0xc4, 0xe, 0x70, 0x70, 0x70, 0x70, 0x70,
    0x70, 0x70, 0x70, 0xb7, 0xff, 0xff, 0xff, 0x93,
    0x0, 0x0, 0x0, 0x0, 0x0, 0x0, 0x0, 0x0,
    0x0, 0xa6, 0xff, 0xff, 0xff, 0x61, 0x0, 0x0,
    0x0, 0x0, 0x0, 0x0, 0x0, 0x0, 0x0, 0xd9,
    0xff, 0xff, 0xff, 0x2f, 0x0, 0x0, 0x0, 0x0,
    0x0, 0x0, 0x0, 0x0, 0xd, 0xfe, 0xff, 0xff,
    0xf8, 0x5, 0x0, 0x0, 0x0, 0x0, 0x0, 0x0,
    0x0, 0x0, 0x3e, 0xff, 0xff, 0xff, 0xcc, 0x0,
    0x0, 0x0, 0x0, 0x0, 0x0, 0x0, 0x0, 0x0,
    0x70, 0xff, 0xff, 0xff, 0x9a, 0x0, 0x0, 0x0,
    0x0, 0x0, 0x0, 0x0, 0x0, 0x0, 0xa3, 0xff,
    0xff, 0xff, 0x68, 0x0, 0x0, 0x0, 0x0, 0x0,
    0x0, 0x0, 0x0, 0x0, 0xd6, 0xff, 0xff, 0xff,
    0x37, 0x0, 0x0, 0x0, 0x0, 0x0, 0x0, 0x0,
    0x0, 0xb, 0xfd, 0xff, 0xff, 0xfc, 0x9, 0x0,
    0x0, 0x0, 0x0, 0x0, 0x0, 0x0, 0x0, 0x3b,
    0xff, 0xff, 0xff, 0xd3, 0x0, 0x0, 0x0, 0x0,
    0x0, 0x0, 0x0, 0x0, 0x0, 0x6d, 0xff, 0xff,
    0xff, 0xa1, 0x0, 0x0, 0x0, 0x0, 0x0, 0x0,
    0x0, 0x0, 0x0, 0xa0, 0xff, 0xff, 0xff, 0x70,
    0x0, 0x0, 0x0, 0x0, 0x0, 0x0, 0x0, 0x0,
    0x0, 0xd3, 0xff, 0xff, 0xff, 0x3e, 0x0, 0x0,
    0x0, 0x0, 0x0, 0x0, 0x0, 0x0, 0x9, 0xfb,
    0xff, 0xff, 0xfe, 0xe, 0x0, 0x0, 0x0, 0x0,
    0x0, 0x0, 0x0, 0x0, 0x38, 0xff, 0xff, 0xff,
    0xda, 0x0, 0x0, 0x0, 0x0, 0x0, 0x0, 0x0,
    0x0, 0x0, 0x6a, 0xff, 0xff, 0xff, 0xa9, 0x0,
    0x0, 0x0, 0x0, 0x0, 0x0, 0x0, 0x0, 0x0,
    0x9d, 0xff, 0xff, 0xff, 0x77, 0x0, 0x0, 0x0,
    0x0, 0x0, 0x0, 0x0, 0x0, 0x0, 0xd0, 0xff,
    0xff, 0xff, 0x45, 0x0, 0x0, 0x0, 0x0, 0x0,
    0x0, 0x0, 0x0, 0x7, 0xfa, 0xff, 0xff, 0xff,
    0x13, 0x0, 0x0, 0x0, 0x0, 0x0, 0x0, 0x0,
    0x0, 0x35, 0xff, 0xff, 0xff, 0xe2, 0x0, 0x0,
    0x0, 0x0, 0x0, 0x0, 0x0, 0x0, 0x0, 0x67,
    0xff, 0xff, 0xff, 0xb0, 0x0, 0x0, 0x0, 0x0,
    0x0, 0x0, 0x0, 0x0, 0x0, 0x9a, 0xff, 0xff,
    0xff, 0x7e, 0x0, 0x0, 0x0, 0x0, 0x0, 0x0,
    0x0, 0x0, 0x0, 0xcd, 0xff, 0xff, 0xff, 0x4c,
    0x0, 0x0, 0x0, 0x0, 0x0, 0x0, 0x0, 0x0,
    0x6, 0xf9, 0xff, 0xff, 0xff, 0x1b, 0x0, 0x0,
    0x0, 0x0, 0x0, 0x0, 0x0, 0x0, 0x32, 0xff,
    0xff, 0xff, 0xe9, 0x0, 0x0, 0x0, 0x0, 0x0,
    0x0, 0x0, 0x0, 0x0, 0x64, 0xff, 0xff, 0xff,
    0xb7, 0x0, 0x0, 0x0, 0x0, 0x0, 0x0, 0x0,
    0x0, 0x0, 0x97, 0xff, 0xff, 0xff, 0x85, 0x0,
    0x0, 0x0, 0x0, 0x0, 0x0, 0x0, 0x0, 0x0,
    0xca, 0xff, 0xff, 0xff, 0x54, 0x0, 0x0, 0x0,
    0x0, 0x0, 0x0, 0x0, 0x0, 0x4, 0xf7, 0xff,
    0xff, 0xff, 0x22, 0x0, 0x0, 0x0, 0x0, 0x0,
    0x0, 0x0, 0x0, 0x2f, 0xff, 0xff, 0xff, 0xef,
    0x0, 0x0, 0x0, 0x0, 0x0, 0x0,

    /* U+0038 "8" */
    0x0, 0x0, 0x0, 0x5, 0x52, 0xaf, 0xd7, 0xf2,
    0xf2, 0xd7, 0xad, 0x4e, 0x4, 0x0, 0x0, 0x0,
    0x0, 0x0, 0x1f, 0xcf, 0xff, 0xff, 0xff, 0xff,
    0xff, 0xff, 0xff, 0xff, 0xc7, 0x18, 0x0, 0x0,
    0x0, 0x12, 0xe6, 0xff, 0xff, 0xff, 0xff, 0xff,
    0xff, 0xff, 0xff, 0xff, 0xff, 0xdb, 0xa, 0x0,
    0x0, 0x9c, 0xff, 0xff, 0xff, 0xff, 0xba, 0x75,
    0x74, 0xbc, 0xff, 0xff, 0xff, 0xff, 0x88, 0x0,
    0xb, 0xf8, 0xff, 0xff, 0xff, 0x8d, 0x0, 0x0,
    0x0, 0x0, 0x97, 0xff, 0xff, 0xff, 0xec, 0x3,
    0x50, 0xff, 0xff, 0xff, 0xf8, 0x13, 0x0, 0x0,
    0x0, 0x0, 0x1f, 0xfe, 0xff, 0xff, 0xff, 0x3b,
    0x76, 0xff, 0xff, 0xff, 0xbf, 0x0, 0x0, 0x0,
    0x0, 0x0, 0x0, 0xd5, 0xff, 0xff, 0xff, 0x61,
    0x8c, 0xff, 0xff, 0xff, 0xa2, 0x0, 0x0, 0x0,
    0x0, 0x0, 0x0, 0xba, 0xff, 0xff, 0xff, 0x77,
    0x8c, 0xff, 0xff, 0xff, 0xa0, 0x0, 0x0, 0x0,
    0x0, 0x0, 0x0, 0xb9, 0xff, 0xff, 0xff, 0x77,
    0x71, 0xff, 0xff, 0xff, 0xba, 0x0, 0x0, 0x0,
    0x0, 0x0, 0x0, 0xd3, 0xff, 0xff, 0xff, 0x5d,
    0x48, 0xff, 0xff, 0xff, 0xed, 0x5, 0x0, 0x0,
    0x0, 0x0, 0xf, 0xfa, 0xff, 0xff, 0xff, 0x36,
    0x3, 0xe5, 0xff, 0xff, 0xff, 0x5f, 0x0, 0x0,
    0x0, 0x0, 0x71, 0xff, 0xff, 0xff, 0xd8, 0x0,
    0x0, 0x6c, 0xff, 0xff, 0xff, 0xf2, 0x61, 0x13,
    0x14, 0x64, 0xf6, 0xff, 0xff, 0xff, 0x5e, 0x0,
    0x0, 0x0, 0xac, 0xff, 0xff, 0xff, 0xff, 0xff,
    0xff, 0xff, 0xff, 0xff, 0xff, 0xa0, 0x0, 0x0,
    0x0, 0x0, 0x5, 0x99, 0xff, 0xff, 0xff, 0xff,
    0xff, 0xff, 0xff, 0xff, 0x8c, 0x3, 0x0, 0x0,
    0x0, 0x0, 0x5, 0x95, 0xff, 0xff, 0xff, 0xff,
    0xff, 0xff, 0xff, 0xff, 0x84, 0x2, 0x0, 0x0,
    0x0, 0x3, 0xba, 0xff, 0xff, 0xff, 0xff, 0xff,
    0xff, 0xff, 0xff, 0xff, 0xff, 0xa5, 0x0, 0x0,
    0x0, 0x87, 0xff, 0xff, 0xff, 0xfb, 0x8b, 0x46,
    0x46, 0x8f, 0xfc, 0xff, 0xff, 0xff, 0x6e, 0x0,
    0x23, 0xfd, 0xff, 0xff, 0xff, 0x55, 0x0, 0x0,
    0x0, 0x0, 0x63, 0xff, 0xff, 0xff, 0xf6, 0x14,
    0x81, 0xff, 0xff, 0xff, 0xbf, 0x0, 0x0, 0x0,
    0x0, 0x0, 0x0, 0xd0, 0xff, 0xff, 0xff, 0x6e,
    0xc1, 0xff, 0xff, 0xff, 0x69, 0x0, 0x0, 0x0,
    0x0, 0x0, 0x0, 0x7b, 0xff, 0xff, 0xff, 0xb0,
    0xe7, 0xff, 0xff, 0xff, 0x37, 0x0, 0x0, 0x0,
    0x0, 0x0, 0x0, 0x4b, 0xff, 0xff, 0xff, 0xd9,
    0xf8, 0xff, 0xff, 0xff, 0x1f, 0x0, 0x0, 0x0,
    0x0, 0x0, 0x0, 0x34, 0xff, 0xff, 0xff, 0xeb,
    0xfa, 0xff, 0xff, 0xff, 0x17, 0x0, 0x0, 0x0,
    0x0, 0x0, 0x0, 0x2b, 0xff, 0xff, 0xff, 0xed,
    0xe9, 0xff, 0xff, 0xff, 0x22, 0x0, 0x0, 0x0,
    0x0, 0x0, 0x0, 0x36, 0xff, 0xff, 0xff, 0xdc,
    0xd7, 0xff, 0xff, 0xff, 0x3d, 0x0, 0x0, 0x0,
    0x0, 0x0, 0x0, 0x52, 0xff, 0xff, 0xff, 0xca,
    0xaf, 0xff, 0xff, 0xff, 0x6d, 0x0, 0x0, 0x0,
    0x0, 0x0, 0x0, 0x81, 0xff, 0xff, 0xff, 0xa2,
    0x71, 0xff, 0xff, 0xff, 0xc9, 0x0, 0x0, 0x0,
    0x0, 0x0, 0x2, 0xd6, 0xff, 0xff, 0xff, 0x64,
    0x27, 0xfd, 0xff, 0xff, 0xff, 0x7a, 0x0, 0x0,
    0x0, 0x1, 0x83, 0xff, 0xff, 0xff, 0xfb, 0x1e,
    0x0, 0xa6, 0xff, 0xff, 0xff, 0xff, 0xca, 0x8e,
    0x8f, 0xcb, 0xff, 0xff, 0xff, 0xff, 0x9a, 0x0,
    0x0, 0x1f, 0xe5, 0xff, 0xff, 0xff, 0xff, 0xff,
    0xff, 0xff, 0xff, 0xff, 0xff, 0xe0, 0x1a, 0x0,
    0x0, 0x0, 0x22, 0xdc, 0xff, 0xff, 0xff, 0xff,
    0xff, 0xff, 0xff, 0xff, 0xd8, 0x1e, 0x0, 0x0,
    0x0, 0x0, 0x0, 0x8, 0x67, 0xb7, 0xe5, 0xf9,
    0xf9, 0xe5, 0xb7, 0x65, 0x7, 0x0, 0x0, 0x0,

    /* U+0039 "9" */
    0x0, 0x0, 0x0, 0x0, 0x5, 0x61, 0xb7, 0xe7,
    0xfa, 0xf3, 0xd3, 0x90, 0x25, 0x0, 0x0, 0x0,
    0x0, 0x0, 0x0, 0x0, 0x1c, 0xd3, 0xff, 0xff,
    0xff, 0xff, 0xff, 0xff, 0xff, 0xf9, 0x67, 0x0,
    0x0, 0x0, 0x0, 0x0, 0x17, 0xd9, 0xff, 0xff,
    0xff, 0xff, 0xff, 0xff, 0xff, 0xff, 0xff, 0xfe,
    0x5b, 0x0, 0x0, 0x0, 0x0, 0xa9, 0xff, 0xff,
    0xff, 0xff, 0xde, 0xaa, 0xb8, 0xf5, 0xff, 0xff,
    0xff, 0xf9, 0x1d, 0x0, 0x0, 0x2b, 0xfe, 0xff,
    0xff, 0xff, 0x8f, 0x4, 0x0, 0x0, 0x20, 0xdc,
    0xff, 0xff, 0xff, 0x94, 0x0, 0x0, 0x8c, 0xff,
    0xff, 0xff, 0xd0, 0x2, 0x0, 0x0, 0x0, 0x0,
    0x44, 0xff, 0xff, 0xff, 0xf6, 0x7, 0x0, 0xcb,
    0xff, 0xff, 0xff, 0x6f, 0x0, 0x0, 0x0, 0x0,
    0x0, 0x1, 0xe6, 0xff, 0xff, 0xff, 0x3e, 0x7,
    0xfc, 0xff, 0xff, 0xff, 0x39, 0x0, 0x0, 0x0,
    0x0, 0x0, 0x0, 0xb5, 0xff, 0xff, 0xff, 0x7c,
    0x1c, 0xff, 0xff, 0xff, 0xff, 0x1e, 0x0, 0x0,
    0x0, 0x0, 0x0, 0x0, 0x9c, 0xff, 0xff, 0xff,
    0x9c, 0x2f, 0xff, 0xff, 0xff, 0xff, 0x17, 0x0,
    0x0, 0x0, 0x0, 0x0, 0x0, 0x90, 0xff, 0xff,
    0xff, 0xaf, 0x37, 0xff, 0xff, 0xff, 0xff, 0x24,
    0x0, 0x0, 0x0, 0x0, 0x0, 0x0, 0x90, 0xff,
    0xff, 0xff, 0xc0, 0x29, 0xff, 0xff, 0xff, 0xff,
    0x31, 0x0, 0x0, 0x0, 0x0, 0x0, 0x0, 0x90,
    0xff, 0xff, 0xff, 0xc4, 0x18, 0xff, 0xff, 0xff,
    0xff, 0x42, 0x0, 0x0, 0x0, 0x0, 0x0, 0x0,
    0x90, 0xff, 0xff, 0xff, 0xc4, 0x0, 0xee, 0xff,
    0xff, 0xff, 0x77, 0x0, 0x0, 0x0, 0x0, 0x0,
    0x0, 0x91, 0xff, 0xff, 0xff, 0xc4, 0x0, 0xba,
    0xff, 0xff, 0xff, 0xdb, 0x6, 0x0, 0x0, 0x0,
    0x0, 0x21, 0xeb, 0xff, 0xff, 0xff, 0xc4, 0x0,
    0x63, 0xff, 0xff, 0xff, 0xff, 0xaf, 0x2d, 0x5,
    0x16, 0x5f, 0xe7, 0xff, 0xff, 0xff, 0xff, 0xc4,
    0x0, 0x6, 0xe2, 0xff, 0xff, 0xff, 0xff, 0xff,
    0xff, 0xff, 0xff, 0xff, 0xff, 0xff, 0xff, 0xff,
    0xc4, 0x0, 0x0, 0x2f, 0xef, 0xff, 0xff, 0xff,
    0xff, 0xff, 0xff, 0xff, 0xec, 0xb0, 0xff, 0xff,
    0xff, 0xc4, 0x0, 0x0, 0x0, 0x2b, 0xb6, 0xfd,
    0xff, 0xff, 0xff, 0xfd, 0xb9, 0x23, 0x90, 0xff,
    0xff, 0xff, 0xc4, 0x0, 0x0, 0x0, 0x0, 0x0,
    0xf, 0x3b, 0x4b, 0x3d, 0x17, 0x0, 0x0, 0x90,
    0xff, 0xff, 0xff, 0xc4, 0x0, 0x0, 0x0, 0x0,
    0x0, 0x0, 0x0, 0x0, 0x0, 0x0, 0x0, 0x0,
    0x90, 0xff, 0xff, 0xff, 0xc4, 0x0, 0x0, 0x0,
    0x0, 0x0, 0x0, 0x0, 0x0, 0x0, 0x0, 0x0,
    0x0, 0x90, 0xff, 0xff, 0xff, 0xc1, 0x0, 0x0,
    0x0, 0x0, 0x0, 0x0, 0x0, 0x0, 0x0, 0x0,
    0x0, 0x0, 0x94, 0xff, 0xff, 0xff, 0xb3, 0x0,
    0x0, 0x0, 0x0, 0x0, 0x0, 0x0, 0x0, 0x0,
    0x0, 0x0, 0x0, 0xa0, 0xff, 0xff, 0xff, 0xa3,
    0x1b, 0xb8, 0xb8, 0xb8, 0xb8, 0x19, 0x0, 0x0,
    0x0, 0x0, 0x0, 0x0, 0xb1, 0xff, 0xff, 0xff,
    0x8e, 0x12, 0xff, 0xff, 0xff, 0xff, 0x30, 0x0,
    0x0, 0x0, 0x0, 0x0, 0x0, 0xda, 0xff, 0xff,
    0xff, 0x5e, 0x0, 0xf6, 0xff, 0xff, 0xff, 0x57,
    0x0, 0x0, 0x0, 0x0, 0x0, 0x16, 0xfd, 0xff,
    0xff, 0xff, 0x2b, 0x0, 0xc4, 0xff, 0xff, 0xff,
    0xa4, 0x0, 0x0, 0x0, 0x0, 0x0, 0x75, 0xff,
    0xff, 0xff, 0xea, 0x3, 0x0, 0x6e, 0xff, 0xff,
    0xff, 0xfc, 0x55, 0x0, 0x0, 0x0, 0x38, 0xf4,
    0xff, 0xff, 0xff, 0x91, 0x0, 0x0, 0x11, 0xe7,
    0xff, 0xff, 0xff, 0xff, 0xd6, 0xaf, 0xc4, 0xfd,
    0xff, 0xff, 0xff, 0xf6, 0x1e, 0x0, 0x0, 0x0,
    0x49, 0xfd, 0xff, 0xff, 0xff, 0xff, 0xff, 0xff,
    0xff, 0xff, 0xff, 0xff, 0x68, 0x0, 0x0, 0x0,
    0x0, 0x0, 0x42, 0xe9, 0xff, 0xff, 0xff, 0xff,
    0xff, 0xff, 0xff, 0xfc, 0x76, 0x0, 0x0, 0x0,
    0x0, 0x0, 0x0, 0x0, 0xe, 0x65, 0xba, 0xdd,
    0xf7, 0xf4, 0xd7, 0x97, 0x2d, 0x0, 0x0, 0x0,
    0x0,

    /* U+003A ":" */
    0x66, 0xac, 0xac, 0xac, 0x7b, 0x98, 0xff, 0xff,
    0xff, 0xb8, 0x98, 0xff, 0xff, 0xff, 0xb8, 0x98,
    0xff, 0xff, 0xff, 0xb8, 0x98, 0xff, 0xff, 0xff,
    0xb8, 0x0, 0x0, 0x0, 0x0, 0x0, 0x0, 0x0,
    0x0, 0x0, 0x0, 0x0, 0x0, 0x0, 0x0, 0x0,
    0x0, 0x0, 0x0, 0x0, 0x0, 0x0, 0x0, 0x0,
    0x0, 0x0, 0x0, 0x0, 0x0, 0x0, 0x0, 0x0,
    0x0, 0x0, 0x0, 0x0, 0x0, 0x0, 0x0, 0x0,
    0x0, 0x66, 0xac, 0xac, 0xac, 0x7b, 0x98, 0xff,
    0xff, 0xff, 0xb8, 0x98, 0xff, 0xff, 0xff, 0xb8,
    0x98, 0xff, 0xff, 0xff, 0xb8, 0x98, 0xff, 0xff,
    0xff, 0xb8,

    /* U+003B ";" */
    0xa4, 0xff, 0xff, 0xff, 0xb0, 0xa4, 0xff, 0xff,
    0xff, 0xb0, 0xa4, 0xff, 0xff, 0xff, 0xb0, 0xa4,
    0xff, 0xff, 0xff, 0xb0, 0x8f, 0xe0, 0xe0, 0xe0,
    0x9a, 0x0, 0x0, 0x0, 0x0, 0x0, 0x0, 0x0,
    0x0, 0x0, 0x0, 0x0, 0x0, 0x0, 0x0, 0x0,
    0x0, 0x0, 0x0, 0x0, 0x0, 0x0, 0x0, 0x0,
    0x0, 0x0, 0x0, 0x0, 0x0, 0x0, 0x0, 0x0,
    0x0, 0x0, 0x0, 0x0, 0x0, 0x0, 0x0, 0x0,
    0x0, 0x0, 0x0, 0x0, 0x0, 0x0, 0x0, 0x0,
    0x0, 0x0, 0x0, 0x0, 0x0, 0x0, 0x0, 0x0,
    0xa4, 0xff, 0xff, 0xff, 0xcc, 0xa4, 0xff, 0xff,
    0xff, 0xcc, 0xa4, 0xff, 0xff, 0xff, 0xcc, 0xa4,
    0xff, 0xff, 0xff, 0xcc, 0x6e, 0xac, 0xcc, 0xff,
    0xc7, 0x0, 0x0, 0x7e, 0xff, 0xad, 0x0, 0x32,
    0xe7, 0xff, 0x7e, 0x81, 0xff, 0xff, 0xf7, 0x19,
    0x25, 0xf6, 0xc7, 0x40, 0x0,

    /* U+003C "<" */
    0x0, 0x0, 0x0, 0x0, 0x0, 0x0, 0x0, 0x0,
    0x0, 0x0, 0x8, 0x35, 0x0, 0x0, 0x0, 0x0,
    0x0, 0x0, 0x0, 0x0, 0x2, 0x5f, 0xe2, 0x98,
    0x0, 0x0, 0x0, 0x0, 0x0, 0x0, 0x0, 0x47,
    0xd1, 0xff, 0xff, 0x98, 0x0, 0x0, 0x0, 0x0,
    0x0, 0x31, 0xbb, 0xff, 0xff, 0xff, 0xff, 0x98,
    0x0, 0x0, 0x0, 0x1f, 0xa3, 0xfe, 0xff, 0xff,
    0xff, 0xff, 0xff, 0x95, 0x0, 0x11, 0x8c, 0xf8,
    0xff, 0xff, 0xff, 0xff, 0xff, 0xe5, 0x71, 0xa,
    0x6d, 0xee, 0xff, 0xff, 0xff, 0xff, 0xff, 0xe1,
    0x6a, 0x7, 0x0, 0x0, 0xe0, 0xff, 0xff, 0xff,
    0xff, 0xdc, 0x64, 0x5, 0x0, 0x0, 0x0, 0x0,
    0xe0, 0xff, 0xff, 0xdb, 0x5e, 0x3, 0x0, 0x0,
    0x0, 0x0, 0x0, 0x0, 0xe0, 0xff, 0xff, 0xf0,
    0x82, 0x11, 0x0, 0x0, 0x0, 0x0, 0x0, 0x0,
    0xe0, 0xff, 0xff, 0xff, 0xff, 0xf1, 0x83, 0x12,
    0x0, 0x0, 0x0, 0x0, 0x51, 0xdb, 0xff, 0xff,
    0xff, 0xff, 0xff, 0xf2, 0x85, 0x13, 0x0, 0x0,
    0x0, 0x5, 0x6d, 0xea, 0xff, 0xff, 0xff, 0xff,
    0xff, 0xf2, 0x86, 0x13, 0x0, 0x0, 0x0, 0xd,
    0x84, 0xf5, 0xff, 0xff, 0xff, 0xff, 0xff, 0x97,
    0x0, 0x0, 0x0, 0x0, 0x0, 0x1a, 0x9c, 0xfc,
    0xff, 0xff, 0xff, 0x98, 0x0, 0x0, 0x0, 0x0,
    0x0, 0x0, 0x0, 0x2b, 0xb4, 0xff, 0xff, 0x98,
    0x0, 0x0, 0x0, 0x0, 0x0, 0x0, 0x0, 0x0,
    0x0, 0x3f, 0xca, 0x98, 0x0, 0x0, 0x0, 0x0,
    0x0, 0x0, 0x0, 0x0, 0x0, 0x0, 0x1, 0x22,

    /* U+003D "=" */
    0x46, 0x54, 0x54, 0x54, 0x54, 0x54, 0x54, 0x54,
    0x54, 0x54, 0x54, 0x54, 0x24, 0xd8, 0xff, 0xff,
    0xff, 0xff, 0xff, 0xff, 0xff, 0xff, 0xff, 0xff,
    0xff, 0x70, 0xd8, 0xff, 0xff, 0xff, 0xff, 0xff,
    0xff, 0xff, 0xff, 0xff, 0xff, 0xff, 0x70, 0xd8,
    0xff, 0xff, 0xff, 0xff, 0xff, 0xff, 0xff, 0xff,
    0xff, 0xff, 0xff, 0x70, 0x0, 0x0, 0x0, 0x0,
    0x0, 0x0, 0x0, 0x0, 0x0, 0x0, 0x0, 0x0,
    0x0, 0x0, 0x0, 0x0, 0x0, 0x0, 0x0, 0x0,
    0x0, 0x0, 0x0, 0x0, 0x0, 0x0, 0x0, 0x0,
    0x0, 0x0, 0x0, 0x0, 0x0, 0x0, 0x0, 0x0,
    0x0, 0x0, 0x0, 0x43, 0x50, 0x50, 0x50, 0x50,
    0x50, 0x50, 0x50, 0x50, 0x50, 0x50, 0x50, 0x23,
    0xd8, 0xff, 0xff, 0xff, 0xff, 0xff, 0xff, 0xff,
    0xff, 0xff, 0xff, 0xff, 0x70, 0xd8, 0xff, 0xff,
    0xff, 0xff, 0xff, 0xff, 0xff, 0xff, 0xff, 0xff,
    0xff, 0x70, 0xd8, 0xff, 0xff, 0xff, 0xff, 0xff,
    0xff, 0xff, 0xff, 0xff, 0xff, 0xff, 0x70,

    /* U+003E ">" */
    0x39, 0x4, 0x0, 0x0, 0x0, 0x0, 0x0, 0x0,
    0x0, 0x0, 0x0, 0x0, 0xb0, 0xd9, 0x52, 0x0,
    0x0, 0x0, 0x0, 0x0, 0x0, 0x0, 0x0, 0x0,
    0xb0, 0xff, 0xff, 0xc5, 0x3b, 0x0, 0x0, 0x0,
    0x0, 0x0, 0x0, 0x0, 0xb0, 0xff, 0xff, 0xff,
    0xff, 0xaf, 0x27, 0x0, 0x0, 0x0, 0x0, 0x0,
    0xad, 0xff, 0xff, 0xff, 0xff, 0xff, 0xfb, 0x97,
    0x18, 0x0, 0x0, 0x0, 0xf, 0x7c, 0xec, 0xff,
    0xff, 0xff, 0xff, 0xff, 0xf3, 0x80, 0xc, 0x0,
    0x0, 0x0, 0xc, 0x75, 0xe8, 0xff, 0xff, 0xff,
    0xff, 0xff, 0xe8, 0x5f, 0x0, 0x0, 0x0, 0x0,
    0x9, 0x6f, 0xe4, 0xff, 0xff, 0xff, 0xff, 0xcc,
    0x0, 0x0, 0x0, 0x0, 0x0, 0x0, 0x6, 0x68,
    0xe2, 0xff, 0xff, 0xcc, 0x0, 0x0, 0x0, 0x0,
    0x0, 0x0, 0x17, 0x8c, 0xf5, 0xff, 0xff, 0xcc,
    0x0, 0x0, 0x0, 0x0, 0x18, 0x8e, 0xf6, 0xff,
    0xff, 0xff, 0xff, 0xcc, 0x0, 0x0, 0x1a, 0x90,
    0xf7, 0xff, 0xff, 0xff, 0xff, 0xff, 0xd2, 0x46,
    0x1b, 0x92, 0xf7, 0xff, 0xff, 0xff, 0xff, 0xff,
    0xe3, 0x61, 0x2, 0x0, 0xaf, 0xff, 0xff, 0xff,
    0xff, 0xff, 0xf0, 0x78, 0x9, 0x0, 0x0, 0x0,
    0xb0, 0xff, 0xff, 0xff, 0xf9, 0x90, 0x13, 0x0,
    0x0, 0x0, 0x0, 0x0, 0xb0, 0xff, 0xfe, 0xa7,
    0x21, 0x0, 0x0, 0x0, 0x0, 0x0, 0x0, 0x0,
    0xb0, 0xbe, 0x33, 0x0, 0x0, 0x0, 0x0, 0x0,
    0x0, 0x0, 0x0, 0x0, 0x23, 0x0, 0x0, 0x0,
    0x0, 0x0, 0x0, 0x0, 0x0, 0x0, 0x0, 0x0,

    /* U+003F "?" */
    0x0, 0x0, 0x0, 0x15, 0x7d, 0xc3, 0xe9, 0xfa,
    0xee, 0xd3, 0x96, 0x38, 0x0, 0x0, 0x0, 0x0,
    0x0, 0x0, 0x5c, 0xf4, 0xff, 0xff, 0xff, 0xff,
    0xff, 0xff, 0xff, 0xff, 0xaa, 0xc, 0x0, 0x0,
    0x0, 0x5c, 0xff, 0xff, 0xff, 0xff, 0xff, 0xff,
    0xff, 0xff, 0xff, 0xff, 0xff, 0xc8, 0x7, 0x0,
    0x17, 0xf5, 0xff, 0xff, 0xff, 0xff, 0xfa, 0xda,
    0xe9, 0xff, 0xff, 0xff, 0xff, 0xff, 0x88, 0x0,
    0x82, 0xff, 0xff, 0xff, 0xfe, 0x7f, 0x7, 0x0,
    0x0, 0x42, 0xe7, 0xff, 0xff, 0xff, 0xf3, 0x10,
    0xca, 0xff, 0xff, 0xff, 0x99, 0x0, 0x0, 0x0,
    0x0, 0x0, 0x45, 0xff, 0xff, 0xff, 0xff, 0x54,
    0xef, 0xff, 0xff, 0xff, 0x43, 0x0, 0x0, 0x0,
    0x0, 0x0, 0x0, 0xcd, 0xff, 0xff, 0xff, 0x8b,
    0xfa, 0xff, 0xff, 0xff, 0x2f, 0x0, 0x0, 0x0,
    0x0, 0x0, 0x0, 0x9e, 0xff, 0xff, 0xff, 0xa1,
    0xe3, 0xff, 0xff, 0xff, 0x4f, 0x0, 0x0, 0x0,
    0x0, 0x0, 0x0, 0x8d, 0xff, 0xff, 0xff, 0xa8,
    0x92, 0xb0, 0x7f, 0x4e, 0x12, 0x0, 0x0, 0x0,
    0x0, 0x0, 0x0, 0xa8, 0xff, 0xff, 0xff, 0x91,
    0x0, 0x0, 0x0, 0x0, 0x0, 0x0, 0x0, 0x0,
    0x0, 0x0, 0x0, 0xcd, 0xff, 0xff, 0xff, 0x77,
    0x0, 0x0, 0x0, 0x0, 0x0, 0x0, 0x0, 0x0,
    0x0, 0x0, 0x22, 0xff, 0xff, 0xff, 0xff, 0x39,
    0x0, 0x0, 0x0, 0x0, 0x0, 0x0, 0x0, 0x0,
    0x0, 0x0, 0x83, 0xff, 0xff, 0xff, 0xe4, 0x1,
    0x0, 0x0, 0x0, 0x0, 0x0, 0x0, 0x0, 0x0,
    0x0, 0x1c, 0xf5, 0xff, 0xff, 0xff, 0x7d, 0x0,
    0x0, 0x0, 0x0, 0x0, 0x0, 0x0, 0x0, 0x0,
    0x0, 0xaf, 0xff, 0xff, 0xff, 0xe3, 0x9, 0x0,
    0x0, 0x0, 0x0, 0x0, 0x0, 0x0, 0x0, 0x0,
    0x79, 0xff, 0xff, 0xff, 0xfe, 0x4d, 0x0, 0x0,
    0x0, 0x0, 0x0, 0x0, 0x0, 0x0, 0x0, 0x55,
    0xfd, 0xff, 0xff, 0xff, 0x80, 0x0, 0x0, 0x0,
    0x0, 0x0, 0x0, 0x0, 0x0, 0x0, 0x4f, 0xfb,
    0xff, 0xff, 0xff, 0xa2, 0x1, 0x0, 0x0, 0x0,
    0x0, 0x0, 0x0, 0x0, 0x0, 0x56, 0xf9, 0xff,
    0xff, 0xff, 0xa6, 0x3, 0x0, 0x0, 0x0, 0x0,
    0x0, 0x0, 0x0, 0x0, 0x5e, 0xfd, 0xff, 0xff,
    0xff, 0x9c, 0x3, 0x0, 0x0, 0x0, 0x0, 0x0,
    0x0, 0x0, 0x0, 0x0, 0xb0, 0xff, 0xff, 0xff,
    0x87, 0x0, 0x0, 0x0, 0x0, 0x0, 0x0, 0x0,
    0x0, 0x0, 0x0, 0x0, 0xb0, 0xff, 0xff, 0xff,
    0x20, 0x0, 0x0, 0x0, 0x0, 0x0, 0x0, 0x0,
    0x0, 0x0, 0x0, 0x0, 0xb0, 0xff, 0xff, 0xff,
    0x20, 0x0, 0x0, 0x0, 0x0, 0x0, 0x0, 0x0,
    0x0, 0x0, 0x0, 0x0, 0xb0, 0xff, 0xff, 0xff,
    0x20, 0x0, 0x0, 0x0, 0x0, 0x0, 0x0, 0x0,
    0x0, 0x0, 0x0, 0x0, 0x86, 0xc4, 0xc4, 0xc4,
    0x18, 0x0, 0x0, 0x0, 0x0, 0x0, 0x0, 0x0,
    0x0, 0x0, 0x0, 0x0, 0x0, 0x0, 0x0, 0x0,
    0x0, 0x0, 0x0, 0x0, 0x0, 0x0, 0x0, 0x0,
    0x0, 0x0, 0x0, 0x0, 0x0, 0x0, 0x0, 0x0,
    0x0, 0x0, 0x0, 0x0, 0x0, 0x0, 0x0, 0x0,
    0x0, 0x0, 0x0, 0x0, 0x0, 0x0, 0x0, 0x0,
    0x0, 0x0, 0x0, 0x0, 0x0, 0x0, 0x0, 0x0,
    0x0, 0x0, 0x0, 0x0, 0x70, 0x80, 0x80, 0x80,
    0x34, 0x0, 0x0, 0x0, 0x0, 0x0, 0x0, 0x0,
    0x0, 0x0, 0x0, 0x0, 0xe0, 0xff, 0xff, 0xff,
    0x68, 0x0, 0x0, 0x0, 0x0, 0x0, 0x0, 0x0,
    0x0, 0x0, 0x0, 0x0, 0xe0, 0xff, 0xff, 0xff,
    0x68, 0x0, 0x0, 0x0, 0x0, 0x0, 0x0, 0x0,
    0x0, 0x0, 0x0, 0x0, 0xe0, 0xff, 0xff, 0xff,
    0x68, 0x0, 0x0, 0x0, 0x0, 0x0, 0x0, 0x0,
    0x0, 0x0, 0x0, 0x0, 0xe0, 0xff, 0xff, 0xff,
    0x68, 0x0, 0x0, 0x0, 0x0, 0x0, 0x0, 0x0,

    /* U+0040 "@" */
    0x0, 0x0, 0x0, 0x0, 0x0, 0x0, 0x0, 0x0,
    0x0, 0x0, 0x0, 0x0, 0x25, 0x69, 0xa2, 0xc9,
    0xe8, 0xf5, 0xfc, 0xf3, 0xde, 0xb8, 0x7e, 0x32,
    0x0, 0x0, 0x0, 0x0, 0x0, 0x0, 0x0, 0x0,
    0x0, 0x0, 0x0, 0x0, 0x0, 0x0, 0x0, 0x0,
    0x0, 0x0, 0x7, 0x64, 0xcf, 0xff, 0xff, 0xff,
    0xff, 0xff, 0xff, 0xff, 0xff, 0xff, 0xff, 0xff,
    0xff, 0xca, 0x39, 0x0, 0x0, 0x0, 0x0, 0x0,
    0x0, 0x0, 0x0, 0x0, 0x0, 0x0, 0x0, 0x0,
    0x0, 0x0, 0x50, 0xe1, 0xff, 0xff, 0xff, 0xff,
    0xff, 0xff, 0xff, 0xff, 0xff, 0xff, 0xff, 0xff,
    0xff, 0xff, 0xff, 0xfe, 0x96, 0xc, 0x0, 0x0,
    0x0, 0x0, 0x0, 0x0, 0x0, 0x0, 0x0, 0x0,
    0x0, 0x7, 0x9b, 0xff, 0xff, 0xff, 0xff, 0xff,
    0xff, 0xee, 0xb3, 0x8b, 0x79, 0x74, 0x82, 0xa2,
    0xd8, 0xff, 0xff, 0xff, 0xff, 0xff, 0xc3, 0xb,
    0x0, 0x0, 0x0, 0x0, 0x0, 0x0, 0x0, 0x0,
    0x0, 0xb, 0xbf, 0xff, 0xff, 0xff, 0xff, 0xff,
    0xb2, 0x44, 0x3, 0x0, 0x0, 0x0, 0x0, 0x0,
    0x0, 0x0, 0x28, 0x9b, 0xfe, 0xff, 0xff, 0xff,
    0xbd, 0x8, 0x0, 0x0, 0x0, 0x0, 0x0, 0x0,
    0x0, 0x4, 0xbd, 0xff, 0xff, 0xff, 0xff, 0xdc,
    0x3d, 0x0, 0x0, 0x0, 0x0, 0x0, 0x0, 0x0,
    0x0, 0x0, 0x0, 0x0, 0x0, 0x3b, 0xdd, 0xff,
    0xff, 0xff, 0x85, 0x0, 0x0, 0x0, 0x0, 0x0,
    0x0, 0x0, 0x8e, 0xff, 0xff, 0xff, 0xff, 0xb8,
    0xd, 0x0, 0x0, 0x0, 0x0, 0x0, 0x0, 0x0,
    0x0, 0x0, 0x0, 0x0, 0x0, 0x0, 0x0, 0x1e,
    0xe1, 0xff, 0xff, 0xf9, 0x29, 0x0, 0x0, 0x0,
    0x0, 0x0, 0x3b, 0xfe, 0xff, 0xff, 0xff, 0xb8,
    0x5, 0x0, 0x0, 0x0, 0x0, 0x0, 0x0, 0x0,
    0x0, 0x0, 0x0, 0x0, 0x0, 0x0, 0x0, 0x0,
    0x0, 0x29, 0xf9, 0xff, 0xff, 0xb2, 0x0, 0x0,
    0x0, 0x0, 0x1, 0xcf, 0xff, 0xff, 0xff, 0xe0,
    0xd, 0x0, 0x0, 0x0, 0x0, 0x0, 0x0, 0x0,
    0x0, 0x22, 0x34, 0x12, 0x0, 0x0, 0x0, 0x0,
    0x0, 0x0, 0x0, 0x84, 0xff, 0xff, 0xfc, 0x1a,
    0x0, 0x0, 0x0, 0x50, 0xff, 0xff, 0xff, 0xff,
    0x49, 0x0, 0x0, 0x0, 0x0, 0x0, 0x0, 0x9,
    0x7c, 0xe5, 0xff, 0xff, 0xfa, 0x9d, 0xa9, 0xe8,
    0xe8, 0x8e, 0x0, 0x0, 0xa, 0xf1, 0xff, 0xff,
    0x79, 0x0, 0x0, 0x0, 0xc0, 0xff, 0xff, 0xff,
    0xa7, 0x0, 0x0, 0x0, 0x0, 0x0, 0x0, 0x1f,
    0xd1, 0xff, 0xff, 0xff, 0xff, 0xff, 0xff, 0xff,
    0xff, 0xff, 0x77, 0x0, 0x0, 0x0, 0x9c, 0xff,
    0xff, 0xc4, 0x0, 0x0, 0x22, 0xfe, 0xff, 0xff,
    0xff, 0x2e, 0x0, 0x0, 0x0, 0x0, 0x0, 0x22,
    0xe9, 0xff, 0xff, 0xff, 0xff, 0xff, 0xff, 0xff,
    0xff, 0xff, 0xff, 0x4f, 0x0, 0x0, 0x0, 0x45,
    0xff, 0xff, 0xf6, 0x4, 0x0, 0x74, 0xff, 0xff,
    0xff, 0xc9, 0x0, 0x0, 0x0, 0x0, 0x0, 0xb,
    0xd2, 0xff, 0xff, 0xff, 0xf7, 0x7c, 0x1d, 0x9,
    0xb4, 0xff, 0xff, 0xff, 0x27, 0x0, 0x0, 0x0,
    0x10, 0xff, 0xff, 0xff, 0x30, 0x0, 0xbc, 0xff,
    0xff, 0xff, 0x64, 0x0, 0x0, 0x0, 0x0, 0x0,
    0x8d, 0xff, 0xff, 0xff, 0xf6, 0x3a, 0x0, 0x0,
    0x0, 0xc9, 0xff, 0xff, 0xfb, 0x5, 0x0, 0x0,
    0x0, 0x0, 0xdd, 0xff, 0xff, 0x4d, 0x2, 0xf5,
    0xff, 0xff, 0xff, 0x1b, 0x0, 0x0, 0x0, 0x0,
    0x23, 0xf9, 0xff, 0xff, 0xff, 0x5b, 0x0, 0x0,
    0x0, 0x0, 0xee, 0xff, 0xff, 0xd8, 0x0, 0x0,
    0x0, 0x0, 0x0, 0xc7, 0xff, 0xff, 0x5b, 0x27,
    0xff, 0xff, 0xff, 0xe4, 0x0, 0x0, 0x0, 0x0,
    0x0, 0x97, 0xff, 0xff, 0xff, 0xb6, 0x0, 0x0,
    0x0, 0x0, 0x15, 0xff, 0xff, 0xff, 0xb0, 0x0,
    0x0, 0x0, 0x0, 0x0, 0xba, 0xff, 0xff, 0x6a,
    0x51, 0xff, 0xff, 0xff, 0xad, 0x0, 0x0, 0x0,
    0x0, 0x8, 0xef, 0xff, 0xff, 0xff, 0x37, 0x0,
    0x0, 0x0, 0x0, 0x3a, 0xff, 0xff, 0xff, 0x88,
    0x0, 0x0, 0x0, 0x0, 0x0, 0xb4, 0xff, 0xff,
    0x64, 0x6d, 0xff, 0xff, 0xff, 0x7d, 0x0, 0x0,
    0x0, 0x0, 0x4d, 0xff, 0xff, 0xff, 0xd3, 0x0,
    0x0, 0x0, 0x0, 0x0, 0x60, 0xff, 0xff, 0xff,
    0x60, 0x0, 0x0, 0x0, 0x0, 0x0, 0xc2, 0xff,
    0xff, 0x53, 0x86, 0xff, 0xff, 0xff, 0x69, 0x0,
    0x0, 0x0, 0x0, 0x87, 0xff, 0xff, 0xff, 0x8d,
    0x0, 0x0, 0x0, 0x0, 0x0, 0x86, 0xff, 0xff,
    0xff, 0x38, 0x0, 0x0, 0x0, 0x0, 0x0, 0xd7,
    0xff, 0xff, 0x3d, 0x95, 0xff, 0xff, 0xff, 0x59,
    0x0, 0x0, 0x0, 0x0, 0xba, 0xff, 0xff, 0xff,
    0x4f, 0x0, 0x0, 0x0, 0x0, 0x0, 0xac, 0xff,
    0xff, 0xff, 0x10, 0x0, 0x0, 0x0, 0x0, 0x6,
    0xfb, 0xff, 0xfd, 0xd, 0x9d, 0xff, 0xff, 0xff,
    0x48, 0x0, 0x0, 0x0, 0x0, 0xd3, 0xff, 0xff,
    0xff, 0x35, 0x0, 0x0, 0x0, 0x0, 0x0, 0xd1,
    0xff, 0xff, 0xe8, 0x0, 0x0, 0x0, 0x0, 0x0,
    0x39, 0xff, 0xff, 0xd6, 0x0, 0xa2, 0xff, 0xff,
    0xff, 0x40, 0x0, 0x0, 0x0, 0x0, 0xe5, 0xff,
    0xff, 0xff, 0x20, 0x0, 0x0, 0x0, 0x0, 0x1,
    0xf5, 0xff, 0xff, 0xc0, 0x0, 0x0, 0x0, 0x0,
    0x0, 0x88, 0xff, 0xff, 0x89, 0x0, 0x9b, 0xff,
    0xff, 0xff, 0x4d, 0x0, 0x0, 0x0, 0x0, 0xdd,
    0xff, 0xff, 0xff, 0x1a, 0x0, 0x0, 0x0, 0x0,
    0x2e, 0xff, 0xff, 0xff, 0x98, 0x0, 0x0, 0x0,
    0x0, 0x7, 0xe5, 0xff, 0xff, 0x2b, 0x0, 0x8f,
    0xff, 0xff, 0xff, 0x5b, 0x0, 0x0, 0x0, 0x0,
    0xc4, 0xff, 0xff, 0xff, 0x36, 0x0, 0x0, 0x0,
    0x0, 0x81, 0xff, 0xff, 0xff, 0x70, 0x0, 0x0,
    0x0, 0x0, 0x6c, 0xff, 0xff, 0xb9, 0x0, 0x0,
    0x74, 0xff, 0xff, 0xff, 0x7b, 0x0, 0x0, 0x0,
    0x0, 0x8a, 0xff, 0xff, 0xff, 0x7d, 0x0, 0x0,
    0x0, 0x19, 0xed, 0xff, 0xff, 0xff, 0x53, 0x0,
    0x0, 0x0, 0x24, 0xf3, 0xff, 0xfb, 0x2a, 0x0,
    0x0, 0x52, 0xff, 0xff, 0xff, 0xac, 0x0, 0x0,
    0x0, 0x0, 0x39, 0xff, 0xff, 0xff, 0xf1, 0x3a,
    0x0, 0x33, 0xd9, 0xe0, 0xff, 0xff, 0xff, 0x56,
    0x0, 0x0, 0x2e, 0xe2, 0xff, 0xff, 0x74, 0x0,
    0x0, 0x0, 0x20, 0xff, 0xff, 0xff, 0xe4, 0x1,
    0x0, 0x0, 0x0, 0x0, 0xb6, 0xff, 0xff, 0xff,
    0xff, 0xf4, 0xff, 0xff, 0x72, 0xe0, 0xff, 0xff,
    0xcc, 0x7f, 0xad, 0xfc, 0xff, 0xff, 0x93, 0x0,
    0x0, 0x0, 0x0, 0x0, 0xe2, 0xff, 0xff, 0xff,
    0x3f, 0x0, 0x0, 0x0, 0x0, 0x18, 0xd8, 0xff,
    0xff, 0xff, 0xff, 0xff, 0xdd, 0x8, 0x5c, 0xff,
    0xff, 0xff, 0xff, 0xff, 0xff, 0xf7, 0x68, 0x0,
    0x0, 0x0, 0x0, 0x0, 0x0, 0x90, 0xff, 0xff,
    0xff, 0xa5, 0x0, 0x0, 0x0, 0x0, 0x0, 0x15,
    0x96, 0xe8, 0xff, 0xf5, 0xb8, 0x24, 0x0, 0x0,
    0x53, 0xca, 0xf6, 0xf5, 0xd1, 0x89, 0x1e, 0x0,
    0x0, 0x0, 0x0, 0x0, 0x0, 0x0, 0x2e, 0xff,
    0xff, 0xff, 0xfe, 0x34, 0x0, 0x0, 0x0, 0x0,
    0x0, 0x0, 0x0, 0x1, 0x0, 0x0, 0x0, 0x0,
    0x0, 0x0, 0x0, 0x0, 0x0, 0x0, 0x0, 0x0,
    0x0, 0x0, 0x0, 0x0, 0x0, 0x0, 0x0, 0x0,
    0xb6, 0xff, 0xff, 0xff, 0xd0, 0xb, 0x0, 0x0,
    0x0, 0x0, 0x0, 0x0, 0x0, 0x0, 0x0, 0x0,
    0x0, 0x0, 0x0, 0x0, 0x0, 0x0, 0x0, 0x0,
    0x0, 0x0, 0x0, 0x0, 0x0, 0x0, 0x0, 0x0,
    0x0, 0x29, 0xfa, 0xff, 0xff, 0xff, 0xb1, 0x6,
    0x0, 0x0, 0x0, 0x0, 0x0, 0x0, 0x0, 0x0,
    0x0, 0x0, 0x0, 0x0, 0x0, 0x0, 0x0, 0x0,
    0x0, 0x0, 0x0, 0x0, 0x0, 0x0, 0x0, 0x0,
    0x0, 0x0, 0x0, 0x77, 0xff, 0xff, 0xff, 0xff,
    0xc4, 0x17, 0x0, 0x0, 0x0, 0x0, 0x0, 0x0,
    0x0, 0x0, 0x0, 0x0, 0x0, 0x0, 0x0, 0x0,
    0x0, 0x0, 0x0, 0x0, 0x0, 0x0, 0x0, 0x0,
    0x0, 0x0, 0x0, 0x0, 0x1, 0xa4, 0xff, 0xff,
    0xff, 0xff, 0xf0, 0x77, 0xc, 0x0, 0x0, 0x0,
    0x0, 0x0, 0x0, 0x0, 0x0, 0x0, 0x0, 0x0,
    0x0, 0x4, 0x0, 0x0, 0x0, 0x0, 0x0, 0x0,
    0x0, 0x0, 0x0, 0x0, 0x0, 0x0, 0x4, 0x9e,
    0xff, 0xff, 0xff, 0xff, 0xff, 0xf5, 0xa7, 0x66,
    0x36, 0x18, 0x9, 0x4, 0x12, 0x22, 0x45, 0x6b,
    0x9e, 0xdd, 0x93, 0x0, 0x0, 0x0, 0x0, 0x0,
    0x0, 0x0, 0x0, 0x0, 0x0, 0x0, 0x0, 0x0,
    0x0, 0x69, 0xf4, 0xff, 0xff, 0xff, 0xff, 0xff,
    0xff, 0xff, 0xff, 0xff, 0xff, 0xff, 0xff, 0xff,
    0xff, 0xff, 0xff, 0xd2, 0x0, 0x0, 0x0, 0x0,
    0x0, 0x0, 0x0, 0x0, 0x0, 0x0, 0x0, 0x0,
    0x0, 0x0, 0x0, 0x1d, 0x9c, 0xf9, 0xff, 0xff,
    0xff, 0xff, 0xff, 0xff, 0xff, 0xff, 0xff, 0xff,
    0xff, 0xff, 0xff, 0xff, 0xfe, 0x11, 0x0, 0x0,
    0x0, 0x0, 0x0, 0x0, 0x0, 0x0, 0x0, 0x0,
    0x0, 0x0, 0x0, 0x0, 0x0, 0x0, 0x14, 0x6d,
    0xb8, 0xf2, 0xff, 0xff, 0xff, 0xff, 0xff, 0xff,
    0xff, 0xff, 0xf0, 0xc0, 0x86, 0x43, 0x5, 0x0,
    0x0, 0x0, 0x0, 0x0, 0x0, 0x0, 0x0, 0x0,
    0x0, 0x0, 0x0, 0x0, 0x0, 0x0, 0x0, 0x0,
    0x0, 0x0, 0x1, 0x23, 0x43, 0x58, 0x61, 0x5d,
    0x52, 0x3a, 0x1b, 0x0, 0x0, 0x0, 0x0, 0x0,
    0x0, 0x0, 0x0, 0x0, 0x0, 0x0, 0x0,

    /* U+0041 "A" */
    0x0, 0x0, 0x0, 0x0, 0x0, 0x0, 0x0, 0x77,
    0xff, 0xff, 0xff, 0xff, 0x1a, 0x0, 0x0, 0x0,
    0x0, 0x0, 0x0, 0x0, 0x0, 0x0, 0x0, 0x0,
    0x0, 0x0, 0xac, 0xff, 0xff, 0xff, 0xff, 0x50,
    0x0, 0x0, 0x0, 0x0, 0x0, 0x0, 0x0, 0x0,
    0x0, 0x0, 0x0, 0x0, 0x0, 0xe2, 0xff, 0xff,
    0xff, 0xff, 0x86, 0x0, 0x0, 0x0, 0x0, 0x0,
    0x0, 0x0, 0x0, 0x0, 0x0, 0x0, 0x0, 0x17,
    0xff, 0xff, 0xff, 0xff, 0xff, 0xbb, 0x0, 0x0,
    0x0, 0x0, 0x0, 0x0, 0x0, 0x0, 0x0, 0x0,
    0x0, 0x0, 0x4c, 0xff, 0xff, 0xff, 0xff, 0xff,
    0xef, 0x1, 0x0, 0x0, 0x0, 0x0, 0x0, 0x0,
    0x0, 0x0, 0x0, 0x0, 0x0, 0x82, 0xff, 0xff,
    0xff, 0xff, 0xff, 0xff, 0x27, 0x0, 0x0, 0x0,
    0x0, 0x0, 0x0, 0x0, 0x0, 0x0, 0x0, 0x0,
    0xb7, 0xff, 0xff, 0xef, 0xff, 0xff, 0xff, 0x5c,
    0x0, 0x0, 0x0, 0x0, 0x0, 0x0, 0x0, 0x0,
    0x0, 0x0, 0x0, 0xeb, 0xff, 0xff, 0xa5, 0xf2,
    0xff, 0xff, 0x92, 0x0, 0x0, 0x0, 0x0, 0x0,
    0x0, 0x0, 0x0, 0x0, 0x0, 0x22, 0xff, 0xff,
    0xff, 0x74, 0xc4, 0xff, 0xff, 0xc8, 0x0, 0x0,
    0x0, 0x0, 0x0, 0x0, 0x0, 0x0, 0x0, 0x0,
    0x57, 0xff, 0xff, 0xff, 0x45, 0x95, 0xff, 0xff,
    0xf8, 0x5, 0x0, 0x0, 0x0, 0x0, 0x0, 0x0,
    0x0, 0x0, 0x0, 0x8c, 0xff, 0xff, 0xff, 0x16,
    0x65, 0xff, 0xff, 0xff, 0x33, 0x0, 0x0, 0x0,
    0x0, 0x0, 0x0, 0x0, 0x0, 0x0, 0xc2, 0xff,
    0xff, 0xe7, 0x0, 0x35, 0xff, 0xff, 0xff, 0x69,
    0x0, 0x0, 0x0, 0x0, 0x0, 0x0, 0x0, 0x0,
    0x2, 0xf4, 0xff, 0xff, 0xb8, 0x0, 0x9, 0xfc,
    0xff, 0xff, 0x9f, 0x0, 0x0, 0x0, 0x0, 0x0,
    0x0, 0x0, 0x0, 0x2c, 0xff, 0xff, 0xff, 0x89,
    0x0, 0x0, 0xd6, 0xff, 0xff, 0xd4, 0x0, 0x0,
    0x0, 0x0, 0x0, 0x0, 0x0, 0x0, 0x62, 0xff,
    0xff, 0xff, 0x5a, 0x0, 0x0, 0xa6, 0xff, 0xff,
    0xfd, 0xc, 0x0, 0x0, 0x0, 0x0, 0x0, 0x0,
    0x0, 0x97, 0xff, 0xff, 0xff, 0x2a, 0x0, 0x0,
    0x77, 0xff, 0xff, 0xff, 0x40, 0x0, 0x0, 0x0,
    0x0, 0x0, 0x0, 0x0, 0xcc, 0xff, 0xff, 0xf7,
    0x4, 0x0, 0x0, 0x47, 0xff, 0xff, 0xff, 0x75,
    0x0, 0x0, 0x0, 0x0, 0x0, 0x0, 0x7, 0xfa,
    0xff, 0xff, 0xcc, 0x0, 0x0, 0x0, 0x17, 0xff,
    0xff, 0xff, 0xab, 0x0, 0x0, 0x0, 0x0, 0x0,
    0x0, 0x37, 0xff, 0xff, 0xff, 0x9d, 0x0, 0x0,
    0x0, 0x0, 0xe8, 0xff, 0xff, 0xe1, 0x0, 0x0,
    0x0, 0x0, 0x0, 0x0, 0x6c, 0xff, 0xff, 0xff,
    0x6e, 0x0, 0x0, 0x0, 0x0, 0xb8, 0xff, 0xff,
    0xff, 0x16, 0x0, 0x0, 0x0, 0x0, 0x0, 0xa2,
    0xff, 0xff, 0xff, 0x3f, 0x0, 0x0, 0x0, 0x0,
    0x88, 0xff, 0xff, 0xff, 0x4c, 0x0, 0x0, 0x0,
    0x0, 0x0, 0xd7, 0xff, 0xff, 0xff, 0xff, 0xff,
    0xff, 0xff, 0xff, 0xff, 0xff, 0xff, 0xff, 0x82,
    0x0, 0x0, 0x0, 0x0, 0xe, 0xfe, 0xff, 0xff,
    0xff, 0xff, 0xff, 0xff, 0xff, 0xff, 0xff, 0xff,
    0xff, 0xff, 0xb8, 0x0, 0x0, 0x0, 0x0, 0x42,
    0xff, 0xff, 0xff, 0xff, 0xff, 0xff, 0xff, 0xff,
    0xff, 0xff, 0xff, 0xff, 0xff, 0xed, 0x0, 0x0,
    0x0, 0x0, 0x77, 0xff, 0xff, 0xff, 0xa8, 0x50,
    0x50, 0x50, 0x50, 0x50, 0x50, 0xda, 0xff, 0xff,
    0xff, 0x23, 0x0, 0x0, 0x0, 0xac, 0xff, 0xff,
    0xff, 0x59, 0x0, 0x0, 0x0, 0x0, 0x0, 0x0,
    0xa4, 0xff, 0xff, 0xff, 0x59, 0x0, 0x0, 0x0,
    0xe2, 0xff, 0xff, 0xff, 0x2b, 0x0, 0x0, 0x0,
    0x0, 0x0, 0x0, 0x79, 0xff, 0xff, 0xff, 0x8e,
    0x0, 0x0, 0x17, 0xff, 0xff, 0xff, 0xf8, 0x4,
    0x0, 0x0, 0x0, 0x0, 0x0, 0x0, 0x4d, 0xff,
    0xff, 0xff, 0xc4, 0x0, 0x0, 0x4c, 0xff, 0xff,
    0xff, 0xcf, 0x0, 0x0, 0x0, 0x0, 0x0, 0x0,
    0x0, 0x21, 0xff, 0xff, 0xff, 0xf6, 0x4, 0x0,
    0x82, 0xff, 0xff, 0xff, 0xa1, 0x0, 0x0, 0x0,
    0x0, 0x0, 0x0, 0x0, 0x1, 0xf4, 0xff, 0xff,
    0xff, 0x2f, 0x0, 0xb7, 0xff, 0xff, 0xff, 0x73,
    0x0, 0x0, 0x0, 0x0, 0x0, 0x0, 0x0, 0x0,
    0xca, 0xff, 0xff, 0xff, 0x65, 0x0, 0xeb, 0xff,
    0xff, 0xff, 0x45, 0x0, 0x0, 0x0, 0x0, 0x0,
    0x0, 0x0, 0x0, 0x9e, 0xff, 0xff, 0xff, 0x9b,
    0x21, 0xff, 0xff, 0xff, 0xff, 0x17, 0x0, 0x0,
    0x0, 0x0, 0x0, 0x0, 0x0, 0x0, 0x72, 0xff,
    0xff, 0xff, 0xd1,

    /* U+0042 "B" */
    0x7c, 0xff, 0xff, 0xff, 0xff, 0xff, 0xff, 0xff,
    0xf7, 0xe8, 0xc7, 0x91, 0x37, 0x0, 0x0, 0x0,
    0x0, 0x0, 0x7c, 0xff, 0xff, 0xff, 0xff, 0xff,
    0xff, 0xff, 0xff, 0xff, 0xff, 0xff, 0xff, 0xb9,
    0x19, 0x0, 0x0, 0x0, 0x7c, 0xff, 0xff, 0xff,
    0xff, 0xff, 0xff, 0xff, 0xff, 0xff, 0xff, 0xff,
    0xff, 0xff, 0xda, 0x11, 0x0, 0x0, 0x7c, 0xff,
    0xff, 0xff, 0xff, 0x76, 0x73, 0x7c, 0x8a, 0xa9,
    0xe8, 0xff, 0xff, 0xff, 0xff, 0x9b, 0x0, 0x0,
    0x7c, 0xff, 0xff, 0xff, 0xff, 0xc, 0x0, 0x0,
    0x0, 0x0, 0x3, 0x7c, 0xff, 0xff, 0xff, 0xf9,
    0x12, 0x0, 0x7c, 0xff, 0xff, 0xff, 0xff, 0xc,
    0x0, 0x0, 0x0, 0x0, 0x0, 0x0, 0xbb, 0xff,
    0xff, 0xff, 0x4e, 0x0, 0x7c, 0xff, 0xff, 0xff,
    0xff, 0xc, 0x0, 0x0, 0x0, 0x0, 0x0, 0x0,
    0x73, 0xff, 0xff, 0xff, 0x7b, 0x0, 0x7c, 0xff,
    0xff, 0xff, 0xff, 0xc, 0x0, 0x0, 0x0, 0x0,
    0x0, 0x0, 0x57, 0xff, 0xff, 0xff, 0x8c, 0x0,
    0x7c, 0xff, 0xff, 0xff, 0xff, 0xc, 0x0, 0x0,
    0x0, 0x0, 0x0, 0x0, 0x56, 0xff, 0xff, 0xff,
    0x90, 0x0, 0x7c, 0xff, 0xff, 0xff, 0xff, 0xc,
    0x0, 0x0, 0x0, 0x0, 0x0, 0x0, 0x67, 0xff,
    0xff, 0xff, 0x7f, 0x0, 0x7c, 0xff, 0xff, 0xff,
    0xff, 0xc, 0x0, 0x0, 0x0, 0x0, 0x0, 0x0,
    0x96, 0xff, 0xff, 0xff, 0x58, 0x0, 0x7c, 0xff,
    0xff, 0xff, 0xff, 0xc, 0x0, 0x0, 0x0, 0x0,
    0x0, 0xa, 0xe4, 0xff, 0xff, 0xfc, 0x1a, 0x0,
    0x7c, 0xff, 0xff, 0xff, 0xff, 0xc, 0x0, 0x0,
    0x0, 0x0, 0xc, 0xaa, 0xff, 0xff, 0xff, 0xa4,
    0x0, 0x0, 0x7c, 0xff, 0xff, 0xff, 0xff, 0x89,
    0x84, 0x84, 0x93, 0xb0, 0xf3, 0xff, 0xff, 0xff,
    0xd5, 0x12, 0x0, 0x0, 0x7c, 0xff, 0xff, 0xff,
    0xff, 0xff, 0xff, 0xff, 0xff, 0xff, 0xff, 0xff,
    0xce, 0x7b, 0x9, 0x0, 0x0, 0x0, 0x7c, 0xff,
    0xff, 0xff, 0xff, 0xff, 0xff, 0xff, 0xff, 0xff,
    0xff, 0xff, 0xda, 0x7e, 0xa, 0x0, 0x0, 0x0,
    0x7c, 0xff, 0xff, 0xff, 0xff, 0xff, 0xff, 0xff,
    0xff, 0xff, 0xff, 0xff, 0xff, 0xff, 0xdb, 0x27,
    0x0, 0x0, 0x7c, 0xff, 0xff, 0xff, 0xff, 0xc,
    0x0, 0x1, 0x15, 0x37, 0x94, 0xfb, 0xff, 0xff,
    0xff, 0xdb, 0x10, 0x0, 0x7c, 0xff, 0xff, 0xff,
    0xff, 0xc, 0x0, 0x0, 0x0, 0x0, 0x0, 0x4a,
    0xfc, 0xff, 0xff, 0xff, 0x80, 0x0, 0x7c, 0xff,
    0xff, 0xff, 0xff, 0xc, 0x0, 0x0, 0x0, 0x0,
    0x0, 0x0, 0x9c, 0xff, 0xff, 0xff, 0xe9, 0x1,
    0x7c, 0xff, 0xff, 0xff, 0xff, 0xc, 0x0, 0x0,
    0x0, 0x0, 0x0, 0x0, 0x3c, 0xff, 0xff, 0xff,
    0xff, 0x2a, 0x7c, 0xff, 0xff, 0xff, 0xff, 0xc,
    0x0, 0x0, 0x0, 0x0, 0x0, 0x0, 0x5, 0xfb,
    0xff, 0xff, 0xff, 0x59, 0x7c, 0xff, 0xff, 0xff,
    0xff, 0xc, 0x0, 0x0, 0x0, 0x0, 0x0, 0x0,
    0x0, 0xe9, 0xff, 0xff, 0xff, 0x6b, 0x7c, 0xff,
    0xff, 0xff, 0xff, 0xc, 0x0, 0x0, 0x0, 0x0,
    0x0, 0x0, 0x0, 0xdb, 0xff, 0xff, 0xff, 0x77,
    0x7c, 0xff, 0xff, 0xff, 0xff, 0xc, 0x0, 0x0,
    0x0, 0x0, 0x0, 0x0, 0x0, 0xe4, 0xff, 0xff,
    0xff, 0x6b, 0x7c, 0xff, 0xff, 0xff, 0xff, 0xc,
    0x0, 0x0, 0x0, 0x0, 0x0, 0x0, 0x2, 0xf9,
    0xff, 0xff, 0xff, 0x58, 0x7c, 0xff, 0xff, 0xff,
    0xff, 0xc, 0x0, 0x0, 0x0, 0x0, 0x0, 0x0,
    0x2b, 0xff, 0xff, 0xff, 0xff, 0x2b, 0x7c, 0xff,
    0xff, 0xff, 0xff, 0xc, 0x0, 0x0, 0x0, 0x0,
    0x0, 0x0, 0x81, 0xff, 0xff, 0xff, 0xed, 0x3,
    0x7c, 0xff, 0xff, 0xff, 0xff, 0xc, 0x0, 0x0,
    0x0, 0x0, 0x0, 0x35, 0xf2, 0xff, 0xff, 0xff,
    0x93, 0x0, 0x7c, 0xff, 0xff, 0xff, 0xff, 0x58,
    0x50, 0x50, 0x56, 0x6d, 0xab, 0xfc, 0xff, 0xff,
    0xff, 0xf3, 0x1e, 0x0, 0x7c, 0xff, 0xff, 0xff,
    0xff, 0xff, 0xff, 0xff, 0xff, 0xff, 0xff, 0xff,
    0xff, 0xff, 0xfd, 0x5d, 0x0, 0x0, 0x7c, 0xff,
    0xff, 0xff, 0xff, 0xff, 0xff, 0xff, 0xff, 0xff,
    0xff, 0xff, 0xff, 0xe9, 0x53, 0x0, 0x0, 0x0,
    0x7c, 0xff, 0xff, 0xff, 0xff, 0xff, 0xff, 0xff,
    0xff, 0xf8, 0xe3, 0xba, 0x6d, 0xe, 0x0, 0x0,
    0x0, 0x0,

    /* U+0043 "C" */
    0x0, 0x0, 0x0, 0x0, 0x0, 0x48, 0x9e, 0xd2,
    0xf0, 0xfc, 0xf5, 0xdc, 0xaa, 0x56, 0x2, 0x0,
    0x0, 0x0, 0x0, 0x0, 0x0, 0x18, 0xc1, 0xff,
    0xff, 0xff, 0xff, 0xff, 0xff, 0xff, 0xff, 0xff,
    0xc8, 0x15, 0x0, 0x0, 0x0, 0x0, 0x11, 0xda,
    0xff, 0xff, 0xff, 0xff, 0xff, 0xff, 0xff, 0xff,
    0xff, 0xff, 0xff, 0xdb, 0x10, 0x0, 0x0, 0x0,
    0x9f, 0xff, 0xff, 0xff, 0xff, 0xf5, 0xb8, 0xa0,
    0xab, 0xe2, 0xff, 0xff, 0xff, 0xff, 0x8c, 0x0,
    0x0, 0x1c, 0xfd, 0xff, 0xff, 0xff, 0xcc, 0x15,
    0x0, 0x0, 0x0, 0x2, 0x97, 0xff, 0xff, 0xff,
    0xf9, 0x11, 0x0, 0x6b, 0xff, 0xff, 0xff, 0xff,
    0x28, 0x0, 0x0, 0x0, 0x0, 0x0, 0x7, 0xed,
    0xff, 0xff, 0xff, 0x50, 0x0, 0xa1, 0xff, 0xff,
    0xff, 0xcf, 0x0, 0x0, 0x0, 0x0, 0x0, 0x0,
    0x0, 0xb1, 0xff, 0xff, 0xff, 0x8e, 0x0, 0xd5,
    0xff, 0xff, 0xff, 0xa4, 0x0, 0x0, 0x0, 0x0,
    0x0, 0x0, 0x0, 0x93, 0xff, 0xff, 0xff, 0xaa,
    0x0, 0xf0, 0xff, 0xff, 0xff, 0x8b, 0x0, 0x0,
    0x0, 0x0, 0x0, 0x0, 0x0, 0x84, 0xff, 0xff,
    0xff, 0xbc, 0x1, 0xfd, 0xff, 0xff, 0xff, 0x81,
    0x0, 0x0, 0x0, 0x0, 0x0, 0x0, 0x0, 0x7d,
    0xff, 0xff, 0xff, 0xca, 0xf, 0xff, 0xff, 0xff,
    0xff, 0x7c, 0x0, 0x0, 0x0, 0x0, 0x0, 0x0,
    0x0, 0x7c, 0xff, 0xff, 0xff, 0xcc, 0x14, 0xff,
    0xff, 0xff, 0xff, 0x7c, 0x0, 0x0, 0x0, 0x0,
    0x0, 0x0, 0x0, 0x6e, 0xe4, 0xe4, 0xe4, 0xb5,
    0x14, 0xff, 0xff, 0xff, 0xff, 0x7c, 0x0, 0x0,
    0x0, 0x0, 0x0, 0x0, 0x0, 0x0, 0x0, 0x0,
    0x0, 0x0, 0x14, 0xff, 0xff, 0xff, 0xff, 0x7c,
    0x0, 0x0, 0x0, 0x0, 0x0, 0x0, 0x0, 0x0,
    0x0, 0x0, 0x0, 0x0, 0x14, 0xff, 0xff, 0xff,
    0xff, 0x7c, 0x0, 0x0, 0x0, 0x0, 0x0, 0x0,
    0x0, 0x0, 0x0, 0x0, 0x0, 0x0, 0x14, 0xff,
    0xff, 0xff, 0xff, 0x7c, 0x0, 0x0, 0x0, 0x0,
    0x0, 0x0, 0x0, 0x0, 0x0, 0x0, 0x0, 0x0,
    0x14, 0xff, 0xff, 0xff, 0xff, 0x7c, 0x0, 0x0,
    0x0, 0x0, 0x0, 0x0, 0x0, 0x0, 0x0, 0x0,
    0x0, 0x0, 0x14, 0xff, 0xff, 0xff, 0xff, 0x7c,
    0x0, 0x0, 0x0, 0x0, 0x0, 0x0, 0x0, 0x0,
    0x0, 0x0, 0x0, 0x0, 0x14, 0xff, 0xff, 0xff,
    0xff, 0x7c, 0x0, 0x0, 0x0, 0x0, 0x0, 0x0,
    0x0, 0x0, 0x0, 0x0, 0x0, 0x0, 0x14, 0xff,
    0xff, 0xff, 0xff, 0x7c, 0x0, 0x0, 0x0, 0x0,
    0x0, 0x0, 0x0, 0x0, 0x0, 0x0, 0x0, 0x0,
    0x14, 0xff, 0xff, 0xff, 0xff, 0x7c, 0x0, 0x0,
    0x0, 0x0, 0x0, 0x0, 0x0, 0x34, 0x6c, 0x6c,
    0x6c, 0x56, 0x14, 0xff, 0xff, 0xff, 0xff, 0x7c,
    0x0, 0x0, 0x0, 0x0, 0x0, 0x0, 0x0, 0x7c,
    0xff, 0xff, 0xff, 0xcc, 0xf, 0xff, 0xff, 0xff,
    0xff, 0x7c, 0x0, 0x0, 0x0, 0x0, 0x0, 0x0,
    0x0, 0x7c, 0xff, 0xff, 0xff, 0xcb, 0x1, 0xfd,
    0xff, 0xff, 0xff, 0x7e, 0x0, 0x0, 0x0, 0x0,
    0x0, 0x0, 0x0, 0x80, 0xff, 0xff, 0xff, 0xc3,
    0x0, 0xef, 0xff, 0xff, 0xff, 0x89, 0x0, 0x0,
    0x0, 0x0, 0x0, 0x0, 0x0, 0x88, 0xff, 0xff,
    0xff, 0xb2, 0x0, 0xcf, 0xff, 0xff, 0xff, 0xa3,
    0x0, 0x0, 0x0, 0x0, 0x0, 0x0, 0x0, 0x9c,
    0xff, 0xff, 0xff, 0xa0, 0x0, 0x99, 0xff, 0xff,
    0xff, 0xd3, 0x0, 0x0, 0x0, 0x0, 0x0, 0x0,
    0x0, 0xc0, 0xff, 0xff, 0xff, 0x74, 0x0, 0x60,
    0xff, 0xff, 0xff, 0xff, 0x35, 0x0, 0x0, 0x0,
    0x0, 0x0, 0x14, 0xf8, 0xff, 0xff, 0xff, 0x3b,
    0x0, 0x10, 0xf6, 0xff, 0xff, 0xff, 0xd9, 0x25,
    0x0, 0x0, 0x0, 0xa, 0xb3, 0xff, 0xff, 0xff,
    0xed, 0x7, 0x0, 0x0, 0x85, 0xff, 0xff, 0xff,
    0xff, 0xfe, 0xcb, 0xae, 0xb8, 0xef, 0xff, 0xff,
    0xff, 0xff, 0x82, 0x0, 0x0, 0x0, 0x7, 0xc5,
    0xff, 0xff, 0xff, 0xff, 0xff, 0xff, 0xff, 0xff,
    0xff, 0xff, 0xff, 0xd0, 0xa, 0x0, 0x0, 0x0,
    0x0, 0xc, 0xac, 0xff, 0xff, 0xff, 0xff, 0xff,
    0xff, 0xff, 0xff, 0xff, 0xc2, 0x16, 0x0, 0x0,
    0x0, 0x0, 0x0, 0x0, 0x0, 0x3c, 0x98, 0xd0,
    0xef, 0xfc, 0xf5, 0xdb, 0xa8, 0x51, 0x1, 0x0,
    0x0, 0x0,

    /* U+0044 "D" */
    0x7c, 0xff, 0xff, 0xff, 0xff, 0xff, 0xff, 0xfe,
    0xf5, 0xe4, 0xc0, 0x87, 0x32, 0x0, 0x0, 0x0,
    0x0, 0x0, 0x7c, 0xff, 0xff, 0xff, 0xff, 0xff,
    0xff, 0xff, 0xff, 0xff, 0xff, 0xff, 0xff, 0xb4,
    0x1a, 0x0, 0x0, 0x0, 0x7c, 0xff, 0xff, 0xff,
    0xff, 0xff, 0xff, 0xff, 0xff, 0xff, 0xff, 0xff,
    0xff, 0xff, 0xe1, 0x1c, 0x0, 0x0, 0x7c, 0xff,
    0xff, 0xff, 0xff, 0x76, 0x70, 0x71, 0x7e, 0xa4,
    0xee, 0xff, 0xff, 0xff, 0xff, 0xbc, 0x0, 0x0,
    0x7c, 0xff, 0xff, 0xff, 0xff, 0xc, 0x0, 0x0,
    0x0, 0x0, 0xe, 0xc5, 0xff, 0xff, 0xff, 0xff,
    0x3c, 0x0, 0x7c, 0xff, 0xff, 0xff, 0xff, 0xc,
    0x0, 0x0, 0x0, 0x0, 0x0, 0x1c, 0xfd, 0xff,
    0xff, 0xff, 0x94, 0x0, 0x7c, 0xff, 0xff, 0xff,
    0xff, 0xc, 0x0, 0x0, 0x0, 0x0, 0x0, 0x0,
    0xc2, 0xff, 0xff, 0xff, 0xd2, 0x0, 0x7c, 0xff,
    0xff, 0xff, 0xff, 0xc, 0x0, 0x0, 0x0, 0x0,
    0x0, 0x0, 0x99, 0xff, 0xff, 0xff, 0xfa, 0x2,
    0x7c, 0xff, 0xff, 0xff, 0xff, 0xc, 0x0, 0x0,
    0x0, 0x0, 0x0, 0x0, 0x7c, 0xff, 0xff, 0xff,
    0xff, 0x17, 0x7c, 0xff, 0xff, 0xff, 0xff, 0xc,
    0x0, 0x0, 0x0, 0x0, 0x0, 0x0, 0x72, 0xff,
    0xff, 0xff, 0xff, 0x22, 0x7c, 0xff, 0xff, 0xff,
    0xff, 0xc, 0x0, 0x0, 0x0, 0x0, 0x0, 0x0,
    0x69, 0xff, 0xff, 0xff, 0xff, 0x27, 0x7c, 0xff,
    0xff, 0xff, 0xff, 0xc, 0x0, 0x0, 0x0, 0x0,
    0x0, 0x0, 0x68, 0xff, 0xff, 0xff, 0xff, 0x28,
    0x7c, 0xff, 0xff, 0xff, 0xff, 0xc, 0x0, 0x0,
    0x0, 0x0, 0x0, 0x0, 0x68, 0xff, 0xff, 0xff,
    0xff, 0x28, 0x7c, 0xff, 0xff, 0xff, 0xff, 0xc,
    0x0, 0x0, 0x0, 0x0, 0x0, 0x0, 0x68, 0xff,
    0xff, 0xff, 0xff, 0x28, 0x7c, 0xff, 0xff, 0xff,
    0xff, 0xc, 0x0, 0x0, 0x0, 0x0, 0x0, 0x0,
    0x68, 0xff, 0xff, 0xff, 0xff, 0x28, 0x7c, 0xff,
    0xff, 0xff, 0xff, 0xc, 0x0, 0x0, 0x0, 0x0,
    0x0, 0x0, 0x68, 0xff, 0xff, 0xff, 0xff, 0x28,
    0x7c, 0xff, 0xff, 0xff, 0xff, 0xc, 0x0, 0x0,
    0x0, 0x0, 0x0, 0x0, 0x68, 0xff, 0xff, 0xff,
    0xff, 0x28, 0x7c, 0xff, 0xff, 0xff, 0xff, 0xc,
    0x0, 0x0, 0x0, 0x0, 0x0, 0x0, 0x68, 0xff,
    0xff, 0xff, 0xff, 0x28, 0x7c, 0xff, 0xff, 0xff,
    0xff, 0xc, 0x0, 0x0, 0x0, 0x0, 0x0, 0x0,
    0x68, 0xff, 0xff, 0xff, 0xff, 0x28, 0x7c, 0xff,
    0xff, 0xff, 0xff, 0xc, 0x0, 0x0, 0x0, 0x0,
    0x0, 0x0, 0x68, 0xff, 0xff, 0xff, 0xff, 0x28,
    0x7c, 0xff, 0xff, 0xff, 0xff, 0xc, 0x0, 0x0,
    0x0, 0x0, 0x0, 0x0, 0x68, 0xff, 0xff, 0xff,
    0xff, 0x28, 0x7c, 0xff, 0xff, 0xff, 0xff, 0xc,
    0x0, 0x0, 0x0, 0x0, 0x0, 0x0, 0x69, 0xff,
    0xff, 0xff, 0xff, 0x28, 0x7c, 0xff, 0xff, 0xff,
    0xff, 0xc, 0x0, 0x0, 0x0, 0x0, 0x0, 0x0,
    0x6f, 0xff, 0xff, 0xff, 0xff, 0x24, 0x7c, 0xff,
    0xff, 0xff, 0xff, 0xc, 0x0, 0x0, 0x0, 0x0,
    0x0, 0x0, 0x74, 0xff, 0xff, 0xff, 0xff, 0x1b,
    0x7c, 0xff, 0xff, 0xff, 0xff, 0xc, 0x0, 0x0,
    0x0, 0x0, 0x0, 0x0, 0x85, 0xff, 0xff, 0xff,
    0xff, 0x8, 0x7c, 0xff, 0xff, 0xff, 0xff, 0xc,
    0x0, 0x0, 0x0, 0x0, 0x0, 0x0, 0x99, 0xff,
    0xff, 0xff, 0xe7, 0x0, 0x7c, 0xff, 0xff, 0xff,
    0xff, 0xc, 0x0, 0x0, 0x0, 0x0, 0x0, 0x0,
    0xcb, 0xff, 0xff, 0xff, 0xb6, 0x0, 0x7c, 0xff,
    0xff, 0xff, 0xff, 0xc, 0x0, 0x0, 0x0, 0x0,
    0x0, 0x1c, 0xfc, 0xff, 0xff, 0xff, 0x70, 0x0,
    0x7c, 0xff, 0xff, 0xff, 0xff, 0xc, 0x0, 0x0,
    0x0, 0x0, 0x7, 0xbc, 0xff, 0xff, 0xff, 0xf8,
    0x18, 0x0, 0x7c, 0xff, 0xff, 0xff, 0xff, 0x58,
    0x50, 0x51, 0x5c, 0x85, 0xdd, 0xff, 0xff, 0xff,
    0xff, 0x8d, 0x0, 0x0, 0x7c, 0xff, 0xff, 0xff,
    0xff, 0xff, 0xff, 0xff, 0xff, 0xff, 0xff, 0xff,
    0xff, 0xff, 0xc4, 0x9, 0x0, 0x0, 0x7c, 0xff,
    0xff, 0xff, 0xff, 0xff, 0xff, 0xff, 0xff, 0xff,
    0xff, 0xff, 0xfe, 0xa0, 0xc, 0x0, 0x0, 0x0,
    0x7c, 0xff, 0xff, 0xff, 0xff, 0xff, 0xff, 0xff,
    0xfa, 0xea, 0xc4, 0x88, 0x2d, 0x0, 0x0, 0x0,
    0x0, 0x0,

    /* U+0045 "E" */
    0x7c, 0xff, 0xff, 0xff, 0xff, 0xff, 0xff, 0xff,
    0xff, 0xff, 0xff, 0xff, 0xff, 0x14, 0x7c, 0xff,
    0xff, 0xff, 0xff, 0xff, 0xff, 0xff, 0xff, 0xff,
    0xff, 0xff, 0xff, 0x14, 0x7c, 0xff, 0xff, 0xff,
    0xff, 0xff, 0xff, 0xff, 0xff, 0xff, 0xff, 0xff,
    0xff, 0x14, 0x7c, 0xff, 0xff, 0xff, 0xff, 0x76,
    0x70, 0x70, 0x70, 0x70, 0x70, 0x70, 0x70, 0x8,
    0x7c, 0xff, 0xff, 0xff, 0xff, 0xc, 0x0, 0x0,
    0x0, 0x0, 0x0, 0x0, 0x0, 0x0, 0x7c, 0xff,
    0xff, 0xff, 0xff, 0xc, 0x0, 0x0, 0x0, 0x0,
    0x0, 0x0, 0x0, 0x0, 0x7c, 0xff, 0xff, 0xff,
    0xff, 0xc, 0x0, 0x0, 0x0, 0x0, 0x0, 0x0,
    0x0, 0x0, 0x7c, 0xff, 0xff, 0xff, 0xff, 0xc,
    0x0, 0x0, 0x0, 0x0, 0x0, 0x0, 0x0, 0x0,
    0x7c, 0xff, 0xff, 0xff, 0xff, 0xc, 0x0, 0x0,
    0x0, 0x0, 0x0, 0x0, 0x0, 0x0, 0x7c, 0xff,
    0xff, 0xff, 0xff, 0xc, 0x0, 0x0, 0x0, 0x0,
    0x0, 0x0, 0x0, 0x0, 0x7c, 0xff, 0xff, 0xff,
    0xff, 0xc, 0x0, 0x0, 0x0, 0x0, 0x0, 0x0,
    0x0, 0x0, 0x7c, 0xff, 0xff, 0xff, 0xff, 0xc,
    0x0, 0x0, 0x0, 0x0, 0x0, 0x0, 0x0, 0x0,
    0x7c, 0xff, 0xff, 0xff, 0xff, 0xc, 0x0, 0x0,
    0x0, 0x0, 0x0, 0x0, 0x0, 0x0, 0x7c, 0xff,
    0xff, 0xff, 0xff, 0xc, 0x0, 0x0, 0x0, 0x0,
    0x0, 0x0, 0x0, 0x0, 0x7c, 0xff, 0xff, 0xff,
    0xff, 0xff, 0xff, 0xff, 0xff, 0xff, 0xff, 0x90,
    0x0, 0x0, 0x7c, 0xff, 0xff, 0xff, 0xff, 0xff,
    0xff, 0xff, 0xff, 0xff, 0xff, 0x90, 0x0, 0x0,
    0x7c, 0xff, 0xff, 0xff, 0xff, 0xff, 0xff, 0xff,
    0xff, 0xff, 0xff, 0x90, 0x0, 0x0, 0x7c, 0xff,
    0xff, 0xff, 0xff, 0x50, 0x48, 0x48, 0x48, 0x48,
    0x48, 0x28, 0x0, 0x0, 0x7c, 0xff, 0xff, 0xff,
    0xff, 0xc, 0x0, 0x0, 0x0, 0x0, 0x0, 0x0,
    0x0, 0x0, 0x7c, 0xff, 0xff, 0xff, 0xff, 0xc,
    0x0, 0x0, 0x0, 0x0, 0x0, 0x0, 0x0, 0x0,
    0x7c, 0xff, 0xff, 0xff, 0xff, 0xc, 0x0, 0x0,
    0x0, 0x0, 0x0, 0x0, 0x0, 0x0, 0x7c, 0xff,
    0xff, 0xff, 0xff, 0xc, 0x0, 0x0, 0x0, 0x0,
    0x0, 0x0, 0x0, 0x0, 0x7c, 0xff, 0xff, 0xff,
    0xff, 0xc, 0x0, 0x0, 0x0, 0x0, 0x0, 0x0,
    0x0, 0x0, 0x7c, 0xff, 0xff, 0xff, 0xff, 0xc,
    0x0, 0x0, 0x0, 0x0, 0x0, 0x0, 0x0, 0x0,
    0x7c, 0xff, 0xff, 0xff, 0xff, 0xc, 0x0, 0x0,
    0x0, 0x0, 0x0, 0x0, 0x0, 0x0, 0x7c, 0xff,
    0xff, 0xff, 0xff, 0xc, 0x0, 0x0, 0x0, 0x0,
    0x0, 0x0, 0x0, 0x0, 0x7c, 0xff, 0xff, 0xff,
    0xff, 0xc, 0x0, 0x0, 0x0, 0x0, 0x0, 0x0,
    0x0, 0x0, 0x7c, 0xff, 0xff, 0xff, 0xff, 0xc,
    0x0, 0x0, 0x0, 0x0, 0x0, 0x0, 0x0, 0x0,
    0x7c, 0xff, 0xff, 0xff, 0xff, 0xc, 0x0, 0x0,
    0x0, 0x0, 0x0, 0x0, 0x0, 0x0, 0x7c, 0xff,
    0xff, 0xff, 0xff, 0x58, 0x50, 0x50, 0x50, 0x50,
    0x50, 0x50, 0x50, 0xc, 0x7c, 0xff, 0xff, 0xff,
    0xff, 0xff, 0xff, 0xff, 0xff, 0xff, 0xff, 0xff,
    0xff, 0x28, 0x7c, 0xff, 0xff, 0xff, 0xff, 0xff,
    0xff, 0xff, 0xff, 0xff, 0xff, 0xff, 0xff, 0x28,
    0x7c, 0xff, 0xff, 0xff, 0xff, 0xff, 0xff, 0xff,
    0xff, 0xff, 0xff, 0xff, 0xff, 0x28,

    /* U+0046 "F" */
    0x7c, 0xff, 0xff, 0xff, 0xff, 0xff, 0xff, 0xff,
    0xff, 0xff, 0xff, 0xff, 0xff, 0xc, 0x7c, 0xff,
    0xff, 0xff, 0xff, 0xff, 0xff, 0xff, 0xff, 0xff,
    0xff, 0xff, 0xff, 0xc, 0x7c, 0xff, 0xff, 0xff,
    0xff, 0xff, 0xff, 0xff, 0xff, 0xff, 0xff, 0xff,
    0xff, 0xc, 0x7c, 0xff, 0xff, 0xff, 0xff, 0x58,
    0x50, 0x50, 0x50, 0x50, 0x50, 0x50, 0x50, 0x3,
    0x7c, 0xff, 0xff, 0xff, 0xff, 0xc, 0x0, 0x0,
    0x0, 0x0, 0x0, 0x0, 0x0, 0x0, 0x7c, 0xff,
    0xff, 0xff, 0xff, 0xc, 0x0, 0x0, 0x0, 0x0,
    0x0, 0x0, 0x0, 0x0, 0x7c, 0xff, 0xff, 0xff,
    0xff, 0xc, 0x0, 0x0, 0x0, 0x0, 0x0, 0x0,
    0x0, 0x0, 0x7c, 0xff, 0xff, 0xff, 0xff, 0xc,
    0x0, 0x0, 0x0, 0x0, 0x0, 0x0, 0x0, 0x0,
    0x7c, 0xff, 0xff, 0xff, 0xff, 0xc, 0x0, 0x0,
    0x0, 0x0, 0x0, 0x0, 0x0, 0x0, 0x7c, 0xff,
    0xff, 0xff, 0xff, 0xc, 0x0, 0x0, 0x0, 0x0,
    0x0, 0x0, 0x0, 0x0, 0x7c, 0xff, 0xff, 0xff,
    0xff, 0xc, 0x0, 0x0, 0x0, 0x0, 0x0, 0x0,
    0x0, 0x0, 0x7c, 0xff, 0xff, 0xff, 0xff, 0xc,
    0x0, 0x0, 0x0, 0x0, 0x0, 0x0, 0x0, 0x0,
    0x7c, 0xff, 0xff, 0xff, 0xff, 0xc, 0x0, 0x0,
    0x0, 0x0, 0x0, 0x0, 0x0, 0x0, 0x7c, 0xff,
    0xff, 0xff, 0xff, 0xc, 0x0, 0x0, 0x0, 0x0,
    0x0, 0x0, 0x0, 0x0, 0x7c, 0xff, 0xff, 0xff,
    0xff, 0xff, 0xff, 0xff, 0xff, 0xff, 0xff, 0x3c,
    0x0, 0x0, 0x7c, 0xff, 0xff, 0xff, 0xff, 0xff,
    0xff, 0xff, 0xff, 0xff, 0xff, 0x3c, 0x0, 0x0,
    0x7c, 0xff, 0xff, 0xff, 0xff, 0xff, 0xff, 0xff,
    0xff, 0xff, 0xff, 0x3c, 0x0, 0x0, 0x7c, 0xff,
    0xff, 0xff, 0xff, 0x4c, 0x44, 0x44, 0x44, 0x44,
    0x44, 0xf, 0x0, 0x0, 0x7c, 0xff, 0xff, 0xff,
    0xff, 0xc, 0x0, 0x0, 0x0, 0x0, 0x0, 0x0,
    0x0, 0x0, 0x7c, 0xff, 0xff, 0xff, 0xff, 0xc,
    0x0, 0x0, 0x0, 0x0, 0x0, 0x0, 0x0, 0x0,
    0x7c, 0xff, 0xff, 0xff, 0xff, 0xc, 0x0, 0x0,
    0x0, 0x0, 0x0, 0x0, 0x0, 0x0, 0x7c, 0xff,
    0xff, 0xff, 0xff, 0xc, 0x0, 0x0, 0x0, 0x0,
    0x0, 0x0, 0x0, 0x0, 0x7c, 0xff, 0xff, 0xff,
    0xff, 0xc, 0x0, 0x0, 0x0, 0x0, 0x0, 0x0,
    0x0, 0x0, 0x7c, 0xff, 0xff, 0xff, 0xff, 0xc,
    0x0, 0x0, 0x0, 0x0, 0x0, 0x0, 0x0, 0x0,
    0x7c, 0xff, 0xff, 0xff, 0xff, 0xc, 0x0, 0x0,
    0x0, 0x0, 0x0, 0x0, 0x0, 0x0, 0x7c, 0xff,
    0xff, 0xff, 0xff, 0xc, 0x0, 0x0, 0x0, 0x0,
    0x0, 0x0, 0x0, 0x0, 0x7c, 0xff, 0xff, 0xff,
    0xff, 0xc, 0x0, 0x0, 0x0, 0x0, 0x0, 0x0,
    0x0, 0x0, 0x7c, 0xff, 0xff, 0xff, 0xff, 0xc,
    0x0, 0x0, 0x0, 0x0, 0x0, 0x0, 0x0, 0x0,
    0x7c, 0xff, 0xff, 0xff, 0xff, 0xc, 0x0, 0x0,
    0x0, 0x0, 0x0, 0x0, 0x0, 0x0, 0x7c, 0xff,
    0xff, 0xff, 0xff, 0xc, 0x0, 0x0, 0x0, 0x0,
    0x0, 0x0, 0x0, 0x0, 0x7c, 0xff, 0xff, 0xff,
    0xff, 0xc, 0x0, 0x0, 0x0, 0x0, 0x0, 0x0,
    0x0, 0x0, 0x7c, 0xff, 0xff, 0xff, 0xff, 0xc,
    0x0, 0x0, 0x0, 0x0, 0x0, 0x0, 0x0, 0x0,
    0x7c, 0xff, 0xff, 0xff, 0xff, 0xc, 0x0, 0x0,
    0x0, 0x0, 0x0, 0x0, 0x0, 0x0,

    /* U+0047 "G" */
    0x0, 0x0, 0x0, 0x0, 0x0, 0x4a, 0xa0, 0xd3,
    0xf0, 0xfc, 0xf5, 0xde, 0xb2, 0x6a, 0xd, 0x0,
    0x0, 0x0, 0x0, 0x0, 0x0, 0x0, 0x1b, 0xc4,
    0xff, 0xff, 0xff, 0xff, 0xff, 0xff, 0xff, 0xff,
    0xff, 0xeb, 0x4e, 0x0, 0x0, 0x0, 0x0, 0x0,
    0x13, 0xdd, 0xff, 0xff, 0xff, 0xff, 0xff, 0xff,
    0xff, 0xff, 0xff, 0xff, 0xff, 0xfc, 0x4a, 0x0,
    0x0, 0x0, 0x0, 0xa2, 0xff, 0xff, 0xff, 0xff,
    0xf6, 0xba, 0xa1, 0xb1, 0xde, 0xff, 0xff, 0xff,
    0xff, 0xe5, 0x8, 0x0, 0x0, 0x1c, 0xfd, 0xff,
    0xff, 0xff, 0xcd, 0x17, 0x0, 0x0, 0x0, 0x1,
    0x6a, 0xff, 0xff, 0xff, 0xff, 0x5c, 0x0, 0x0,
    0x6e, 0xff, 0xff, 0xff, 0xfe, 0x27, 0x0, 0x0,
    0x0, 0x0, 0x0, 0x0, 0xb9, 0xff, 0xff, 0xff,
    0xa6, 0x0, 0x0, 0xab, 0xff, 0xff, 0xff, 0xcb,
    0x0, 0x0, 0x0, 0x0, 0x0, 0x0, 0x0, 0x6e,
    0xff, 0xff, 0xff, 0xd9, 0x0, 0x0, 0xd5, 0xff,
    0xff, 0xff, 0x9a, 0x0, 0x0, 0x0, 0x0, 0x0,
    0x0, 0x0, 0x4b, 0xff, 0xff, 0xff, 0xf7, 0x0,
    0x0, 0xf3, 0xff, 0xff, 0xff, 0x82, 0x0, 0x0,
    0x0, 0x0, 0x0, 0x0, 0x0, 0x3d, 0xff, 0xff,
    0xff, 0xff, 0x5, 0x7, 0xff, 0xff, 0xff, 0xff,
    0x77, 0x0, 0x0, 0x0, 0x0, 0x0, 0x0, 0x0,
    0x34, 0xff, 0xff, 0xff, 0xff, 0xb, 0x10, 0xff,
    0xff, 0xff, 0xff, 0x71, 0x0, 0x0, 0x0, 0x0,
    0x0, 0x0, 0x0, 0x11, 0x58, 0x58, 0x58, 0x58,
    0x4, 0x13, 0xff, 0xff, 0xff, 0xff, 0x70, 0x0,
    0x0, 0x0, 0x0, 0x0, 0x0, 0x0, 0x0, 0x0,
    0x0, 0x0, 0x0, 0x0, 0x14, 0xff, 0xff, 0xff,
    0xff, 0x70, 0x0, 0x0, 0x0, 0x0, 0x0, 0x0,
    0x0, 0x0, 0x0, 0x0, 0x0, 0x0, 0x0, 0x14,
    0xff, 0xff, 0xff, 0xff, 0x70, 0x0, 0x0, 0x0,
    0x0, 0x0, 0x0, 0x0, 0x0, 0x0, 0x0, 0x0,
    0x0, 0x0, 0x14, 0xff, 0xff, 0xff, 0xff, 0x70,
    0x0, 0x0, 0x0, 0x0, 0x0, 0x0, 0x0, 0x0,
    0x0, 0x0, 0x0, 0x0, 0x0, 0x14, 0xff, 0xff,
    0xff, 0xff, 0x70, 0x0, 0x0, 0x0, 0x0, 0x0,
    0x0, 0x0, 0x0, 0x0, 0x0, 0x0, 0x0, 0x0,
    0x14, 0xff, 0xff, 0xff, 0xff, 0x70, 0x0, 0x0,
    0x0, 0x0, 0xec, 0xff, 0xff, 0xff, 0xff, 0xff,
    0xff, 0xff, 0x48, 0x14, 0xff, 0xff, 0xff, 0xff,
    0x70, 0x0, 0x0, 0x0, 0x0, 0xec, 0xff, 0xff,
    0xff, 0xff, 0xff, 0xff, 0xff, 0x48, 0x14, 0xff,
    0xff, 0xff, 0xff, 0x70, 0x0, 0x0, 0x0, 0x0,
    0xec, 0xff, 0xff, 0xff, 0xff, 0xff, 0xff, 0xff,
    0x48, 0x14, 0xff, 0xff, 0xff, 0xff, 0x70, 0x0,
    0x0, 0x0, 0x0, 0x42, 0x48, 0x48, 0x48, 0xda,
    0xff, 0xff, 0xff, 0x48, 0x14, 0xff, 0xff, 0xff,
    0xff, 0x70, 0x0, 0x0, 0x0, 0x0, 0x0, 0x0,
    0x0, 0x0, 0xcc, 0xff, 0xff, 0xff, 0x48, 0x14,
    0xff, 0xff, 0xff, 0xff, 0x70, 0x0, 0x0, 0x0,
    0x0, 0x0, 0x0, 0x0, 0x0, 0xcc, 0xff, 0xff,
    0xff, 0x48, 0xc, 0xff, 0xff, 0xff, 0xff, 0x71,
    0x0, 0x0, 0x0, 0x0, 0x0, 0x0, 0x0, 0x0,
    0xd5, 0xff, 0xff, 0xff, 0x48, 0x0, 0xfb, 0xff,
    0xff, 0xff, 0x7b, 0x0, 0x0, 0x0, 0x0, 0x0,
    0x0, 0x0, 0x0, 0xde, 0xff, 0xff, 0xff, 0x48,
    0x0, 0xec, 0xff, 0xff, 0xff, 0x88, 0x0, 0x0,
    0x0, 0x0, 0x0, 0x0, 0x0, 0x1, 0xf6, 0xff,
    0xff, 0xff, 0x48, 0x0, 0xcf, 0xff, 0xff, 0xff,
    0xaa, 0x0, 0x0, 0x0, 0x0, 0x0, 0x0, 0x0,
    0x1c, 0xff, 0xff, 0xff, 0xff, 0x48, 0x0, 0x97,
    0xff, 0xff, 0xff, 0xde, 0x0, 0x0, 0x0, 0x0,
    0x0, 0x0, 0x0, 0x60, 0xff, 0xff, 0xff, 0xff,
    0x48, 0x0, 0x5d, 0xff, 0xff, 0xff, 0xff, 0x45,
    0x0, 0x0, 0x0, 0x0, 0x0, 0x4, 0xc9, 0xff,
    0xff, 0xff, 0xff, 0x48, 0x0, 0x12, 0xf7, 0xff,
    0xff, 0xff, 0xe7, 0x3c, 0x0, 0x0, 0x0, 0x10,
    0xa0, 0xff, 0xfc, 0xff, 0xff, 0xff, 0x48, 0x0,
    0x0, 0x8e, 0xff, 0xff, 0xff, 0xff, 0xff, 0xda,
    0xba, 0xc9, 0xf3, 0xff, 0xff, 0xa4, 0xed, 0xff,
    0xff, 0x48, 0x0, 0x0, 0xc, 0xd2, 0xff, 0xff,
    0xff, 0xff, 0xff, 0xff, 0xff, 0xff, 0xff, 0xf2,
    0x26, 0xd2, 0xff, 0xff, 0x48, 0x0, 0x0, 0x0,
    0x16, 0xc0, 0xff, 0xff, 0xff, 0xff, 0xff, 0xff,
    0xff, 0xf9, 0x48, 0x0, 0xb8, 0xff, 0xff, 0x48,
    0x0, 0x0, 0x0, 0x0, 0x0, 0x4e, 0xa7, 0xdd,
    0xf6, 0xfb, 0xe3, 0xa3, 0x2d, 0x0, 0x0, 0x9d,
    0xff, 0xff, 0x48,

    /* U+0048 "H" */
    0x7c, 0xff, 0xff, 0xff, 0xff, 0xc, 0x0, 0x0,
    0x0, 0x0, 0x0, 0x0, 0x0, 0xa4, 0xff, 0xff,
    0xff, 0xe0, 0x7c, 0xff, 0xff, 0xff, 0xff, 0xc,
    0x0, 0x0, 0x0, 0x0, 0x0, 0x0, 0x0, 0xa4,
    0xff, 0xff, 0xff, 0xe0, 0x7c, 0xff, 0xff, 0xff,
    0xff, 0xc, 0x0, 0x0, 0x0, 0x0, 0x0, 0x0,
    0x0, 0xa4, 0xff, 0xff, 0xff, 0xe0, 0x7c, 0xff,
    0xff, 0xff, 0xff, 0xc, 0x0, 0x0, 0x0, 0x0,
    0x0, 0x0, 0x0, 0xa4, 0xff, 0xff, 0xff, 0xe0,
    0x7c, 0xff, 0xff, 0xff, 0xff, 0xc, 0x0, 0x0,
    0x0, 0x0, 0x0, 0x0, 0x0, 0xa4, 0xff, 0xff,
    0xff, 0xe0, 0x7c, 0xff, 0xff, 0xff, 0xff, 0xc,
    0x0, 0x0, 0x0, 0x0, 0x0, 0x0, 0x0, 0xa4,
    0xff, 0xff, 0xff, 0xe0, 0x7c, 0xff, 0xff, 0xff,
    0xff, 0xc, 0x0, 0x0, 0x0, 0x0, 0x0, 0x0,
    0x0, 0xa4, 0xff, 0xff, 0xff, 0xe0, 0x7c, 0xff,
    0xff, 0xff, 0xff, 0xc, 0x0, 0x0, 0x0, 0x0,
    0x0, 0x0, 0x0, 0xa4, 0xff, 0xff, 0xff, 0xe0,
    0x7c, 0xff, 0xff, 0xff, 0xff, 0xc, 0x0, 0x0,
    0x0, 0x0, 0x0, 0x0, 0x0, 0xa4, 0xff, 0xff,
    0xff, 0xe0, 0x7c, 0xff, 0xff, 0xff, 0xff, 0xc,
    0x0, 0x0, 0x0, 0x0, 0x0, 0x0, 0x0, 0xa4,
    0xff, 0xff, 0xff, 0xe0, 0x7c, 0xff, 0xff, 0xff,
    0xff, 0xc, 0x0, 0x0, 0x0, 0x0, 0x0, 0x0,
    0x0, 0xa4, 0xff, 0xff, 0xff, 0xe0, 0x7c, 0xff,
    0xff, 0xff, 0xff, 0xc, 0x0, 0x0, 0x0, 0x0,
    0x0, 0x0, 0x0, 0xa4, 0xff, 0xff, 0xff, 0xe0,
    0x7c, 0xff, 0xff, 0xff, 0xff, 0xc, 0x0, 0x0,
    0x0, 0x0, 0x0, 0x0, 0x0, 0xa4, 0xff, 0xff,
    0xff, 0xe0, 0x7c, 0xff, 0xff, 0xff, 0xff, 0xc,
    0x0, 0x0, 0x0, 0x0, 0x0, 0x0, 0x0, 0xa4,
    0xff, 0xff, 0xff, 0xe0, 0x7c, 0xff, 0xff, 0xff,
    0xff, 0xff, 0xff, 0xff, 0xff, 0xff, 0xff, 0xff,
    0xff, 0xff, 0xff, 0xff, 0xff, 0xe0, 0x7c, 0xff,
    0xff, 0xff, 0xff, 0xff, 0xff, 0xff, 0xff, 0xff,
    0xff, 0xff, 0xff, 0xff, 0xff, 0xff, 0xff, 0xe0,
    0x7c, 0xff, 0xff, 0xff, 0xff, 0xff, 0xff, 0xff,
    0xff, 0xff, 0xff, 0xff, 0xff, 0xff, 0xff, 0xff,
    0xff, 0xe0, 0x7c, 0xff, 0xff, 0xff, 0xff, 0x58,
    0x50, 0x50, 0x50, 0x50, 0x50, 0x50, 0x50, 0xc0,
    0xff, 0xff, 0xff, 0xe0, 0x7c, 0xff, 0xff, 0xff,
    0xff, 0xc, 0x0, 0x0, 0x0, 0x0, 0x0, 0x0,
    0x0, 0xa4, 0xff, 0xff, 0xff, 0xe0, 0x7c, 0xff,
    0xff, 0xff, 0xff, 0xc, 0x0, 0x0, 0x0, 0x0,
    0x0, 0x0, 0x0, 0xa4, 0xff, 0xff, 0xff, 0xe0,
    0x7c, 0xff, 0xff, 0xff, 0xff, 0xc, 0x0, 0x0,
    0x0, 0x0, 0x0, 0x0, 0x0, 0xa4, 0xff, 0xff,
    0xff, 0xe0, 0x7c, 0xff, 0xff, 0xff, 0xff, 0xc,
    0x0, 0x0, 0x0, 0x0, 0x0, 0x0, 0x0, 0xa4,
    0xff, 0xff, 0xff, 0xe0, 0x7c, 0xff, 0xff, 0xff,
    0xff, 0xc, 0x0, 0x0, 0x0, 0x0, 0x0, 0x0,
    0x0, 0xa4, 0xff, 0xff, 0xff, 0xe0, 0x7c, 0xff,
    0xff, 0xff, 0xff, 0xc, 0x0, 0x0, 0x0, 0x0,
    0x0, 0x0, 0x0, 0xa4, 0xff, 0xff, 0xff, 0xe0,
    0x7c, 0xff, 0xff, 0xff, 0xff, 0xc, 0x0, 0x0,
    0x0, 0x0, 0x0, 0x0, 0x0, 0xa4, 0xff, 0xff,
    0xff, 0xe0, 0x7c, 0xff, 0xff, 0xff, 0xff, 0xc,
    0x0, 0x0, 0x0, 0x0, 0x0, 0x0, 0x0, 0xa4,
    0xff, 0xff, 0xff, 0xe0, 0x7c, 0xff, 0xff, 0xff,
    0xff, 0xc, 0x0, 0x0, 0x0, 0x0, 0x0, 0x0,
    0x0, 0xa4, 0xff, 0xff, 0xff, 0xe0, 0x7c, 0xff,
    0xff, 0xff, 0xff, 0xc, 0x0, 0x0, 0x0, 0x0,
    0x0, 0x0, 0x0, 0xa4, 0xff, 0xff, 0xff, 0xe0,
    0x7c, 0xff, 0xff, 0xff, 0xff, 0xc, 0x0, 0x0,
    0x0, 0x0, 0x0, 0x0, 0x0, 0xa4, 0xff, 0xff,
    0xff, 0xe0, 0x7c, 0xff, 0xff, 0xff, 0xff, 0xc,
    0x0, 0x0, 0x0, 0x0, 0x0, 0x0, 0x0, 0xa4,
    0xff, 0xff, 0xff, 0xe0, 0x7c, 0xff, 0xff, 0xff,
    0xff, 0xc, 0x0, 0x0, 0x0, 0x0, 0x0, 0x0,
    0x0, 0xa4, 0xff, 0xff, 0xff, 0xe0, 0x7c, 0xff,
    0xff, 0xff, 0xff, 0xc, 0x0, 0x0, 0x0, 0x0,
    0x0, 0x0, 0x0, 0xa4, 0xff, 0xff, 0xff, 0xe0,
    0x7c, 0xff, 0xff, 0xff, 0xff, 0xc, 0x0, 0x0,
    0x0, 0x0, 0x0, 0x0, 0x0, 0xa4, 0xff, 0xff,
    0xff, 0xe0,

    /* U+0049 "I" */
    0x3c, 0xff, 0xff, 0xff, 0xff, 0x34, 0x3c, 0xff,
    0xff, 0xff, 0xff, 0x34, 0x3c, 0xff, 0xff, 0xff,
    0xff, 0x34, 0x3c, 0xff, 0xff, 0xff, 0xff, 0x34,
    0x3c, 0xff, 0xff, 0xff, 0xff, 0x34, 0x3c, 0xff,
    0xff, 0xff, 0xff, 0x34, 0x3c, 0xff, 0xff, 0xff,
    0xff, 0x34, 0x3c, 0xff, 0xff, 0xff, 0xff, 0x34,
    0x3c, 0xff, 0xff, 0xff, 0xff, 0x34, 0x3c, 0xff,
    0xff, 0xff, 0xff, 0x34, 0x3c, 0xff, 0xff, 0xff,
    0xff, 0x34, 0x3c, 0xff, 0xff, 0xff, 0xff, 0x34,
    0x3c, 0xff, 0xff, 0xff, 0xff, 0x34, 0x3c, 0xff,
    0xff, 0xff, 0xff, 0x34, 0x3c, 0xff, 0xff, 0xff,
    0xff, 0x34, 0x3c, 0xff, 0xff, 0xff, 0xff, 0x34,
    0x3c, 0xff, 0xff, 0xff, 0xff, 0x34, 0x3c, 0xff,
    0xff, 0xff, 0xff, 0x34, 0x3c, 0xff, 0xff, 0xff,
    0xff, 0x34, 0x3c, 0xff, 0xff, 0xff, 0xff, 0x34,
    0x3c, 0xff, 0xff, 0xff, 0xff, 0x34, 0x3c, 0xff,
    0xff, 0xff, 0xff, 0x34, 0x3c, 0xff, 0xff, 0xff,
    0xff, 0x34, 0x3c, 0xff, 0xff, 0xff, 0xff, 0x34,
    0x3c, 0xff, 0xff, 0xff, 0xff, 0x34, 0x3c, 0xff,
    0xff, 0xff, 0xff, 0x34, 0x3c, 0xff, 0xff, 0xff,
    0xff, 0x34, 0x3c, 0xff, 0xff, 0xff, 0xff, 0x34,
    0x3c, 0xff, 0xff, 0xff, 0xff, 0x34, 0x3c, 0xff,
    0xff, 0xff, 0xff, 0x34, 0x3c, 0xff, 0xff, 0xff,
    0xff, 0x34, 0x3c, 0xff, 0xff, 0xff, 0xff, 0x34,
    0x3c, 0xff, 0xff, 0xff, 0xff, 0x34,

    /* U+004A "J" */
    0x0, 0x0, 0x0, 0x0, 0x0, 0xff, 0xff, 0xff,
    0xff, 0x7c, 0x0, 0x0, 0x0, 0x0, 0x0, 0xff,
    0xff, 0xff, 0xff, 0x7c, 0x0, 0x0, 0x0, 0x0,
    0x0, 0xff, 0xff, 0xff, 0xff, 0x7c, 0x0, 0x0,
    0x0, 0x0, 0x0, 0xff, 0xff, 0xff, 0xff, 0x7c,
    0x0, 0x0, 0x0, 0x0, 0x0, 0xff, 0xff, 0xff,
    0xff, 0x7c, 0x0, 0x0, 0x0, 0x0, 0x0, 0xff,
    0xff, 0xff, 0xff, 0x7c, 0x0, 0x0, 0x0, 0x0,
    0x0, 0xff, 0xff, 0xff, 0xff, 0x7c, 0x0, 0x0,
    0x0, 0x0, 0x0, 0xff, 0xff, 0xff, 0xff, 0x7c,
    0x0, 0x0, 0x0, 0x0, 0x0, 0xff, 0xff, 0xff,
    0xff, 0x7c, 0x0, 0x0, 0x0, 0x0, 0x0, 0xff,
    0xff, 0xff, 0xff, 0x7c, 0x0, 0x0, 0x0, 0x0,
    0x0, 0xff, 0xff, 0xff, 0xff, 0x7c, 0x0, 0x0,
    0x0, 0x0, 0x0, 0xff, 0xff, 0xff, 0xff, 0x7c,
    0x0, 0x0, 0x0, 0x0, 0x0, 0xff, 0xff, 0xff,
    0xff, 0x7c, 0x0, 0x0, 0x0, 0x0, 0x0, 0xff,
    0xff, 0xff, 0xff, 0x7c, 0x0, 0x0, 0x0, 0x0,
    0x0, 0xff, 0xff, 0xff, 0xff, 0x7c, 0x0, 0x0,
    0x0, 0x0, 0x0, 0xff, 0xff, 0xff, 0xff, 0x7c,
    0x0, 0x0, 0x0, 0x0, 0x0, 0xff, 0xff, 0xff,
    0xff, 0x7c, 0x0, 0x0, 0x0, 0x0, 0x0, 0xff,
    0xff, 0xff, 0xff, 0x7c, 0x0, 0x0, 0x0, 0x0,
    0x0, 0xff, 0xff, 0xff, 0xff, 0x7c, 0x0, 0x0,
    0x0, 0x0, 0x0, 0xff, 0xff, 0xff, 0xff, 0x7c,
    0x0, 0x0, 0x0, 0x0, 0x0, 0xff, 0xff, 0xff,
    0xff, 0x7c, 0x0, 0x0, 0x0, 0x0, 0x0, 0xff,
    0xff, 0xff, 0xff, 0x7c, 0x0, 0x0, 0x0, 0x0,
    0x0, 0xff, 0xff, 0xff, 0xff, 0x7c, 0x0, 0x0,
    0x0, 0x0, 0x0, 0xff, 0xff, 0xff, 0xff, 0x7c,
    0x0, 0x0, 0x0, 0x0, 0x0, 0xff, 0xff, 0xff,
    0xff, 0x7b, 0x0, 0x0, 0x0, 0x0, 0x7, 0xff,
    0xff, 0xff, 0xff, 0x77, 0x0, 0x0, 0x0, 0x0,
    0x19, 0xff, 0xff, 0xff, 0xff, 0x6b, 0x0, 0x0,
    0x0, 0x0, 0x48, 0xff, 0xff, 0xff, 0xff, 0x51,
    0x0, 0x0, 0x0, 0x4, 0xba, 0xff, 0xff, 0xff,
    0xff, 0x24, 0x3e, 0x60, 0x80, 0xd4, 0xff, 0xff,
    0xff, 0xff, 0xd9, 0x0, 0xb8, 0xff, 0xff, 0xff,
    0xff, 0xff, 0xff, 0xff, 0x58, 0x0, 0xb8, 0xff,
    0xff, 0xff, 0xff, 0xff, 0xff, 0x84, 0x1, 0x0,
    0xb8, 0xff, 0xfe, 0xf5, 0xd8, 0xa1, 0x3e, 0x0,
    0x0, 0x0,

    /* U+004B "K" */
    0x7c, 0xff, 0xff, 0xff, 0xff, 0xc, 0x0, 0x0,
    0x0, 0x0, 0x0, 0x0, 0xc2, 0xff, 0xff, 0xff,
    0x77, 0x0, 0x7c, 0xff, 0xff, 0xff, 0xff, 0xc,
    0x0, 0x0, 0x0, 0x0, 0x0, 0x3b, 0xff, 0xff,
    0xff, 0xf5, 0x11, 0x0, 0x7c, 0xff, 0xff, 0xff,
    0xff, 0xc, 0x0, 0x0, 0x0, 0x0, 0x0, 0xb6,
    0xff, 0xff, 0xff, 0x95, 0x0, 0x0, 0x7c, 0xff,
    0xff, 0xff, 0xff, 0xc, 0x0, 0x0, 0x0, 0x0,
    0x30, 0xff, 0xff, 0xff, 0xfe, 0x26, 0x0, 0x0,
    0x7c, 0xff, 0xff, 0xff, 0xff, 0xc, 0x0, 0x0,
    0x0, 0x0, 0xab, 0xff, 0xff, 0xff, 0xb4, 0x0,
    0x0, 0x0, 0x7c, 0xff, 0xff, 0xff, 0xff, 0xc,
    0x0, 0x0, 0x0, 0x27, 0xfd, 0xff, 0xff, 0xff,
    0x43, 0x0, 0x0, 0x0, 0x7c, 0xff, 0xff, 0xff,
    0xff, 0xc, 0x0, 0x0, 0x0, 0xa0, 0xff, 0xff,
    0xff, 0xd2, 0x0, 0x0, 0x0, 0x0, 0x7c, 0xff,
    0xff, 0xff, 0xff, 0xc, 0x0, 0x0, 0x1e, 0xfa,
    0xff, 0xff, 0xff, 0x62, 0x0, 0x0, 0x0, 0x0,
    0x7c, 0xff, 0xff, 0xff, 0xff, 0xc, 0x0, 0x0,
    0x94, 0xff, 0xff, 0xff, 0xe9, 0x7, 0x0, 0x0,
    0x0, 0x0, 0x7c, 0xff, 0xff, 0xff, 0xff, 0xc,
    0x0, 0x17, 0xf7, 0xff, 0xff, 0xff, 0x80, 0x0,
    0x0, 0x0, 0x0, 0x0, 0x7c, 0xff, 0xff, 0xff,
    0xff, 0xc, 0x0, 0x89, 0xff, 0xff, 0xff, 0xf8,
    0x17, 0x0, 0x0, 0x0, 0x0, 0x0, 0x7c, 0xff,
    0xff, 0xff, 0xff, 0xc, 0x11, 0xf2, 0xff, 0xff,
    0xff, 0x9f, 0x0, 0x0, 0x0, 0x0, 0x0, 0x0,
    0x7c, 0xff, 0xff, 0xff, 0xff, 0xc, 0x7e, 0xff,
    0xff, 0xff, 0xff, 0x2f, 0x0, 0x0, 0x0, 0x0,
    0x0, 0x0, 0x7c, 0xff, 0xff, 0xff, 0xff, 0x17,
    0xec, 0xff, 0xff, 0xff, 0xbd, 0x0, 0x0, 0x0,
    0x0, 0x0, 0x0, 0x0, 0x7c, 0xff, 0xff, 0xff,
    0xff, 0x7e, 0xff, 0xff, 0xff, 0xff, 0x63, 0x0,
    0x0, 0x0, 0x0, 0x0, 0x0, 0x0, 0x7c, 0xff,
    0xff, 0xff, 0xff, 0xec, 0xff, 0xff, 0xff, 0xff,
    0xa9, 0x0, 0x0, 0x0, 0x0, 0x0, 0x0, 0x0,
    0x7c, 0xff, 0xff, 0xff, 0xff, 0xff, 0xff, 0xff,
    0xff, 0xff, 0xfa, 0x17, 0x0, 0x0, 0x0, 0x0,
    0x0, 0x0, 0x7c, 0xff, 0xff, 0xff, 0xff, 0xff,
    0xfb, 0xe8, 0xff, 0xff, 0xff, 0x78, 0x0, 0x0,
    0x0, 0x0, 0x0, 0x0, 0x7c, 0xff, 0xff, 0xff,
    0xff, 0xff, 0x96, 0x7c, 0xff, 0xff, 0xff, 0xdd,
    0x1, 0x0, 0x0, 0x0, 0x0, 0x0, 0x7c, 0xff,
    0xff, 0xff, 0xff, 0xf4, 0x17, 0x19, 0xfb, 0xff,
    0xff, 0xff, 0x46, 0x0, 0x0, 0x0, 0x0, 0x0,
    0x7c, 0xff, 0xff, 0xff, 0xff, 0x80, 0x0, 0x0,
    0xaf, 0xff, 0xff, 0xff, 0xad, 0x0, 0x0, 0x0,
    0x0, 0x0, 0x7c, 0xff, 0xff, 0xff, 0xff, 0x14,
    0x0, 0x0, 0x49, 0xff, 0xff, 0xff, 0xfb, 0x19,
    0x0, 0x0, 0x0, 0x0, 0x7c, 0xff, 0xff, 0xff,
    0xff, 0xc, 0x0, 0x0, 0x2, 0xe0, 0xff, 0xff,
    0xff, 0x7c, 0x0, 0x0, 0x0, 0x0, 0x7c, 0xff,
    0xff, 0xff, 0xff, 0xc, 0x0, 0x0, 0x0, 0x7c,
    0xff, 0xff, 0xff, 0xe0, 0x2, 0x0, 0x0, 0x0,
    0x7c, 0xff, 0xff, 0xff, 0xff, 0xc, 0x0, 0x0,
    0x0, 0x19, 0xfb, 0xff, 0xff, 0xff, 0x4a, 0x0,
    0x0, 0x0, 0x7c, 0xff, 0xff, 0xff, 0xff, 0xc,
    0x0, 0x0, 0x0, 0x0, 0xb0, 0xff, 0xff, 0xff,
    0xb1, 0x0, 0x0, 0x0, 0x7c, 0xff, 0xff, 0xff,
    0xff, 0xc, 0x0, 0x0, 0x0, 0x0, 0x49, 0xff,
    0xff, 0xff, 0xfc, 0x1c, 0x0, 0x0, 0x7c, 0xff,
    0xff, 0xff, 0xff, 0xc, 0x0, 0x0, 0x0, 0x0,
    0x2, 0xe0, 0xff, 0xff, 0xff, 0x80, 0x0, 0x0,
    0x7c, 0xff, 0xff, 0xff, 0xff, 0xc, 0x0, 0x0,
    0x0, 0x0, 0x0, 0x7d, 0xff, 0xff, 0xff, 0xe3,
    0x3, 0x0, 0x7c, 0xff, 0xff, 0xff, 0xff, 0xc,
    0x0, 0x0, 0x0, 0x0, 0x0, 0x1a, 0xfb, 0xff,
    0xff, 0xff, 0x4e, 0x0, 0x7c, 0xff, 0xff, 0xff,
    0xff, 0xc, 0x0, 0x0, 0x0, 0x0, 0x0, 0x0,
    0xb0, 0xff, 0xff, 0xff, 0xb5, 0x0, 0x7c, 0xff,
    0xff, 0xff, 0xff, 0xc, 0x0, 0x0, 0x0, 0x0,
    0x0, 0x0, 0x4a, 0xff, 0xff, 0xff, 0xfd, 0x1f,
    0x7c, 0xff, 0xff, 0xff, 0xff, 0xc, 0x0, 0x0,
    0x0, 0x0, 0x0, 0x0, 0x2, 0xe0, 0xff, 0xff,
    0xff, 0x84,

    /* U+004C "L" */
    0x7c, 0xff, 0xff, 0xff, 0xff, 0xc, 0x0, 0x0,
    0x0, 0x0, 0x0, 0x0, 0x0, 0x0, 0x7c, 0xff,
    0xff, 0xff, 0xff, 0xc, 0x0, 0x0, 0x0, 0x0,
    0x0, 0x0, 0x0, 0x0, 0x7c, 0xff, 0xff, 0xff,
    0xff, 0xc, 0x0, 0x0, 0x0, 0x0, 0x0, 0x0,
    0x0, 0x0, 0x7c, 0xff, 0xff, 0xff, 0xff, 0xc,
    0x0, 0x0, 0x0, 0x0, 0x0, 0x0, 0x0, 0x0,
    0x7c, 0xff, 0xff, 0xff, 0xff, 0xc, 0x0, 0x0,
    0x0, 0x0, 0x0, 0x0, 0x0, 0x0, 0x7c, 0xff,
    0xff, 0xff, 0xff, 0xc, 0x0, 0x0, 0x0, 0x0,
    0x0, 0x0, 0x0, 0x0, 0x7c, 0xff, 0xff, 0xff,
    0xff, 0xc, 0x0, 0x0, 0x0, 0x0, 0x0, 0x0,
    0x0, 0x0, 0x7c, 0xff, 0xff, 0xff, 0xff, 0xc,
    0x0, 0x0, 0x0, 0x0, 0x0, 0x0, 0x0, 0x0,
    0x7c, 0xff, 0xff, 0xff, 0xff, 0xc, 0x0, 0x0,
    0x0, 0x0, 0x0, 0x0, 0x0, 0x0, 0x7c, 0xff,
    0xff, 0xff, 0xff, 0xc, 0x0, 0x0, 0x0, 0x0,
    0x0, 0x0, 0x0, 0x0, 0x7c, 0xff, 0xff, 0xff,
    0xff, 0xc, 0x0, 0x0, 0x0, 0x0, 0x0, 0x0,
    0x0, 0x0, 0x7c, 0xff, 0xff, 0xff, 0xff, 0xc,
    0x0, 0x0, 0x0, 0x0, 0x0, 0x0, 0x0, 0x0,
    0x7c, 0xff, 0xff, 0xff, 0xff, 0xc, 0x0, 0x0,
    0x0, 0x0, 0x0, 0x0, 0x0, 0x0, 0x7c, 0xff,
    0xff, 0xff, 0xff, 0xc, 0x0, 0x0, 0x0, 0x0,
    0x0, 0x0, 0x0, 0x0, 0x7c, 0xff, 0xff, 0xff,
    0xff, 0xc, 0x0, 0x0, 0x0, 0x0, 0x0, 0x0,
    0x0, 0x0, 0x7c, 0xff, 0xff, 0xff, 0xff, 0xc,
    0x0, 0x0, 0x0, 0x0, 0x0, 0x0, 0x0, 0x0,
    0x7c, 0xff, 0xff, 0xff, 0xff, 0xc, 0x0, 0x0,
    0x0, 0x0, 0x0, 0x0, 0x0, 0x0, 0x7c, 0xff,
    0xff, 0xff, 0xff, 0xc, 0x0, 0x0, 0x0, 0x0,
    0x0, 0x0, 0x0, 0x0, 0x7c, 0xff, 0xff, 0xff,
    0xff, 0xc, 0x0, 0x0, 0x0, 0x0, 0x0, 0x0,
    0x0, 0x0, 0x7c, 0xff, 0xff, 0xff, 0xff, 0xc,
    0x0, 0x0, 0x0, 0x0, 0x0, 0x0, 0x0, 0x0,
    0x7c, 0xff, 0xff, 0xff, 0xff, 0xc, 0x0, 0x0,
    0x0, 0x0, 0x0, 0x0, 0x0, 0x0, 0x7c, 0xff,
    0xff, 0xff, 0xff, 0xc, 0x0, 0x0, 0x0, 0x0,
    0x0, 0x0, 0x0, 0x0, 0x7c, 0xff, 0xff, 0xff,
    0xff, 0xc, 0x0, 0x0, 0x0, 0x0, 0x0, 0x0,
    0x0, 0x0, 0x7c, 0xff, 0xff, 0xff, 0xff, 0xc,
    0x0, 0x0, 0x0, 0x0, 0x0, 0x0, 0x0, 0x0,
    0x7c, 0xff, 0xff, 0xff, 0xff, 0xc, 0x0, 0x0,
    0x0, 0x0, 0x0, 0x0, 0x0, 0x0, 0x7c, 0xff,
    0xff, 0xff, 0xff, 0xc, 0x0, 0x0, 0x0, 0x0,
    0x0, 0x0, 0x0, 0x0, 0x7c, 0xff, 0xff, 0xff,
    0xff, 0xc, 0x0, 0x0, 0x0, 0x0, 0x0, 0x0,
    0x0, 0x0, 0x7c, 0xff, 0xff, 0xff, 0xff, 0xc,
    0x0, 0x0, 0x0, 0x0, 0x0, 0x0, 0x0, 0x0,
    0x7c, 0xff, 0xff, 0xff, 0xff, 0xc, 0x0, 0x0,
    0x0, 0x0, 0x0, 0x0, 0x0, 0x0, 0x7c, 0xff,
    0xff, 0xff, 0xff, 0x58, 0x50, 0x50, 0x50, 0x50,
    0x50, 0x50, 0x50, 0x19, 0x7c, 0xff, 0xff, 0xff,
    0xff, 0xff, 0xff, 0xff, 0xff, 0xff, 0xff, 0xff,
    0xff, 0x50, 0x7c, 0xff, 0xff, 0xff, 0xff, 0xff,
    0xff, 0xff, 0xff, 0xff, 0xff, 0xff, 0xff, 0x50,
    0x7c, 0xff, 0xff, 0xff, 0xff, 0xff, 0xff, 0xff,
    0xff, 0xff, 0xff, 0xff, 0xff, 0x50,

    /* U+004D "M" */
    0x0, 0xf7, 0xff, 0xff, 0xff, 0x96, 0x0, 0x0,
    0x0, 0x0, 0x0, 0x0, 0x0, 0x0, 0x0, 0x0,
    0x28, 0xff, 0xff, 0xff, 0xff, 0x5d, 0x0, 0xfb,
    0xff, 0xff, 0xff, 0xcd, 0x0, 0x0, 0x0, 0x0,
    0x0, 0x0, 0x0, 0x0, 0x0, 0x0, 0x5e, 0xff,
    0xff, 0xff, 0xff, 0x62, 0x0, 0xff, 0xff, 0xff,
    0xff, 0xfb, 0x9, 0x0, 0x0, 0x0, 0x0, 0x0,
    0x0, 0x0, 0x0, 0x0, 0x95, 0xff, 0xff, 0xff,
    0xff, 0x67, 0x5, 0xff, 0xff, 0xff, 0xff, 0xff,
    0x3b, 0x0, 0x0, 0x0, 0x0, 0x0, 0x0, 0x0,
    0x0, 0x0, 0xcc, 0xff, 0xff, 0xff, 0xff, 0x6b,
    0x9, 0xff, 0xff, 0xff, 0xff, 0xff, 0x71, 0x0,
    0x0, 0x0, 0x0, 0x0, 0x0, 0x0, 0x0, 0x8,
    0xfa, 0xff, 0xff, 0xff, 0xff, 0x70, 0xe, 0xff,
    0xff, 0xff, 0xff, 0xff, 0xa8, 0x0, 0x0, 0x0,
    0x0, 0x0, 0x0, 0x0, 0x0, 0x3a, 0xff, 0xff,
    0xff, 0xff, 0xff, 0x75, 0x13, 0xff, 0xff, 0xff,
    0xff, 0xff, 0xdf, 0x0, 0x0, 0x0, 0x0, 0x0,
    0x0, 0x0, 0x0, 0x71, 0xff, 0xff, 0xff, 0xff,
    0xff, 0x79, 0x18, 0xff, 0xff, 0xff, 0xff, 0xff,
    0xff, 0x16, 0x0, 0x0, 0x0, 0x0, 0x0, 0x0,
    0x0, 0xa8, 0xff, 0xff, 0xff, 0xff, 0xff, 0x7e,
    0x1c, 0xff, 0xff, 0xff, 0xff, 0xff, 0xff, 0x4c,
    0x0, 0x0, 0x0, 0x0, 0x0, 0x0, 0x0, 0xdf,
    0xff, 0xff, 0xff, 0xff, 0xff, 0x82, 0x21, 0xff,
    0xff, 0xff, 0xe3, 0xff, 0xff, 0x83, 0x0, 0x0,
    0x0, 0x0, 0x0, 0x0, 0x16, 0xff, 0xff, 0xe3,
    0xff, 0xff, 0xff, 0x87, 0x26, 0xff, 0xff, 0xff,
    0xa6, 0xff, 0xff, 0xb9, 0x0, 0x0, 0x0, 0x0,
    0x0, 0x0, 0x4d, 0xff, 0xff, 0xa5, 0xff, 0xff,
    0xff, 0x8c, 0x2b, 0xff, 0xff, 0xff, 0x75, 0xf2,
    0xff, 0xef, 0x1, 0x0, 0x0, 0x0, 0x0, 0x0,
    0x84, 0xff, 0xff, 0x67, 0xff, 0xff, 0xff, 0x90,
    0x2f, 0xff, 0xff, 0xff, 0x6e, 0xbc, 0xff, 0xff,
    0x27, 0x0, 0x0, 0x0, 0x0, 0x0, 0xbb, 0xff,
    0xff, 0x29, 0xfe, 0xff, 0xff, 0x95, 0x34, 0xff,
    0xff, 0xff, 0x6a, 0x82, 0xff, 0xff, 0x5e, 0x0,
    0x0, 0x0, 0x0, 0x1, 0xf0, 0xff, 0xee, 0x1,
    0xfb, 0xff, 0xff, 0x99, 0x39, 0xff, 0xff, 0xff,
    0x66, 0x48, 0xff, 0xff, 0x94, 0x0, 0x0, 0x0,
    0x0, 0x29, 0xff, 0xff, 0xb5, 0x0, 0xf7, 0xff,
    0xff, 0x9e, 0x3d, 0xff, 0xff, 0xff, 0x63, 0xf,
    0xfd, 0xff, 0xcb, 0x0, 0x0, 0x0, 0x0, 0x60,
    0xff, 0xff, 0x7a, 0x0, 0xf4, 0xff, 0xff, 0xa3,
    0x42, 0xff, 0xff, 0xff, 0x5f, 0x0, 0xd3, 0xff,
    0xfa, 0x7, 0x0, 0x0, 0x0, 0x97, 0xff, 0xff,
    0x40, 0x0, 0xf0, 0xff, 0xff, 0xa7, 0x47, 0xff,
    0xff, 0xff, 0x5b, 0x0, 0x99, 0xff, 0xff, 0x38,
    0x0, 0x0, 0x0, 0xce, 0xff, 0xfb, 0xa, 0x0,
    0xec, 0xff, 0xff, 0xac, 0x4c, 0xff, 0xff, 0xff,
    0x57, 0x0, 0x5f, 0xff, 0xff, 0x6f, 0x0, 0x0,
    0x9, 0xfb, 0xff, 0xcb, 0x0, 0x0, 0xe8, 0xff,
    0xff, 0xb0, 0x50, 0xff, 0xff, 0xff, 0x53, 0x0,
    0x25, 0xff, 0xff, 0xa6, 0x0, 0x0, 0x3c, 0xff,
    0xff, 0x90, 0x0, 0x0, 0xe4, 0xff, 0xff, 0xb5,
    0x55, 0xff, 0xff, 0xff, 0x4f, 0x0, 0x0, 0xea,
    0xff, 0xdc, 0x0, 0x0, 0x73, 0xff, 0xff, 0x56,
    0x0, 0x0, 0xe0, 0xff, 0xff, 0xba, 0x5a, 0xff,
    0xff, 0xff, 0x4c, 0x0, 0x0, 0xb1, 0xff, 0xff,
    0x14, 0x0, 0xaa, 0xff, 0xff, 0x1c, 0x0, 0x0,
    0xdd, 0xff, 0xff, 0xbe, 0x5f, 0xff, 0xff, 0xff,
    0x48, 0x0, 0x0, 0x77, 0xff, 0xff, 0x4a, 0x0,
    0xe1, 0xff, 0xe1, 0x0, 0x0, 0x0, 0xd9, 0xff,
    0xff, 0xc3, 0x63, 0xff, 0xff, 0xff, 0x44, 0x0,
    0x0, 0x3d, 0xff, 0xff, 0x81, 0x18, 0xff, 0xff,
    0xa7, 0x0, 0x0, 0x0, 0xd5, 0xff, 0xff, 0xc7,
    0x68, 0xff, 0xff, 0xff, 0x40, 0x0, 0x0, 0x8,
    0xf9, 0xff, 0xb7, 0x4f, 0xff, 0xff, 0x6c, 0x0,
    0x0, 0x0, 0xd1, 0xff, 0xff, 0xcc, 0x6d, 0xff,
    0xff, 0xff, 0x3c, 0x0, 0x0, 0x0, 0xc8, 0xff,
    0xed, 0x87, 0xff, 0xff, 0x32, 0x0, 0x0, 0x0,
    0xcd, 0xff, 0xff, 0xd1, 0x71, 0xff, 0xff, 0xff,
    0x38, 0x0, 0x0, 0x0, 0x8e, 0xff, 0xff, 0xdf,
    0xff, 0xf3, 0x3, 0x0, 0x0, 0x0, 0xc9, 0xff,
    0xff, 0xd5, 0x76, 0xff, 0xff, 0xff, 0x35, 0x0,
    0x0, 0x0, 0x54, 0xff, 0xff, 0xff, 0xff, 0xbd,
    0x0, 0x0, 0x0, 0x0, 0xc6, 0xff, 0xff, 0xda,
    0x7b, 0xff, 0xff, 0xff, 0x31, 0x0, 0x0, 0x0,
    0x19, 0xff, 0xff, 0xff, 0xff, 0x82, 0x0, 0x0,
    0x0, 0x0, 0xc2, 0xff, 0xff, 0xde, 0x80, 0xff,
    0xff, 0xff, 0x2d, 0x0, 0x0, 0x0, 0x0, 0xe0,
    0xff, 0xff, 0xff, 0x48, 0x0, 0x0, 0x0, 0x0,
    0xbe, 0xff, 0xff, 0xe3, 0x84, 0xff, 0xff, 0xff,
    0x29, 0x0, 0x0, 0x0, 0x0, 0xa6, 0xff, 0xff,
    0xfd, 0xf, 0x0, 0x0, 0x0, 0x0, 0xba, 0xff,
    0xff, 0xe8, 0x89, 0xff, 0xff, 0xff, 0x25, 0x0,
    0x0, 0x0, 0x0, 0x6c, 0xff, 0xff, 0xd3, 0x0,
    0x0, 0x0, 0x0, 0x0, 0xb6, 0xff, 0xff, 0xec,
    0x8e, 0xff, 0xff, 0xff, 0x21, 0x0, 0x0, 0x0,
    0x0, 0x31, 0xff, 0xff, 0x99, 0x0, 0x0, 0x0,
    0x0, 0x0, 0xb2, 0xff, 0xff, 0xf1,

    /* U+004E "N" */
    0x7c, 0xff, 0xff, 0xcd, 0x0, 0x0, 0x0, 0x0,
    0x0, 0x0, 0x0, 0x0, 0x34, 0xff, 0xff, 0xff,
    0x90, 0x7c, 0xff, 0xff, 0xff, 0x38, 0x0, 0x0,
    0x0, 0x0, 0x0, 0x0, 0x0, 0x34, 0xff, 0xff,
    0xff, 0x90, 0x7c, 0xff, 0xff, 0xff, 0xa4, 0x0,
    0x0, 0x0, 0x0, 0x0, 0x0, 0x0, 0x34, 0xff,
    0xff, 0xff, 0x90, 0x7c, 0xff, 0xff, 0xff, 0xf9,
    0x16, 0x0, 0x0, 0x0, 0x0, 0x0, 0x0, 0x34,
    0xff, 0xff, 0xff, 0x90, 0x7c, 0xff, 0xff, 0xff,
    0xff, 0x7b, 0x0, 0x0, 0x0, 0x0, 0x0, 0x0,
    0x34, 0xff, 0xff, 0xff, 0x90, 0x7c, 0xff, 0xff,
    0xff, 0xff, 0xe2, 0x3, 0x0, 0x0, 0x0, 0x0,
    0x0, 0x34, 0xff, 0xff, 0xff, 0x90, 0x7c, 0xff,
    0xff, 0xff, 0xff, 0xff, 0x52, 0x0, 0x0, 0x0,
    0x0, 0x0, 0x34, 0xff, 0xff, 0xff, 0x90, 0x7c,
    0xff, 0xff, 0xff, 0xff, 0xff, 0xbd, 0x0, 0x0,
    0x0, 0x0, 0x0, 0x34, 0xff, 0xff, 0xff, 0x90,
    0x7c, 0xff, 0xff, 0xff, 0xff, 0xff, 0xff, 0x29,
    0x0, 0x0, 0x0, 0x0, 0x34, 0xff, 0xff, 0xff,
    0x90, 0x7c, 0xff, 0xff, 0xff, 0xff, 0xff, 0xff,
    0x94, 0x0, 0x0, 0x0, 0x0, 0x34, 0xff, 0xff,
    0xff, 0x90, 0x7c, 0xff, 0xff, 0xff, 0xf1, 0xff,
    0xff, 0xf2, 0xd, 0x0, 0x0, 0x0, 0x34, 0xff,
    0xff, 0xff, 0x90, 0x7c, 0xff, 0xff, 0xff, 0x93,
    0xff, 0xff, 0xff, 0x6b, 0x0, 0x0, 0x0, 0x34,
    0xff, 0xff, 0xff, 0x90, 0x7c, 0xff, 0xff, 0xff,
    0x5c, 0xcd, 0xff, 0xff, 0xd6, 0x0, 0x0, 0x0,
    0x34, 0xff, 0xff, 0xff, 0x90, 0x7c, 0xff, 0xff,
    0xff, 0x5c, 0x63, 0xff, 0xff, 0xff, 0x42, 0x0,
    0x0, 0x34, 0xff, 0xff, 0xff, 0x90, 0x7c, 0xff,
    0xff, 0xff, 0x5c, 0x9, 0xef, 0xff, 0xff, 0xae,
    0x0, 0x0, 0x34, 0xff, 0xff, 0xff, 0x90, 0x7c,
    0xff, 0xff, 0xff, 0x5c, 0x0, 0x8f, 0xff, 0xff,
    0xfc, 0x1d, 0x0, 0x34, 0xff, 0xff, 0xff, 0x90,
    0x7c, 0xff, 0xff, 0xff, 0x5c, 0x0, 0x26, 0xfe,
    0xff, 0xff, 0x85, 0x0, 0x34, 0xff, 0xff, 0xff,
    0x90, 0x7c, 0xff, 0xff, 0xff, 0x5c, 0x0, 0x0,
    0xbb, 0xff, 0xff, 0xe9, 0x6, 0x34, 0xff, 0xff,
    0xff, 0x90, 0x7c, 0xff, 0xff, 0xff, 0x5c, 0x0,
    0x0, 0x51, 0xff, 0xff, 0xff, 0x5b, 0x34, 0xff,
    0xff, 0xff, 0x90, 0x7c, 0xff, 0xff, 0xff, 0x5c,
    0x0, 0x0, 0x3, 0xe3, 0xff, 0xff, 0xc7, 0x34,
    0xff, 0xff, 0xff, 0x90, 0x7c, 0xff, 0xff, 0xff,
    0x5c, 0x0, 0x0, 0x0, 0x7d, 0xff, 0xff, 0xff,
    0x66, 0xff, 0xff, 0xff, 0x90, 0x7c, 0xff, 0xff,
    0xff, 0x5c, 0x0, 0x0, 0x0, 0x18, 0xfa, 0xff,
    0xff, 0xd1, 0xff, 0xff, 0xff, 0x90, 0x7c, 0xff,
    0xff, 0xff, 0x5c, 0x0, 0x0, 0x0, 0x0, 0xa9,
    0xff, 0xff, 0xff, 0xff, 0xff, 0xff, 0x90, 0x7c,
    0xff, 0xff, 0xff, 0x5c, 0x0, 0x0, 0x0, 0x0,
    0x3f, 0xff, 0xff, 0xff, 0xff, 0xff, 0xff, 0x90,
    0x7c, 0xff, 0xff, 0xff, 0x5c, 0x0, 0x0, 0x0,
    0x0, 0x0, 0xd4, 0xff, 0xff, 0xff, 0xff, 0xff,
    0x90, 0x7c, 0xff, 0xff, 0xff, 0x5c, 0x0, 0x0,
    0x0, 0x0, 0x0, 0x6b, 0xff, 0xff, 0xff, 0xff,
    0xff, 0x90, 0x7c, 0xff, 0xff, 0xff, 0x5c, 0x0,
    0x0, 0x0, 0x0, 0x0, 0xd, 0xf3, 0xff, 0xff,
    0xff, 0xff, 0x90, 0x7c, 0xff, 0xff, 0xff, 0x5c,
    0x0, 0x0, 0x0, 0x0, 0x0, 0x0, 0x97, 0xff,
    0xff, 0xff, 0xff, 0x90, 0x7c, 0xff, 0xff, 0xff,
    0x5c, 0x0, 0x0, 0x0, 0x0, 0x0, 0x0, 0x2d,
    0xff, 0xff, 0xff, 0xff, 0x90, 0x7c, 0xff, 0xff,
    0xff, 0x5c, 0x0, 0x0, 0x0, 0x0, 0x0, 0x0,
    0x0, 0xc3, 0xff, 0xff, 0xff, 0x90, 0x7c, 0xff,
    0xff, 0xff, 0x5c, 0x0, 0x0, 0x0, 0x0, 0x0,
    0x0, 0x0, 0x59, 0xff, 0xff, 0xff, 0x90, 0x7c,
    0xff, 0xff, 0xff, 0x5c, 0x0, 0x0, 0x0, 0x0,
    0x0, 0x0, 0x0, 0x6, 0xe8, 0xff, 0xff, 0x90,
    0x7c, 0xff, 0xff, 0xff, 0x5c, 0x0, 0x0, 0x0,
    0x0, 0x0, 0x0, 0x0, 0x0, 0x85, 0xff, 0xff,
    0x90,

    /* U+004F "O" */
    0x0, 0x0, 0x0, 0x0, 0x0, 0x3b, 0x95, 0xcd,
    0xee, 0xfb, 0xf6, 0xe3, 0xb8, 0x71, 0x11, 0x0,
    0x0, 0x0, 0x0, 0x0, 0x0, 0x0, 0x13, 0xb3,
    0xff, 0xff, 0xff, 0xff, 0xff, 0xff, 0xff, 0xff,
    0xff, 0xf0, 0x5d, 0x0, 0x0, 0x0, 0x0, 0x0,
    0xf, 0xd2, 0xff, 0xff, 0xff, 0xff, 0xff, 0xff,
    0xff, 0xff, 0xff, 0xff, 0xff, 0xff, 0x6a, 0x0,
    0x0, 0x0, 0x0, 0x9b, 0xff, 0xff, 0xff, 0xff,
    0xfc, 0xc3, 0xa5, 0xb0, 0xdc, 0xff, 0xff, 0xff,
    0xff, 0xfa, 0x2b, 0x0, 0x0, 0x1e, 0xfc, 0xff,
    0xff, 0xff, 0xd2, 0x20, 0x0, 0x0, 0x0, 0x1,
    0x61, 0xfd, 0xff, 0xff, 0xff, 0xa6, 0x0, 0x0,
    0x6a, 0xff, 0xff, 0xff, 0xfe, 0x25, 0x0, 0x0,
    0x0, 0x0, 0x0, 0x0, 0x94, 0xff, 0xff, 0xff,
    0xf3, 0x4, 0x0, 0xac, 0xff, 0xff, 0xff, 0xc5,
    0x0, 0x0, 0x0, 0x0, 0x0, 0x0, 0x0, 0x39,
    0xff, 0xff, 0xff, 0xff, 0x3a, 0x0, 0xe0, 0xff,
    0xff, 0xff, 0x99, 0x0, 0x0, 0x0, 0x0, 0x0,
    0x0, 0x0, 0xb, 0xff, 0xff, 0xff, 0xff, 0x6f,
    0x0, 0xf4, 0xff, 0xff, 0xff, 0x86, 0x0, 0x0,
    0x0, 0x0, 0x0, 0x0, 0x0, 0x0, 0xf7, 0xff,
    0xff, 0xff, 0x83, 0x6, 0xff, 0xff, 0xff, 0xff,
    0x7c, 0x0, 0x0, 0x0, 0x0, 0x0, 0x0, 0x0,
    0x0, 0xec, 0xff, 0xff, 0xff, 0x96, 0x13, 0xff,
    0xff, 0xff, 0xff, 0x7c, 0x0, 0x0, 0x0, 0x0,
    0x0, 0x0, 0x0, 0x0, 0xec, 0xff, 0xff, 0xff,
    0xa3, 0x14, 0xff, 0xff, 0xff, 0xff, 0x7c, 0x0,
    0x0, 0x0, 0x0, 0x0, 0x0, 0x0, 0x0, 0xec,
    0xff, 0xff, 0xff, 0xa4, 0x14, 0xff, 0xff, 0xff,
    0xff, 0x7c, 0x0, 0x0, 0x0, 0x0, 0x0, 0x0,
    0x0, 0x0, 0xec, 0xff, 0xff, 0xff, 0xa4, 0x14,
    0xff, 0xff, 0xff, 0xff, 0x7c, 0x0, 0x0, 0x0,
    0x0, 0x0, 0x0, 0x0, 0x0, 0xec, 0xff, 0xff,
    0xff, 0xa4, 0x14, 0xff, 0xff, 0xff, 0xff, 0x7c,
    0x0, 0x0, 0x0, 0x0, 0x0, 0x0, 0x0, 0x0,
    0xec, 0xff, 0xff, 0xff, 0xa4, 0x14, 0xff, 0xff,
    0xff, 0xff, 0x7c, 0x0, 0x0, 0x0, 0x0, 0x0,
    0x0, 0x0, 0x0, 0xec, 0xff, 0xff, 0xff, 0xa4,
    0x14, 0xff, 0xff, 0xff, 0xff, 0x7c, 0x0, 0x0,
    0x0, 0x0, 0x0, 0x0, 0x0, 0x0, 0xec, 0xff,
    0xff, 0xff, 0xa4, 0x14, 0xff, 0xff, 0xff, 0xff,
    0x7c, 0x0, 0x0, 0x0, 0x0, 0x0, 0x0, 0x0,
    0x0, 0xec, 0xff, 0xff, 0xff, 0xa4, 0x14, 0xff,
    0xff, 0xff, 0xff, 0x7c, 0x0, 0x0, 0x0, 0x0,
    0x0, 0x0, 0x0, 0x0, 0xec, 0xff, 0xff, 0xff,
    0xa4, 0x14, 0xff, 0xff, 0xff, 0xff, 0x7c, 0x0,
    0x0, 0x0, 0x0, 0x0, 0x0, 0x0, 0x0, 0xec,
    0xff, 0xff, 0xff, 0xa4, 0x14, 0xff, 0xff, 0xff,
    0xff, 0x7c, 0x0, 0x0, 0x0, 0x0, 0x0, 0x0,
    0x0, 0x0, 0xec, 0xff, 0xff, 0xff, 0xa4, 0x14,
    0xff, 0xff, 0xff, 0xff, 0x7c, 0x0, 0x0, 0x0,
    0x0, 0x0, 0x0, 0x0, 0x0, 0xec, 0xff, 0xff,
    0xff, 0xa4, 0x11, 0xff, 0xff, 0xff, 0xff, 0x7c,
    0x0, 0x0, 0x0, 0x0, 0x0, 0x0, 0x0, 0x0,
    0xec, 0xff, 0xff, 0xff, 0xa1, 0x3, 0xfe, 0xff,
    0xff, 0xff, 0x7d, 0x0, 0x0, 0x0, 0x0, 0x0,
    0x0, 0x0, 0x0, 0xee, 0xff, 0xff, 0xff, 0x91,
    0x0, 0xf1, 0xff, 0xff, 0xff, 0x88, 0x0, 0x0,
    0x0, 0x0, 0x0, 0x0, 0x0, 0x0, 0xfa, 0xff,
    0xff, 0xff, 0x7f, 0x0, 0xd9, 0xff, 0xff, 0xff,
    0x9f, 0x0, 0x0, 0x0, 0x0, 0x0, 0x0, 0x0,
    0x12, 0xff, 0xff, 0xff, 0xff, 0x66, 0x0, 0xa1,
    0xff, 0xff, 0xff, 0xcf, 0x0, 0x0, 0x0, 0x0,
    0x0, 0x0, 0x0, 0x43, 0xff, 0xff, 0xff, 0xff,
    0x2b, 0x0, 0x63, 0xff, 0xff, 0xff, 0xff, 0x33,
    0x0, 0x0, 0x0, 0x0, 0x0, 0x0, 0xa4, 0xff,
    0xff, 0xff, 0xea, 0x0, 0x0, 0x16, 0xf8, 0xff,
    0xff, 0xff, 0xde, 0x2f, 0x0, 0x0, 0x0, 0x5,
    0x75, 0xff, 0xff, 0xff, 0xff, 0x93, 0x0, 0x0,
    0x0, 0x8e, 0xff, 0xff, 0xff, 0xff, 0xff, 0xd0,
    0xb1, 0xbc, 0xe7, 0xff, 0xff, 0xff, 0xff, 0xf2,
    0x1c, 0x0, 0x0, 0x0, 0xa, 0xc8, 0xff, 0xff,
    0xff, 0xff, 0xff, 0xff, 0xff, 0xff, 0xff, 0xff,
    0xff, 0xfd, 0x55, 0x0, 0x0, 0x0, 0x0, 0x0,
    0xe, 0xa8, 0xff, 0xff, 0xff, 0xff, 0xff, 0xff,
    0xff, 0xff, 0xff, 0xeb, 0x4e, 0x0, 0x0, 0x0,
    0x0, 0x0, 0x0, 0x0, 0x0, 0x35, 0x91, 0xcb,
    0xee, 0xfb, 0xf7, 0xe3, 0xb6, 0x6c, 0xe, 0x0,
    0x0, 0x0, 0x0,

    /* U+0050 "P" */
    0x7c, 0xff, 0xff, 0xff, 0xff, 0xff, 0xff, 0xff,
    0xfe, 0xf4, 0xd7, 0xa2, 0x48, 0x0, 0x0, 0x0,
    0x0, 0x7c, 0xff, 0xff, 0xff, 0xff, 0xff, 0xff,
    0xff, 0xff, 0xff, 0xff, 0xff, 0xff, 0xae, 0xa,
    0x0, 0x0, 0x7c, 0xff, 0xff, 0xff, 0xff, 0xff,
    0xff, 0xff, 0xff, 0xff, 0xff, 0xff, 0xff, 0xff,
    0xc1, 0x1, 0x0, 0x7c, 0xff, 0xff, 0xff, 0xff,
    0x58, 0x50, 0x52, 0x5f, 0x82, 0xd2, 0xff, 0xff,
    0xff, 0xff, 0x62, 0x0, 0x7c, 0xff, 0xff, 0xff,
    0xff, 0xc, 0x0, 0x0, 0x0, 0x0, 0x4, 0xa3,
    0xff, 0xff, 0xff, 0xd9, 0x0, 0x7c, 0xff, 0xff,
    0xff, 0xff, 0xc, 0x0, 0x0, 0x0, 0x0, 0x0,
    0x19, 0xfe, 0xff, 0xff, 0xff, 0x20, 0x7c, 0xff,
    0xff, 0xff, 0xff, 0xc, 0x0, 0x0, 0x0, 0x0,
    0x0, 0x0, 0xde, 0xff, 0xff, 0xff, 0x5c, 0x7c,
    0xff, 0xff, 0xff, 0xff, 0xc, 0x0, 0x0, 0x0,
    0x0, 0x0, 0x0, 0xc5, 0xff, 0xff, 0xff, 0x72,
    0x7c, 0xff, 0xff, 0xff, 0xff, 0xc, 0x0, 0x0,
    0x0, 0x0, 0x0, 0x0, 0xba, 0xff, 0xff, 0xff,
    0x86, 0x7c, 0xff, 0xff, 0xff, 0xff, 0xc, 0x0,
    0x0, 0x0, 0x0, 0x0, 0x0, 0xc1, 0xff, 0xff,
    0xff, 0x82, 0x7c, 0xff, 0xff, 0xff, 0xff, 0xc,
    0x0, 0x0, 0x0, 0x0, 0x0, 0x0, 0xd4, 0xff,
    0xff, 0xff, 0x6a, 0x7c, 0xff, 0xff, 0xff, 0xff,
    0xc, 0x0, 0x0, 0x0, 0x0, 0x0, 0x10, 0xfc,
    0xff, 0xff, 0xff, 0x45, 0x7c, 0xff, 0xff, 0xff,
    0xff, 0xc, 0x0, 0x0, 0x0, 0x0, 0x0, 0x82,
    0xff, 0xff, 0xff, 0xef, 0x5, 0x7c, 0xff, 0xff,
    0xff, 0xff, 0xc, 0x0, 0x5, 0x15, 0x41, 0x9e,
    0xfe, 0xff, 0xff, 0xff, 0x90, 0x0, 0x7c, 0xff,
    0xff, 0xff, 0xff, 0xff, 0xff, 0xff, 0xff, 0xff,
    0xff, 0xff, 0xff, 0xff, 0xe0, 0xd, 0x0, 0x7c,
    0xff, 0xff, 0xff, 0xff, 0xff, 0xff, 0xff, 0xff,
    0xff, 0xff, 0xff, 0xff, 0xd9, 0x29, 0x0, 0x0,
    0x7c, 0xff, 0xff, 0xff, 0xff, 0xff, 0xff, 0xff,
    0xff, 0xff, 0xff, 0xea, 0x8d, 0xf, 0x0, 0x0,
    0x0, 0x7c, 0xff, 0xff, 0xff, 0xff, 0x5c, 0x54,
    0x54, 0x52, 0x48, 0x29, 0x2, 0x0, 0x0, 0x0,
    0x0, 0x0, 0x7c, 0xff, 0xff, 0xff, 0xff, 0xc,
    0x0, 0x0, 0x0, 0x0, 0x0, 0x0, 0x0, 0x0,
    0x0, 0x0, 0x0, 0x7c, 0xff, 0xff, 0xff, 0xff,
    0xc, 0x0, 0x0, 0x0, 0x0, 0x0, 0x0, 0x0,
    0x0, 0x0, 0x0, 0x0, 0x7c, 0xff, 0xff, 0xff,
    0xff, 0xc, 0x0, 0x0, 0x0, 0x0, 0x0, 0x0,
    0x0, 0x0, 0x0, 0x0, 0x0, 0x7c, 0xff, 0xff,
    0xff, 0xff, 0xc, 0x0, 0x0, 0x0, 0x0, 0x0,
    0x0, 0x0, 0x0, 0x0, 0x0, 0x0, 0x7c, 0xff,
    0xff, 0xff, 0xff, 0xc, 0x0, 0x0, 0x0, 0x0,
    0x0, 0x0, 0x0, 0x0, 0x0, 0x0, 0x0, 0x7c,
    0xff, 0xff, 0xff, 0xff, 0xc, 0x0, 0x0, 0x0,
    0x0, 0x0, 0x0, 0x0, 0x0, 0x0, 0x0, 0x0,
    0x7c, 0xff, 0xff, 0xff, 0xff, 0xc, 0x0, 0x0,
    0x0, 0x0, 0x0, 0x0, 0x0, 0x0, 0x0, 0x0,
    0x0, 0x7c, 0xff, 0xff, 0xff, 0xff, 0xc, 0x0,
    0x0, 0x0, 0x0, 0x0, 0x0, 0x0, 0x0, 0x0,
    0x0, 0x0, 0x7c, 0xff, 0xff, 0xff, 0xff, 0xc,
    0x0, 0x0, 0x0, 0x0, 0x0, 0x0, 0x0, 0x0,
    0x0, 0x0, 0x0, 0x7c, 0xff, 0xff, 0xff, 0xff,
    0xc, 0x0, 0x0, 0x0, 0x0, 0x0, 0x0, 0x0,
    0x0, 0x0, 0x0, 0x0, 0x7c, 0xff, 0xff, 0xff,
    0xff, 0xc, 0x0, 0x0, 0x0, 0x0, 0x0, 0x0,
    0x0, 0x0, 0x0, 0x0, 0x0, 0x7c, 0xff, 0xff,
    0xff, 0xff, 0xc, 0x0, 0x0, 0x0, 0x0, 0x0,
    0x0, 0x0, 0x0, 0x0, 0x0, 0x0, 0x7c, 0xff,
    0xff, 0xff, 0xff, 0xc, 0x0, 0x0, 0x0, 0x0,
    0x0, 0x0, 0x0, 0x0, 0x0, 0x0, 0x0, 0x7c,
    0xff, 0xff, 0xff, 0xff, 0xc, 0x0, 0x0, 0x0,
    0x0, 0x0, 0x0, 0x0, 0x0, 0x0, 0x0, 0x0,
    0x7c, 0xff, 0xff, 0xff, 0xff, 0xc, 0x0, 0x0,
    0x0, 0x0, 0x0, 0x0, 0x0, 0x0, 0x0, 0x0,
    0x0,

    /* U+0051 "Q" */
    0x0, 0x0, 0x0, 0x0, 0x0, 0x3b, 0x95, 0xcd,
    0xee, 0xfb, 0xf6, 0xe3, 0xb9, 0x71, 0x12, 0x0,
    0x0, 0x0, 0x0, 0x0, 0x0, 0x0, 0x13, 0xb3,
    0xff, 0xff, 0xff, 0xff, 0xff, 0xff, 0xff, 0xff,
    0xff, 0xf1, 0x61, 0x0, 0x0, 0x0, 0x0, 0x0,
    0xf, 0xd2, 0xff, 0xff, 0xff, 0xff, 0xff, 0xff,
    0xff, 0xff, 0xff, 0xff, 0xff, 0xff, 0x70, 0x0,
    0x0, 0x0, 0x0, 0x9b, 0xff, 0xff, 0xff, 0xff,
    0xfc, 0xc3, 0xa5, 0xb0, 0xda, 0xff, 0xff, 0xff,
    0xff, 0xfb, 0x30, 0x0, 0x0, 0x1e, 0xfc, 0xff,
    0xff, 0xff, 0xd2, 0x20, 0x0, 0x0, 0x0, 0x0,
    0x58, 0xfa, 0xff, 0xff, 0xff, 0xae, 0x0, 0x0,
    0x6a, 0xff, 0xff, 0xff, 0xfe, 0x25, 0x0, 0x0,
    0x0, 0x0, 0x0, 0x0, 0x88, 0xff, 0xff, 0xff,
    0xf8, 0x9, 0x0, 0xac, 0xff, 0xff, 0xff, 0xc5,
    0x0, 0x0, 0x0, 0x0, 0x0, 0x0, 0x0, 0x2d,
    0xff, 0xff, 0xff, 0xff, 0x44, 0x0, 0xe0, 0xff,
    0xff, 0xff, 0x99, 0x0, 0x0, 0x0, 0x0, 0x0,
    0x0, 0x0, 0x4, 0xfa, 0xff, 0xff, 0xff, 0x7a,
    0x0, 0xf4, 0xff, 0xff, 0xff, 0x86, 0x0, 0x0,
    0x0, 0x0, 0x0, 0x0, 0x0, 0x0, 0xeb, 0xff,
    0xff, 0xff, 0x8e, 0x6, 0xff, 0xff, 0xff, 0xff,
    0x7c, 0x0, 0x0, 0x0, 0x0, 0x0, 0x0, 0x0,
    0x0, 0xe0, 0xff, 0xff, 0xff, 0xa1, 0x13, 0xff,
    0xff, 0xff, 0xff, 0x7c, 0x0, 0x0, 0x0, 0x0,
    0x0, 0x0, 0x0, 0x0, 0xe0, 0xff, 0xff, 0xff,
    0xaf, 0x14, 0xff, 0xff, 0xff, 0xff, 0x7c, 0x0,
    0x0, 0x0, 0x0, 0x0, 0x0, 0x0, 0x0, 0xe0,
    0xff, 0xff, 0xff, 0xb0, 0x14, 0xff, 0xff, 0xff,
    0xff, 0x7c, 0x0, 0x0, 0x0, 0x0, 0x0, 0x0,
    0x0, 0x0, 0xe0, 0xff, 0xff, 0xff, 0xb0, 0x14,
    0xff, 0xff, 0xff, 0xff, 0x7c, 0x0, 0x0, 0x0,
    0x0, 0x0, 0x0, 0x0, 0x0, 0xe0, 0xff, 0xff,
    0xff, 0xb0, 0x14, 0xff, 0xff, 0xff, 0xff, 0x7c,
    0x0, 0x0, 0x0, 0x0, 0x0, 0x0, 0x0, 0x0,
    0xe0, 0xff, 0xff, 0xff, 0xb0, 0x14, 0xff, 0xff,
    0xff, 0xff, 0x7c, 0x0, 0x0, 0x0, 0x0, 0x0,
    0x0, 0x0, 0x0, 0xe0, 0xff, 0xff, 0xff, 0xb0,
    0x14, 0xff, 0xff, 0xff, 0xff, 0x7c, 0x0, 0x0,
    0x0, 0x0, 0x0, 0x0, 0x0, 0x0, 0xe0, 0xff,
    0xff, 0xff, 0xb0, 0x14, 0xff, 0xff, 0xff, 0xff,
    0x7c, 0x0, 0x0, 0x0, 0x0, 0x0, 0x0, 0x0,
    0x0, 0xe0, 0xff, 0xff, 0xff, 0xb0, 0x14, 0xff,
    0xff, 0xff, 0xff, 0x7c, 0x0, 0x0, 0x0, 0x0,
    0x0, 0x0, 0x0, 0x0, 0xe0, 0xff, 0xff, 0xff,
    0xb0, 0x14, 0xff, 0xff, 0xff, 0xff, 0x7c, 0x0,
    0x0, 0x0, 0x0, 0x0, 0x0, 0x0, 0x0, 0xe0,
    0xff, 0xff, 0xff, 0xb0, 0x14, 0xff, 0xff, 0xff,
    0xff, 0x7c, 0x0, 0x0, 0x0, 0x0, 0x0, 0x0,
    0x0, 0x0, 0xe0, 0xff, 0xff, 0xff, 0xb0, 0x14,
    0xff, 0xff, 0xff, 0xff, 0x7c, 0x0, 0x0, 0x0,
    0x0, 0x0, 0x0, 0x0, 0x0, 0xe0, 0xff, 0xff,
    0xff, 0xb0, 0x11, 0xff, 0xff, 0xff, 0xff, 0x7c,
    0x0, 0x0, 0x0, 0x0, 0x0, 0x0, 0x0, 0x0,
    0xe0, 0xff, 0xff, 0xff, 0xae, 0x3, 0xfe, 0xff,
    0xff, 0xff, 0x7d, 0x0, 0x0, 0x0, 0x0, 0x0,
    0x0, 0x0, 0x0, 0xe2, 0xff, 0xff, 0xff, 0xa2,
    0x0, 0xf1, 0xff, 0xff, 0xff, 0x88, 0x0, 0x0,
    0x0, 0x0, 0x0, 0x0, 0x0, 0x0, 0xee, 0xff,
    0xff, 0xff, 0x93, 0x0, 0xd9, 0xff, 0xff, 0xff,
    0x9f, 0x0, 0x0, 0x0, 0x0, 0x0, 0x0, 0x0,
    0x8, 0xfd, 0xff, 0xff, 0xff, 0x6f, 0x0, 0xa1,
    0xff, 0xff, 0xff, 0xcf, 0x0, 0x0, 0x0, 0x0,
    0x0, 0x0, 0x0, 0x37, 0xff, 0xff, 0xff, 0xff,
    0x41, 0x0, 0x63, 0xff, 0xff, 0xff, 0xff, 0x33,
    0x0, 0x0, 0x0, 0x0, 0x0, 0x0, 0x98, 0xff,
    0xff, 0xff, 0xef, 0x6, 0x0, 0x16, 0xf8, 0xff,
    0xff, 0xff, 0xde, 0x2f, 0x0, 0x0, 0x0, 0x3,
    0x6c, 0xfe, 0xff, 0xff, 0xff, 0x98, 0x0, 0x0,
    0x0, 0x8e, 0xff, 0xff, 0xff, 0xff, 0xff, 0xd0,
    0xb1, 0xbc, 0xe5, 0xff, 0xff, 0xff, 0xff, 0xf2,
    0x19, 0x0, 0x0, 0x0, 0xa, 0xc8, 0xff, 0xff,
    0xff, 0xff, 0xff, 0xff, 0xff, 0xff, 0xff, 0xff,
    0xff, 0xfb, 0x51, 0x0, 0x0, 0x0, 0x0, 0x0,
    0xe, 0xa8, 0xff, 0xff, 0xff, 0xff, 0xff, 0xff,
    0xff, 0xff, 0xff, 0xdc, 0x46, 0x0, 0x0, 0x0,
    0x0, 0x0, 0x0, 0x0, 0x0, 0x35, 0x91, 0xcb,
    0xee, 0xfc, 0xfd, 0xff, 0xff, 0xfe, 0x36, 0x0,
    0x0, 0x0, 0x0, 0x0, 0x0, 0x0, 0x0, 0x0,
    0x0, 0x0, 0x0, 0x0, 0x0, 0x1e, 0xf0, 0xff,
    0xff, 0xde, 0x15, 0x0, 0x0, 0x0, 0x0, 0x0,
    0x0, 0x0, 0x0, 0x0, 0x0, 0x0, 0x0, 0x0,
    0x0, 0x5c, 0xff, 0xff, 0xff, 0xca, 0xd, 0x0,
    0x0, 0x0, 0x0, 0x0, 0x0, 0x0, 0x0, 0x0,
    0x0, 0x0, 0x0, 0x0, 0x0, 0xa1, 0xff, 0xff,
    0xff, 0xcd, 0x8, 0x0, 0x0, 0x0, 0x0, 0x0,
    0x0, 0x0, 0x0, 0x0, 0x0, 0x0, 0x0, 0x0,
    0x6, 0xc2, 0xff, 0xff, 0xf4, 0x2, 0x0, 0x0,
    0x0, 0x0, 0x0, 0x0, 0x0, 0x0, 0x0, 0x0,
    0x0, 0x0, 0x0, 0x0, 0x12, 0xd6, 0xff, 0xc4,
    0x0, 0x0, 0x0, 0x0, 0x0, 0x0, 0x0, 0x0,
    0x0, 0x0, 0x0, 0x0, 0x0, 0x0, 0x0, 0x0,
    0x13, 0xbe, 0x92, 0x0, 0x0, 0x0, 0x0, 0x0,
    0x0, 0x0, 0x0, 0x0, 0x0, 0x0, 0x0, 0x0,
    0x0, 0x0, 0x0, 0x0, 0x1, 0x19, 0x0, 0x0,

    /* U+0052 "R" */
    0x7c, 0xff, 0xff, 0xff, 0xff, 0xff, 0xff, 0xfb,
    0xf1, 0xd7, 0xad, 0x6e, 0x19, 0x0, 0x0, 0x0,
    0x0, 0x0, 0x7c, 0xff, 0xff, 0xff, 0xff, 0xff,
    0xff, 0xff, 0xff, 0xff, 0xff, 0xff, 0xf8, 0x8a,
    0x6, 0x0, 0x0, 0x0, 0x7c, 0xff, 0xff, 0xff,
    0xff, 0xff, 0xff, 0xff, 0xff, 0xff, 0xff, 0xff,
    0xff, 0xff, 0xb3, 0x2, 0x0, 0x0, 0x7c, 0xff,
    0xff, 0xff, 0xff, 0x58, 0x50, 0x57, 0x6b, 0xa0,
    0xf4, 0xff, 0xff, 0xff, 0xff, 0x6d, 0x0, 0x0,
    0x7c, 0xff, 0xff, 0xff, 0xff, 0xc, 0x0, 0x0,
    0x0, 0x0, 0x1d, 0xde, 0xff, 0xff, 0xff, 0xe3,
    0x2, 0x0, 0x7c, 0xff, 0xff, 0xff, 0xff, 0xc,
    0x0, 0x0, 0x0, 0x0, 0x0, 0x54, 0xff, 0xff,
    0xff, 0xff, 0x35, 0x0, 0x7c, 0xff, 0xff, 0xff,
    0xff, 0xc, 0x0, 0x0, 0x0, 0x0, 0x0, 0x8,
    0xfb, 0xff, 0xff, 0xff, 0x65, 0x0, 0x7c, 0xff,
    0xff, 0xff, 0xff, 0xc, 0x0, 0x0, 0x0, 0x0,
    0x0, 0x0, 0xdd, 0xff, 0xff, 0xff, 0x82, 0x0,
    0x7c, 0xff, 0xff, 0xff, 0xff, 0xc, 0x0, 0x0,
    0x0, 0x0, 0x0, 0x0, 0xd0, 0xff, 0xff, 0xff,
    0x8c, 0x0, 0x7c, 0xff, 0xff, 0xff, 0xff, 0xc,
    0x0, 0x0, 0x0, 0x0, 0x0, 0x0, 0xdd, 0xff,
    0xff, 0xff, 0x83, 0x0, 0x7c, 0xff, 0xff, 0xff,
    0xff, 0xc, 0x0, 0x0, 0x0, 0x0, 0x0, 0x3,
    0xf4, 0xff, 0xff, 0xff, 0x6f, 0x0, 0x7c, 0xff,
    0xff, 0xff, 0xff, 0xc, 0x0, 0x0, 0x0, 0x0,
    0x0, 0x3e, 0xff, 0xff, 0xff, 0xff, 0x43, 0x0,
    0x7c, 0xff, 0xff, 0xff, 0xff, 0xc, 0x0, 0x0,
    0x0, 0x0, 0x6, 0xc8, 0xff, 0xff, 0xff, 0xf4,
    0xb, 0x0, 0x7c, 0xff, 0xff, 0xff, 0xff, 0xc,
    0x0, 0xc, 0x23, 0x5f, 0xd6, 0xff, 0xff, 0xff,
    0xff, 0x9b, 0x0, 0x0, 0x7c, 0xff, 0xff, 0xff,
    0xff, 0xff, 0xff, 0xff, 0xff, 0xff, 0xff, 0xff,
    0xff, 0xff, 0xe6, 0x15, 0x0, 0x0, 0x7c, 0xff,
    0xff, 0xff, 0xff, 0xff, 0xff, 0xff, 0xff, 0xff,
    0xff, 0xff, 0xff, 0xca, 0x22, 0x0, 0x0, 0x0,
    0x7c, 0xff, 0xff, 0xff, 0xff, 0xff, 0xff, 0xff,
    0xff, 0xff, 0xff, 0xff, 0xb3, 0x0, 0x0, 0x0,
    0x0, 0x0, 0x7c, 0xff, 0xff, 0xff, 0xff, 0x58,
    0x50, 0x50, 0x8c, 0xff, 0xff, 0xff, 0xe6, 0x0,
    0x0, 0x0, 0x0, 0x0, 0x7c, 0xff, 0xff, 0xff,
    0xff, 0xc, 0x0, 0x0, 0x1e, 0xff, 0xff, 0xff,
    0xff, 0x2d, 0x0, 0x0, 0x0, 0x0, 0x7c, 0xff,
    0xff, 0xff, 0xff, 0xc, 0x0, 0x0, 0x0, 0xd9,
    0xff, 0xff, 0xff, 0x74, 0x0, 0x0, 0x0, 0x0,
    0x7c, 0xff, 0xff, 0xff, 0xff, 0xc, 0x0, 0x0,
    0x0, 0x94, 0xff, 0xff, 0xff, 0xba, 0x0, 0x0,
    0x0, 0x0, 0x7c, 0xff, 0xff, 0xff, 0xff, 0xc,
    0x0, 0x0, 0x0, 0x4f, 0xff, 0xff, 0xff, 0xf7,
    0x8, 0x0, 0x0, 0x0, 0x7c, 0xff, 0xff, 0xff,
    0xff, 0xc, 0x0, 0x0, 0x0, 0xe, 0xfb, 0xff,
    0xff, 0xff, 0x46, 0x0, 0x0, 0x0, 0x7c, 0xff,
    0xff, 0xff, 0xff, 0xc, 0x0, 0x0, 0x0, 0x0,
    0xc4, 0xff, 0xff, 0xff, 0x8c, 0x0, 0x0, 0x0,
    0x7c, 0xff, 0xff, 0xff, 0xff, 0xc, 0x0, 0x0,
    0x0, 0x0, 0x7f, 0xff, 0xff, 0xff, 0xd3, 0x0,
    0x0, 0x0, 0x7c, 0xff, 0xff, 0xff, 0xff, 0xc,
    0x0, 0x0, 0x0, 0x0, 0x3a, 0xff, 0xff, 0xff,
    0xff, 0x19, 0x0, 0x0, 0x7c, 0xff, 0xff, 0xff,
    0xff, 0xc, 0x0, 0x0, 0x0, 0x0, 0x4, 0xf1,
    0xff, 0xff, 0xff, 0x5f, 0x0, 0x0, 0x7c, 0xff,
    0xff, 0xff, 0xff, 0xc, 0x0, 0x0, 0x0, 0x0,
    0x0, 0xb0, 0xff, 0xff, 0xff, 0xa5, 0x0, 0x0,
    0x7c, 0xff, 0xff, 0xff, 0xff, 0xc, 0x0, 0x0,
    0x0, 0x0, 0x0, 0x6b, 0xff, 0xff, 0xff, 0xea,
    0x1, 0x0, 0x7c, 0xff, 0xff, 0xff, 0xff, 0xc,
    0x0, 0x0, 0x0, 0x0, 0x0, 0x26, 0xff, 0xff,
    0xff, 0xff, 0x32, 0x0, 0x7c, 0xff, 0xff, 0xff,
    0xff, 0xc, 0x0, 0x0, 0x0, 0x0, 0x0, 0x0,
    0xe1, 0xff, 0xff, 0xff, 0x78, 0x0, 0x7c, 0xff,
    0xff, 0xff, 0xff, 0xc, 0x0, 0x0, 0x0, 0x0,
    0x0, 0x0, 0x9c, 0xff, 0xff, 0xff, 0xbe, 0x0,
    0x7c, 0xff, 0xff, 0xff, 0xff, 0xc, 0x0, 0x0,
    0x0, 0x0, 0x0, 0x0, 0x57, 0xff, 0xff, 0xff,
    0xf9, 0xb,

    /* U+0053 "S" */
    0x0, 0x0, 0x0, 0x0, 0x3c, 0x9c, 0xd7, 0xf1,
    0xf9, 0xe8, 0xc1, 0x7e, 0x18, 0x0, 0x0, 0x0,
    0x0, 0x0, 0x0, 0xe, 0xac, 0xff, 0xff, 0xff,
    0xff, 0xff, 0xff, 0xff, 0xff, 0xf7, 0x65, 0x0,
    0x0, 0x0, 0x0, 0x5, 0xc1, 0xff, 0xff, 0xff,
    0xff, 0xff, 0xff, 0xff, 0xff, 0xff, 0xff, 0xff,
    0x63, 0x0, 0x0, 0x0, 0x73, 0xff, 0xff, 0xff,
    0xff, 0xe7, 0xad, 0x9b, 0xc1, 0xfe, 0xff, 0xff,
    0xff, 0xf6, 0x18, 0x0, 0x0, 0xe3, 0xff, 0xff,
    0xff, 0xab, 0xc, 0x0, 0x0, 0x0, 0x3a, 0xf1,
    0xff, 0xff, 0xff, 0x86, 0x0, 0x28, 0xff, 0xff,
    0xff, 0xf2, 0x10, 0x0, 0x0, 0x0, 0x0, 0x0,
    0x5f, 0xff, 0xff, 0xff, 0xda, 0x0, 0x4a, 0xff,
    0xff, 0xff, 0xc7, 0x0, 0x0, 0x0, 0x0, 0x0,
    0x0, 0x6, 0xee, 0xff, 0xff, 0xff, 0x1c, 0x56,
    0xff, 0xff, 0xff, 0xb9, 0x0, 0x0, 0x0, 0x0,
    0x0, 0x0, 0x0, 0xb6, 0xff, 0xff, 0xff, 0x45,
    0x45, 0xff, 0xff, 0xff, 0xda, 0x0, 0x0, 0x0,
    0x0, 0x0, 0x0, 0x0, 0x8d, 0xff, 0xe9, 0xa6,
    0x2c, 0x2d, 0xff, 0xff, 0xff, 0xff, 0x34, 0x0,
    0x0, 0x0, 0x0, 0x0, 0x0, 0x2d, 0x30, 0x1,
    0x0, 0x0, 0x2, 0xea, 0xff, 0xff, 0xff, 0xd2,
    0xd, 0x0, 0x0, 0x0, 0x0, 0x0, 0x0, 0x0,
    0x0, 0x0, 0x0, 0x0, 0x96, 0xff, 0xff, 0xff,
    0xff, 0xc4, 0x10, 0x0, 0x0, 0x0, 0x0, 0x0,
    0x0, 0x0, 0x0, 0x0, 0x0, 0x15, 0xee, 0xff,
    0xff, 0xff, 0xff, 0xd5, 0x1f, 0x0, 0x0, 0x0,
    0x0, 0x0, 0x0, 0x0, 0x0, 0x0, 0x0, 0x4a,
    0xfa, 0xff, 0xff, 0xff, 0xff, 0xe6, 0x32, 0x0,
    0x0, 0x0, 0x0, 0x0, 0x0, 0x0, 0x0, 0x0,
    0x0, 0x52, 0xf9, 0xff, 0xff, 0xff, 0xff, 0xf3,
    0x49, 0x0, 0x0, 0x0, 0x0, 0x0, 0x0, 0x0,
    0x0, 0x0, 0x0, 0x3f, 0xef, 0xff, 0xff, 0xff,
    0xff, 0xfc, 0x66, 0x0, 0x0, 0x0, 0x0, 0x0,
    0x0, 0x0, 0x0, 0x0, 0x0, 0x2a, 0xe0, 0xff,
    0xff, 0xff, 0xff, 0xff, 0x7e, 0x0, 0x0, 0x0,
    0x0, 0x0, 0x0, 0x0, 0x0, 0x0, 0x0, 0x19,
    0xcd, 0xff, 0xff, 0xff, 0xff, 0xff, 0x7e, 0x0,
    0x0, 0x0, 0x0, 0x0, 0x0, 0x0, 0x0, 0x0,
    0x0, 0xc, 0xb6, 0xff, 0xff, 0xff, 0xff, 0xff,
    0x5c, 0x0, 0x0, 0x0, 0x0, 0x0, 0x0, 0x0,
    0x0, 0x0, 0x0, 0x4, 0xa1, 0xff, 0xff, 0xff,
    0xff, 0xf2, 0x24, 0x0, 0x0, 0x0, 0x0, 0x0,
    0x0, 0x0, 0x0, 0x0, 0x0, 0x2, 0x9d, 0xff,
    0xff, 0xff, 0xff, 0xbd, 0x0, 0x0, 0x0, 0x0,
    0x0, 0x0, 0x0, 0x0, 0x0, 0x0, 0x0, 0x3,
    0xba, 0xff, 0xff, 0xff, 0xff, 0x37, 0x0, 0x0,
    0x9, 0x46, 0x4a, 0x0, 0x0, 0x0, 0x0, 0x0,
    0x0, 0x18, 0xf7, 0xff, 0xff, 0xff, 0x8d, 0x38,
    0xbc, 0xf8, 0xff, 0xaf, 0x0, 0x0, 0x0, 0x0,
    0x0, 0x0, 0x0, 0x9b, 0xff, 0xff, 0xff, 0xc3,
    0x4e, 0xff, 0xff, 0xff, 0xd5, 0x0, 0x0, 0x0,
    0x0, 0x0, 0x0, 0x0, 0x6b, 0xff, 0xff, 0xff,
    0xdf, 0x2c, 0xff, 0xff, 0xff, 0xfd, 0xe, 0x0,
    0x0, 0x0, 0x0, 0x0, 0x0, 0x50, 0xff, 0xff,
    0xff, 0xe4, 0x6, 0xf1, 0xff, 0xff, 0xff, 0x61,
    0x0, 0x0, 0x0, 0x0, 0x0, 0x0, 0x6a, 0xff,
    0xff, 0xff, 0xc9, 0x0, 0xa4, 0xff, 0xff, 0xff,
    0xd7, 0x9, 0x0, 0x0, 0x0, 0x0, 0x0, 0xb2,
    0xff, 0xff, 0xff, 0xa5, 0x0, 0x44, 0xff, 0xff,
    0xff, 0xff, 0xae, 0x12, 0x0, 0x0, 0x1, 0x70,
    0xff, 0xff, 0xff, 0xff, 0x4a, 0x0, 0x0, 0xac,
    0xff, 0xff, 0xff, 0xff, 0xf2, 0xc3, 0xb6, 0xe1,
    0xff, 0xff, 0xff, 0xff, 0xd3, 0x2, 0x0, 0x0,
    0x18, 0xd7, 0xff, 0xff, 0xff, 0xff, 0xff, 0xff,
    0xff, 0xff, 0xff, 0xff, 0xf1, 0x25, 0x0, 0x0,
    0x0, 0x0, 0x12, 0xbf, 0xff, 0xff, 0xff, 0xff,
    0xff, 0xff, 0xff, 0xff, 0xd0, 0x29, 0x0, 0x0,
    0x0, 0x0, 0x0, 0x0, 0x1, 0x4e, 0xa7, 0xdd,
    0xf7, 0xf6, 0xdb, 0xaf, 0x54, 0x5, 0x0, 0x0,
    0x0,

    /* U+0054 "T" */
    0x68, 0xff, 0xff, 0xff, 0xff, 0xff, 0xff, 0xff,
    0xff, 0xff, 0xff, 0xff, 0xff, 0xff, 0xff, 0xec,
    0x68, 0xff, 0xff, 0xff, 0xff, 0xff, 0xff, 0xff,
    0xff, 0xff, 0xff, 0xff, 0xff, 0xff, 0xff, 0xec,
    0x68, 0xff, 0xff, 0xff, 0xff, 0xff, 0xff, 0xff,
    0xff, 0xff, 0xff, 0xff, 0xff, 0xff, 0xff, 0xec,
    0x2d, 0x70, 0x70, 0x70, 0x70, 0x70, 0xf4, 0xff,
    0xff, 0xff, 0xc5, 0x70, 0x70, 0x70, 0x70, 0x67,
    0x0, 0x0, 0x0, 0x0, 0x0, 0x0, 0xec, 0xff,
    0xff, 0xff, 0x98, 0x0, 0x0, 0x0, 0x0, 0x0,
    0x0, 0x0, 0x0, 0x0, 0x0, 0x0, 0xec, 0xff,
    0xff, 0xff, 0x98, 0x0, 0x0, 0x0, 0x0, 0x0,
    0x0, 0x0, 0x0, 0x0, 0x0, 0x0, 0xec, 0xff,
    0xff, 0xff, 0x98, 0x0, 0x0, 0x0, 0x0, 0x0,
    0x0, 0x0, 0x0, 0x0, 0x0, 0x0, 0xec, 0xff,
    0xff, 0xff, 0x98, 0x0, 0x0, 0x0, 0x0, 0x0,
    0x0, 0x0, 0x0, 0x0, 0x0, 0x0, 0xec, 0xff,
    0xff, 0xff, 0x98, 0x0, 0x0, 0x0, 0x0, 0x0,
    0x0, 0x0, 0x0, 0x0, 0x0, 0x0, 0xec, 0xff,
    0xff, 0xff, 0x98, 0x0, 0x0, 0x0, 0x0, 0x0,
    0x0, 0x0, 0x0, 0x0, 0x0, 0x0, 0xec, 0xff,
    0xff, 0xff, 0x98, 0x0, 0x0, 0x0, 0x0, 0x0,
    0x0, 0x0, 0x0, 0x0, 0x0, 0x0, 0xec, 0xff,
    0xff, 0xff, 0x98, 0x0, 0x0, 0x0, 0x0, 0x0,
    0x0, 0x0, 0x0, 0x0, 0x0, 0x0, 0xec, 0xff,
    0xff, 0xff, 0x98, 0x0, 0x0, 0x0, 0x0, 0x0,
    0x0, 0x0, 0x0, 0x0, 0x0, 0x0, 0xec, 0xff,
    0xff, 0xff, 0x98, 0x0, 0x0, 0x0, 0x0, 0x0,
    0x0, 0x0, 0x0, 0x0, 0x0, 0x0, 0xec, 0xff,
    0xff, 0xff, 0x98, 0x0, 0x0, 0x0, 0x0, 0x0,
    0x0, 0x0, 0x0, 0x0, 0x0, 0x0, 0xec, 0xff,
    0xff, 0xff, 0x98, 0x0, 0x0, 0x0, 0x0, 0x0,
    0x0, 0x0, 0x0, 0x0, 0x0, 0x0, 0xec, 0xff,
    0xff, 0xff, 0x98, 0x0, 0x0, 0x0, 0x0, 0x0,
    0x0, 0x0, 0x0, 0x0, 0x0, 0x0, 0xec, 0xff,
    0xff, 0xff, 0x98, 0x0, 0x0, 0x0, 0x0, 0x0,
    0x0, 0x0, 0x0, 0x0, 0x0, 0x0, 0xec, 0xff,
    0xff, 0xff, 0x98, 0x0, 0x0, 0x0, 0x0, 0x0,
    0x0, 0x0, 0x0, 0x0, 0x0, 0x0, 0xec, 0xff,
    0xff, 0xff, 0x98, 0x0, 0x0, 0x0, 0x0, 0x0,
    0x0, 0x0, 0x0, 0x0, 0x0, 0x0, 0xec, 0xff,
    0xff, 0xff, 0x98, 0x0, 0x0, 0x0, 0x0, 0x0,
    0x0, 0x0, 0x0, 0x0, 0x0, 0x0, 0xec, 0xff,
    0xff, 0xff, 0x98, 0x0, 0x0, 0x0, 0x0, 0x0,
    0x0, 0x0, 0x0, 0x0, 0x0, 0x0, 0xec, 0xff,
    0xff, 0xff, 0x98, 0x0, 0x0, 0x0, 0x0, 0x0,
    0x0, 0x0, 0x0, 0x0, 0x0, 0x0, 0xec, 0xff,
    0xff, 0xff, 0x98, 0x0, 0x0, 0x0, 0x0, 0x0,
    0x0, 0x0, 0x0, 0x0, 0x0, 0x0, 0xec, 0xff,
    0xff, 0xff, 0x98, 0x0, 0x0, 0x0, 0x0, 0x0,
    0x0, 0x0, 0x0, 0x0, 0x0, 0x0, 0xec, 0xff,
    0xff, 0xff, 0x98, 0x0, 0x0, 0x0, 0x0, 0x0,
    0x0, 0x0, 0x0, 0x0, 0x0, 0x0, 0xec, 0xff,
    0xff, 0xff, 0x98, 0x0, 0x0, 0x0, 0x0, 0x0,
    0x0, 0x0, 0x0, 0x0, 0x0, 0x0, 0xec, 0xff,
    0xff, 0xff, 0x98, 0x0, 0x0, 0x0, 0x0, 0x0,
    0x0, 0x0, 0x0, 0x0, 0x0, 0x0, 0xec, 0xff,
    0xff, 0xff, 0x98, 0x0, 0x0, 0x0, 0x0, 0x0,
    0x0, 0x0, 0x0, 0x0, 0x0, 0x0, 0xec, 0xff,
    0xff, 0xff, 0x98, 0x0, 0x0, 0x0, 0x0, 0x0,
    0x0, 0x0, 0x0, 0x0, 0x0, 0x0, 0xec, 0xff,
    0xff, 0xff, 0x98, 0x0, 0x0, 0x0, 0x0, 0x0,
    0x0, 0x0, 0x0, 0x0, 0x0, 0x0, 0xec, 0xff,
    0xff, 0xff, 0x98, 0x0, 0x0, 0x0, 0x0, 0x0,
    0x0, 0x0, 0x0, 0x0, 0x0, 0x0, 0xec, 0xff,
    0xff, 0xff, 0x98, 0x0, 0x0, 0x0, 0x0, 0x0,

    /* U+0055 "U" */
    0xc4, 0xff, 0xff, 0xff, 0x90, 0x0, 0x0, 0x0,
    0x0, 0x0, 0x0, 0x0, 0x0, 0xcc, 0xff, 0xff,
    0xff, 0x7c, 0xc4, 0xff, 0xff, 0xff, 0x90, 0x0,
    0x0, 0x0, 0x0, 0x0, 0x0, 0x0, 0x0, 0xcc,
    0xff, 0xff, 0xff, 0x7c, 0xc4, 0xff, 0xff, 0xff,
    0x90, 0x0, 0x0, 0x0, 0x0, 0x0, 0x0, 0x0,
    0x0, 0xcc, 0xff, 0xff, 0xff, 0x7c, 0xc4, 0xff,
    0xff, 0xff, 0x90, 0x0, 0x0, 0x0, 0x0, 0x0,
    0x0, 0x0, 0x0, 0xcc, 0xff, 0xff, 0xff, 0x7c,
    0xc4, 0xff, 0xff, 0xff, 0x90, 0x0, 0x0, 0x0,
    0x0, 0x0, 0x0, 0x0, 0x0, 0xcc, 0xff, 0xff,
    0xff, 0x7c, 0xc4, 0xff, 0xff, 0xff, 0x90, 0x0,
    0x0, 0x0, 0x0, 0x0, 0x0, 0x0, 0x0, 0xcc,
    0xff, 0xff, 0xff, 0x7c, 0xc4, 0xff, 0xff, 0xff,
    0x90, 0x0, 0x0, 0x0, 0x0, 0x0, 0x0, 0x0,
    0x0, 0xcc, 0xff, 0xff, 0xff, 0x7c, 0xc4, 0xff,
    0xff, 0xff, 0x90, 0x0, 0x0, 0x0, 0x0, 0x0,
    0x0, 0x0, 0x0, 0xcc, 0xff, 0xff, 0xff, 0x7c,
    0xc4, 0xff, 0xff, 0xff, 0x90, 0x0, 0x0, 0x0,
    0x0, 0x0, 0x0, 0x0, 0x0, 0xcc, 0xff, 0xff,
    0xff, 0x7c, 0xc4, 0xff, 0xff, 0xff, 0x90, 0x0,
    0x0, 0x0, 0x0, 0x0, 0x0, 0x0, 0x0, 0xcc,
    0xff, 0xff, 0xff, 0x7c, 0xc4, 0xff, 0xff, 0xff,
    0x90, 0x0, 0x0, 0x0, 0x0, 0x0, 0x0, 0x0,
    0x0, 0xcc, 0xff, 0xff, 0xff, 0x7c, 0xc4, 0xff,
    0xff, 0xff, 0x90, 0x0, 0x0, 0x0, 0x0, 0x0,
    0x0, 0x0, 0x0, 0xcc, 0xff, 0xff, 0xff, 0x7c,
    0xc4, 0xff, 0xff, 0xff, 0x90, 0x0, 0x0, 0x0,
    0x0, 0x0, 0x0, 0x0, 0x0, 0xcc, 0xff, 0xff,
    0xff, 0x7c, 0xc4, 0xff, 0xff, 0xff, 0x90, 0x0,
    0x0, 0x0, 0x0, 0x0, 0x0, 0x0, 0x0, 0xcc,
    0xff, 0xff, 0xff, 0x7c, 0xc4, 0xff, 0xff, 0xff,
    0x90, 0x0, 0x0, 0x0, 0x0, 0x0, 0x0, 0x0,
    0x0, 0xcc, 0xff, 0xff, 0xff, 0x7c, 0xc4, 0xff,
    0xff, 0xff, 0x90, 0x0, 0x0, 0x0, 0x0, 0x0,
    0x0, 0x0, 0x0, 0xcc, 0xff, 0xff, 0xff, 0x7c,
    0xc4, 0xff, 0xff, 0xff, 0x90, 0x0, 0x0, 0x0,
    0x0, 0x0, 0x0, 0x0, 0x0, 0xcc, 0xff, 0xff,
    0xff, 0x7c, 0xc4, 0xff, 0xff, 0xff, 0x90, 0x0,
    0x0, 0x0, 0x0, 0x0, 0x0, 0x0, 0x0, 0xcc,
    0xff, 0xff, 0xff, 0x7c, 0xc4, 0xff, 0xff, 0xff,
    0x90, 0x0, 0x0, 0x0, 0x0, 0x0, 0x0, 0x0,
    0x0, 0xcc, 0xff, 0xff, 0xff, 0x7c, 0xc4, 0xff,
    0xff, 0xff, 0x90, 0x0, 0x0, 0x0, 0x0, 0x0,
    0x0, 0x0, 0x0, 0xcc, 0xff, 0xff, 0xff, 0x7c,
    0xc4, 0xff, 0xff, 0xff, 0x90, 0x0, 0x0, 0x0,
    0x0, 0x0, 0x0, 0x0, 0x0, 0xcc, 0xff, 0xff,
    0xff, 0x7c, 0xc3, 0xff, 0xff, 0xff, 0x90, 0x0,
    0x0, 0x0, 0x0, 0x0, 0x0, 0x0, 0x0, 0xcc,
    0xff, 0xff, 0xff, 0x7a, 0xb8, 0xff, 0xff, 0xff,
    0x95, 0x0, 0x0, 0x0, 0x0, 0x0, 0x0, 0x0,
    0x0, 0xd2, 0xff, 0xff, 0xff, 0x6f, 0xab, 0xff,
    0xff, 0xff, 0x9f, 0x0, 0x0, 0x0, 0x0, 0x0,
    0x0, 0x0, 0x0, 0xdb, 0xff, 0xff, 0xff, 0x62,
    0x9d, 0xff, 0xff, 0xff, 0xb6, 0x0, 0x0, 0x0,
    0x0, 0x0, 0x0, 0x0, 0x0, 0xf3, 0xff, 0xff,
    0xff, 0x53, 0x7a, 0xff, 0xff, 0xff, 0xd7, 0x0,
    0x0, 0x0, 0x0, 0x0, 0x0, 0x0, 0x14, 0xff,
    0xff, 0xff, 0xff, 0x30, 0x4c, 0xff, 0xff, 0xff,
    0xff, 0x1a, 0x0, 0x0, 0x0, 0x0, 0x0, 0x0,
    0x55, 0xff, 0xff, 0xff, 0xfa, 0x6, 0x1a, 0xff,
    0xff, 0xff, 0xff, 0x84, 0x0, 0x0, 0x0, 0x0,
    0x0, 0x0, 0xbe, 0xff, 0xff, 0xff, 0xcd, 0x0,
    0x0, 0xc8, 0xff, 0xff, 0xff, 0xfa, 0x60, 0x0,
    0x0, 0x0, 0x7, 0x8c, 0xff, 0xff, 0xff, 0xff,
    0x7d, 0x0, 0x0, 0x50, 0xff, 0xff, 0xff, 0xff,
    0xff, 0xe0, 0xb7, 0xbf, 0xeb, 0xff, 0xff, 0xff,
    0xff, 0xf2, 0x14, 0x0, 0x0, 0x0, 0xa1, 0xff,
    0xff, 0xff, 0xff, 0xff, 0xff, 0xff, 0xff, 0xff,
    0xff, 0xff, 0xff, 0x5b, 0x0, 0x0, 0x0, 0x0,
    0x4, 0x94, 0xfe, 0xff, 0xff, 0xff, 0xff, 0xff,
    0xff, 0xff, 0xff, 0xf2, 0x5f, 0x0, 0x0, 0x0,
    0x0, 0x0, 0x0, 0x0, 0x2e, 0x8d, 0xc8, 0xed,
    0xfb, 0xf8, 0xe7, 0xbd, 0x78, 0x18, 0x0, 0x0,
    0x0, 0x0,

    /* U+0056 "V" */
    0x3, 0xf4, 0xff, 0xff, 0xff, 0x42, 0x0, 0x0,
    0x0, 0x0, 0x0, 0x0, 0x0, 0x0, 0x1, 0xf0,
    0xff, 0xff, 0xff, 0x2b, 0x0, 0xc0, 0xff, 0xff,
    0xff, 0x78, 0x0, 0x0, 0x0, 0x0, 0x0, 0x0,
    0x0, 0x0, 0x25, 0xff, 0xff, 0xff, 0xf2, 0x2,
    0x0, 0x88, 0xff, 0xff, 0xff, 0xae, 0x0, 0x0,
    0x0, 0x0, 0x0, 0x0, 0x0, 0x0, 0x58, 0xff,
    0xff, 0xff, 0xbc, 0x0, 0x0, 0x50, 0xff, 0xff,
    0xff, 0xe4, 0x0, 0x0, 0x0, 0x0, 0x0, 0x0,
    0x0, 0x0, 0x8c, 0xff, 0xff, 0xff, 0x85, 0x0,
    0x0, 0x17, 0xff, 0xff, 0xff, 0xff, 0x1a, 0x0,
    0x0, 0x0, 0x0, 0x0, 0x0, 0x0, 0xbf, 0xff,
    0xff, 0xff, 0x4d, 0x0, 0x0, 0x0, 0xe0, 0xff,
    0xff, 0xff, 0x50, 0x0, 0x0, 0x0, 0x0, 0x0,
    0x0, 0x1, 0xf0, 0xff, 0xff, 0xff, 0x16, 0x0,
    0x0, 0x0, 0xa8, 0xff, 0xff, 0xff, 0x86, 0x0,
    0x0, 0x0, 0x0, 0x0, 0x0, 0x26, 0xff, 0xff,
    0xff, 0xde, 0x0, 0x0, 0x0, 0x0, 0x70, 0xff,
    0xff, 0xff, 0xbc, 0x0, 0x0, 0x0, 0x0, 0x0,
    0x0, 0x59, 0xff, 0xff, 0xff, 0xa7, 0x0, 0x0,
    0x0, 0x0, 0x37, 0xff, 0xff, 0xff, 0xf0, 0x1,
    0x0, 0x0, 0x0, 0x0, 0x0, 0x8c, 0xff, 0xff,
    0xff, 0x6f, 0x0, 0x0, 0x0, 0x0, 0x6, 0xf8,
    0xff, 0xff, 0xff, 0x28, 0x0, 0x0, 0x0, 0x0,
    0x0, 0xbf, 0xff, 0xff, 0xff, 0x38, 0x0, 0x0,
    0x0, 0x0, 0x0, 0xc7, 0xff, 0xff, 0xff, 0x5e,
    0x0, 0x0, 0x0, 0x0, 0x1, 0xf1, 0xff, 0xff,
    0xf9, 0x7, 0x0, 0x0, 0x0, 0x0, 0x0, 0x8f,
    0xff, 0xff, 0xff, 0x94, 0x0, 0x0, 0x0, 0x0,
    0x26, 0xff, 0xff, 0xff, 0xc9, 0x0, 0x0, 0x0,
    0x0, 0x0, 0x0, 0x57, 0xff, 0xff, 0xff, 0xca,
    0x0, 0x0, 0x0, 0x0, 0x59, 0xff, 0xff, 0xff,
    0x91, 0x0, 0x0, 0x0, 0x0, 0x0, 0x0, 0x1f,
    0xff, 0xff, 0xff, 0xf9, 0x6, 0x0, 0x0, 0x0,
    0x8d, 0xff, 0xff, 0xff, 0x5a, 0x0, 0x0, 0x0,
    0x0, 0x0, 0x0, 0x0, 0xe6, 0xff, 0xff, 0xff,
    0x35, 0x0, 0x0, 0x0, 0xc0, 0xff, 0xff, 0xff,
    0x22, 0x0, 0x0, 0x0, 0x0, 0x0, 0x0, 0x0,
    0xaf, 0xff, 0xff, 0xff, 0x6b, 0x0, 0x0, 0x1,
    0xf1, 0xff, 0xff, 0xea, 0x0, 0x0, 0x0, 0x0,
    0x0, 0x0, 0x0, 0x0, 0x76, 0xff, 0xff, 0xff,
    0xa1, 0x0, 0x0, 0x27, 0xff, 0xff, 0xff, 0xb3,
    0x0, 0x0, 0x0, 0x0, 0x0, 0x0, 0x0, 0x0,
    0x3e, 0xff, 0xff, 0xff, 0xd7, 0x0, 0x0, 0x5a,
    0xff, 0xff, 0xff, 0x7c, 0x0, 0x0, 0x0, 0x0,
    0x0, 0x0, 0x0, 0x0, 0xa, 0xfb, 0xff, 0xff,
    0xfe, 0xf, 0x0, 0x8d, 0xff, 0xff, 0xff, 0x44,
    0x0, 0x0, 0x0, 0x0, 0x0, 0x0, 0x0, 0x0,
    0x0, 0xce, 0xff, 0xff, 0xff, 0x43, 0x0, 0xc0,
    0xff, 0xff, 0xfe, 0xf, 0x0, 0x0, 0x0, 0x0,
    0x0, 0x0, 0x0, 0x0, 0x0, 0x96, 0xff, 0xff,
    0xff, 0x79, 0x1, 0xf1, 0xff, 0xff, 0xd5, 0x0,
    0x0, 0x0, 0x0, 0x0, 0x0, 0x0, 0x0, 0x0,
    0x0, 0x5e, 0xff, 0xff, 0xff, 0xaf, 0x27, 0xff,
    0xff, 0xff, 0x9e, 0x0, 0x0, 0x0, 0x0, 0x0,
    0x0, 0x0, 0x0, 0x0, 0x0, 0x26, 0xff, 0xff,
    0xff, 0xe5, 0x5a, 0xff, 0xff, 0xff, 0x66, 0x0,
    0x0, 0x0, 0x0, 0x0, 0x0, 0x0, 0x0, 0x0,
    0x0, 0x0, 0xec, 0xff, 0xff, 0xff, 0xa9, 0xff,
    0xff, 0xff, 0x2f, 0x0, 0x0, 0x0, 0x0, 0x0,
    0x0, 0x0, 0x0, 0x0, 0x0, 0x0, 0xb5, 0xff,
    0xff, 0xff, 0xfa, 0xff, 0xff, 0xf4, 0x3, 0x0,
    0x0, 0x0, 0x0, 0x0, 0x0, 0x0, 0x0, 0x0,
    0x0, 0x0, 0x7d, 0xff, 0xff, 0xff, 0xff, 0xff,
    0xff, 0xc0, 0x0, 0x0, 0x0, 0x0, 0x0, 0x0,
    0x0, 0x0, 0x0, 0x0, 0x0, 0x0, 0x45, 0xff,
    0xff, 0xff, 0xff, 0xff, 0xff, 0x88, 0x0, 0x0,
    0x0, 0x0, 0x0, 0x0, 0x0, 0x0, 0x0, 0x0,
    0x0, 0x0, 0xe, 0xfd, 0xff, 0xff, 0xff, 0xff,
    0xff, 0x51, 0x0, 0x0, 0x0, 0x0, 0x0, 0x0,
    0x0, 0x0, 0x0, 0x0, 0x0, 0x0, 0x0, 0xd5,
    0xff, 0xff, 0xff, 0xff, 0xff, 0x19, 0x0, 0x0,
    0x0, 0x0, 0x0, 0x0, 0x0, 0x0, 0x0, 0x0,
    0x0, 0x0, 0x0, 0x9d, 0xff, 0xff, 0xff, 0xff,
    0xe2, 0x0, 0x0, 0x0, 0x0, 0x0, 0x0, 0x0,
    0x0, 0x0, 0x0, 0x0, 0x0, 0x0, 0x0, 0x65,
    0xff, 0xff, 0xff, 0xff, 0xaa, 0x0, 0x0, 0x0,
    0x0, 0x0, 0x0, 0x0, 0x0, 0x0, 0x0, 0x0,
    0x0, 0x0, 0x0, 0x2d, 0xff, 0xff, 0xff, 0xff,
    0x73, 0x0, 0x0, 0x0, 0x0, 0x0, 0x0, 0x0,
    0x0, 0x0, 0x0, 0x0, 0x0, 0x0, 0x0, 0x2,
    0xf1, 0xff, 0xff, 0xff, 0x3b, 0x0, 0x0, 0x0,
    0x0, 0x0, 0x0, 0x0,

    /* U+0057 "W" */
    0x7c, 0xff, 0xff, 0xff, 0x46, 0x0, 0x0, 0x0,
    0x0, 0x0, 0x0, 0xd, 0xfe, 0xff, 0xff, 0x53,
    0x0, 0x0, 0x0, 0x0, 0x0, 0x0, 0x8, 0xfe,
    0xff, 0xff, 0xa3, 0x53, 0xff, 0xff, 0xff, 0x6c,
    0x0, 0x0, 0x0, 0x0, 0x0, 0x0, 0x3b, 0xff,
    0xff, 0xff, 0x82, 0x0, 0x0, 0x0, 0x0, 0x0,
    0x0, 0x2b, 0xff, 0xff, 0xff, 0x7b, 0x2a, 0xff,
    0xff, 0xff, 0x91, 0x0, 0x0, 0x0, 0x0, 0x0,
    0x0, 0x6a, 0xff, 0xff, 0xff, 0xb2, 0x0, 0x0,
    0x0, 0x0, 0x0, 0x0, 0x50, 0xff, 0xff, 0xff,
    0x52, 0x5, 0xfb, 0xff, 0xff, 0xb7, 0x0, 0x0,
    0x0, 0x0, 0x0, 0x0, 0x99, 0xff, 0xff, 0xff,
    0xe1, 0x0, 0x0, 0x0, 0x0, 0x0, 0x0, 0x74,
    0xff, 0xff, 0xff, 0x2a, 0x0, 0xd8, 0xff, 0xff,
    0xdd, 0x0, 0x0, 0x0, 0x0, 0x0, 0x0, 0xc8,
    0xff, 0xff, 0xff, 0xff, 0x11, 0x0, 0x0, 0x0,
    0x0, 0x0, 0x99, 0xff, 0xff, 0xfc, 0x6, 0x0,
    0xaf, 0xff, 0xff, 0xfc, 0x6, 0x0, 0x0, 0x0,
    0x0, 0x2, 0xf4, 0xff, 0xff, 0xff, 0xff, 0x40,
    0x0, 0x0, 0x0, 0x0, 0x0, 0xbd, 0xff, 0xff,
    0xd9, 0x0, 0x0, 0x86, 0xff, 0xff, 0xff, 0x28,
    0x0, 0x0, 0x0, 0x0, 0x26, 0xff, 0xff, 0xff,
    0xff, 0xff, 0x6f, 0x0, 0x0, 0x0, 0x0, 0x0,
    0xe2, 0xff, 0xff, 0xb1, 0x0, 0x0, 0x5d, 0xff,
    0xff, 0xff, 0x4d, 0x0, 0x0, 0x0, 0x0, 0x55,
    0xff, 0xff, 0xff, 0xff, 0xff, 0x9e, 0x0, 0x0,
    0x0, 0x0, 0x8, 0xfe, 0xff, 0xff, 0x89, 0x0,
    0x0, 0x34, 0xff, 0xff, 0xff, 0x73, 0x0, 0x0,
    0x0, 0x0, 0x84, 0xff, 0xff, 0xf7, 0xff, 0xff,
    0xce, 0x0, 0x0, 0x0, 0x0, 0x2b, 0xff, 0xff,
    0xff, 0x60, 0x0, 0x0, 0xc, 0xfe, 0xff, 0xff,
    0x99, 0x0, 0x0, 0x0, 0x0, 0xb3, 0xff, 0xff,
    0xa7, 0xff, 0xff, 0xf8, 0x4, 0x0, 0x0, 0x0,
    0x50, 0xff, 0xff, 0xff, 0x38, 0x0, 0x0, 0x0,
    0xe2, 0xff, 0xff, 0xbe, 0x0, 0x0, 0x0, 0x0,
    0xe2, 0xff, 0xff, 0x5b, 0xec, 0xff, 0xff, 0x2c,
    0x0, 0x0, 0x0, 0x74, 0xff, 0xff, 0xff, 0x10,
    0x0, 0x0, 0x0, 0xb9, 0xff, 0xff, 0xe4, 0x0,
    0x0, 0x0, 0x11, 0xff, 0xff, 0xff, 0x2b, 0xbd,
    0xff, 0xff, 0x5c, 0x0, 0x0, 0x0, 0x99, 0xff,
    0xff, 0xe7, 0x0, 0x0, 0x0, 0x0, 0x90, 0xff,
    0xff, 0xfe, 0xa, 0x0, 0x0, 0x40, 0xff, 0xff,
    0xf7, 0x3, 0x8e, 0xff, 0xff, 0x8b, 0x0, 0x0,
    0x0, 0xbe, 0xff, 0xff, 0xbf, 0x0, 0x0, 0x0,
    0x0, 0x67, 0xff, 0xff, 0xff, 0x2f, 0x0, 0x0,
    0x6f, 0xff, 0xff, 0xcb, 0x0, 0x5f, 0xff, 0xff,
    0xba, 0x0, 0x0, 0x0, 0xe2, 0xff, 0xff, 0x96,
    0x0, 0x0, 0x0, 0x0, 0x3e, 0xff, 0xff, 0xff,
    0x55, 0x0, 0x0, 0x9e, 0xff, 0xff, 0x9c, 0x0,
    0x2f, 0xff, 0xff, 0xe9, 0x0, 0x0, 0x8, 0xfe,
    0xff, 0xff, 0x6e, 0x0, 0x0, 0x0, 0x0, 0x15,
    0xff, 0xff, 0xff, 0x7a, 0x0, 0x0, 0xcd, 0xff,
    0xff, 0x6c, 0x0, 0x6, 0xfa, 0xff, 0xff, 0x19,
    0x0, 0x2b, 0xff, 0xff, 0xff, 0x46, 0x0, 0x0,
    0x0, 0x0, 0x0, 0xec, 0xff, 0xff, 0xa0, 0x0,
    0x4, 0xf8, 0xff, 0xff, 0x3c, 0x0, 0x0, 0xd1,
    0xff, 0xff, 0x48, 0x0, 0x50, 0xff, 0xff, 0xff,
    0x1d, 0x0, 0x0, 0x0, 0x0, 0x0, 0xc3, 0xff,
    0xff, 0xc5, 0x0, 0x2b, 0xff, 0xff, 0xfe, 0xd,
    0x0, 0x0, 0xa1, 0xff, 0xff, 0x78, 0x0, 0x75,
    0xff, 0xff, 0xf4, 0x1, 0x0, 0x0, 0x0, 0x0,
    0x0, 0x9a, 0xff, 0xff, 0xeb, 0x0, 0x5a, 0xff,
    0xff, 0xdc, 0x0, 0x0, 0x0, 0x72, 0xff, 0xff,
    0xa7, 0x0, 0x99, 0xff, 0xff, 0xcd, 0x0, 0x0,
    0x0, 0x0, 0x0, 0x0, 0x71, 0xff, 0xff, 0xff,
    0x11, 0x8a, 0xff, 0xff, 0xad, 0x0, 0x0, 0x0,
    0x43, 0xff, 0xff, 0xd6, 0x0, 0xbe, 0xff, 0xff,
    0xa4, 0x0, 0x0, 0x0, 0x0, 0x0, 0x0, 0x48,
    0xff, 0xff, 0xff, 0x36, 0xb9, 0xff, 0xff, 0x7d,
    0x0, 0x0, 0x0, 0x13, 0xff, 0xff, 0xfc, 0x9,
    0xe2, 0xff, 0xff, 0x7c, 0x0, 0x0, 0x0, 0x0,
    0x0, 0x0, 0x1f, 0xff, 0xff, 0xff, 0x5c, 0xe8,
    0xff, 0xff, 0x4d, 0x0, 0x0, 0x0, 0x0, 0xe4,
    0xff, 0xff, 0x3e, 0xfe, 0xff, 0xff, 0x53, 0x0,
    0x0, 0x0, 0x0, 0x0, 0x0, 0x1, 0xf4, 0xff,
    0xff, 0x98, 0xff, 0xff, 0xff, 0x1d, 0x0, 0x0,
    0x0, 0x0, 0xb5, 0xff, 0xff, 0x90, 0xff, 0xff,
    0xff, 0x2b, 0x0, 0x0, 0x0, 0x0, 0x0, 0x0,
    0x0, 0xcd, 0xff, 0xff, 0xea, 0xff, 0xff, 0xed,
    0x0, 0x0, 0x0, 0x0, 0x0, 0x86, 0xff, 0xff,
    0xe3, 0xff, 0xff, 0xfc, 0x6, 0x0, 0x0, 0x0,
    0x0, 0x0, 0x0, 0x0, 0xa4, 0xff, 0xff, 0xff,
    0xff, 0xff, 0xbe, 0x0, 0x0, 0x0, 0x0, 0x0,
    0x56, 0xff, 0xff, 0xff, 0xff, 0xff, 0xda, 0x0,
    0x0, 0x0, 0x0, 0x0, 0x0, 0x0, 0x0, 0x7b,
    0xff, 0xff, 0xff, 0xff, 0xff, 0x8e, 0x0, 0x0,
    0x0, 0x0, 0x0, 0x27, 0xff, 0xff, 0xff, 0xff,
    0xff, 0xb2, 0x0, 0x0, 0x0, 0x0, 0x0, 0x0,
    0x0, 0x0, 0x52, 0xff, 0xff, 0xff, 0xff, 0xff,
    0x5e, 0x0, 0x0, 0x0, 0x0, 0x0, 0x2, 0xf5,
    0xff, 0xff, 0xff, 0xff, 0x8a, 0x0, 0x0, 0x0,
    0x0, 0x0, 0x0, 0x0, 0x0, 0x29, 0xff, 0xff,
    0xff, 0xff, 0xff, 0x2e, 0x0, 0x0, 0x0, 0x0,
    0x0, 0x0, 0xc8, 0xff, 0xff, 0xff, 0xff, 0x61,
    0x0, 0x0, 0x0, 0x0, 0x0, 0x0, 0x0, 0x0,
    0x5, 0xfb, 0xff, 0xff, 0xff, 0xf9, 0x5, 0x0,
    0x0, 0x0, 0x0, 0x0, 0x0, 0x99, 0xff, 0xff,
    0xff, 0xff, 0x39, 0x0, 0x0, 0x0, 0x0, 0x0,
    0x0, 0x0, 0x0, 0x0, 0xd7, 0xff, 0xff, 0xff,
    0xcf, 0x0, 0x0, 0x0, 0x0, 0x0, 0x0, 0x0,
    0x6a, 0xff, 0xff, 0xff, 0xff, 0x11, 0x0, 0x0,
    0x0, 0x0, 0x0, 0x0, 0x0, 0x0, 0x0, 0xae,
    0xff, 0xff, 0xff, 0x9f, 0x0, 0x0, 0x0, 0x0,
    0x0, 0x0, 0x0, 0x3a, 0xff, 0xff, 0xff, 0xe8,
    0x0, 0x0, 0x0, 0x0, 0x0, 0x0, 0x0, 0x0,
    0x0, 0x0, 0x85, 0xff, 0xff, 0xff, 0x6f, 0x0,
    0x0, 0x0, 0x0, 0x0, 0x0, 0x0, 0xc, 0xfe,
    0xff, 0xff, 0xc0, 0x0, 0x0, 0x0, 0x0, 0x0,
    0x0, 0x0, 0x0, 0x0, 0x0, 0x5c, 0xff, 0xff,
    0xff, 0x3f, 0x0, 0x0, 0x0, 0x0, 0x0, 0x0,
    0x0, 0x0, 0xdc, 0xff, 0xff, 0x98, 0x0, 0x0,
    0x0, 0x0, 0x0,

    /* U+0058 "X" */
    0x27, 0xfe, 0xff, 0xff, 0xf8, 0x15, 0x0, 0x0,
    0x0, 0x0, 0x0, 0x0, 0x0, 0x7, 0xed, 0xff,
    0xff, 0xff, 0x39, 0x0, 0xba, 0xff, 0xff, 0xff,
    0x7a, 0x0, 0x0, 0x0, 0x0, 0x0, 0x0, 0x0,
    0x58, 0xff, 0xff, 0xff, 0xcd, 0x0, 0x0, 0x4e,
    0xff, 0xff, 0xff, 0xe2, 0x3, 0x0, 0x0, 0x0,
    0x0, 0x0, 0x0, 0xba, 0xff, 0xff, 0xff, 0x61,
    0x0, 0x0, 0x2, 0xdf, 0xff, 0xff, 0xff, 0x52,
    0x0, 0x0, 0x0, 0x0, 0x0, 0x1d, 0xfd, 0xff,
    0xff, 0xec, 0x8, 0x0, 0x0, 0x0, 0x76, 0xff,
    0xff, 0xff, 0xbe, 0x0, 0x0, 0x0, 0x0, 0x0,
    0x7e, 0xff, 0xff, 0xff, 0x89, 0x0, 0x0, 0x0,
    0x0, 0x12, 0xf6, 0xff, 0xff, 0xff, 0x2a, 0x0,
    0x0, 0x0, 0x1, 0xde, 0xff, 0xff, 0xfd, 0x20,
    0x0, 0x0, 0x0, 0x0, 0x0, 0x9d, 0xff, 0xff,
    0xff, 0x96, 0x0, 0x0, 0x0, 0x42, 0xff, 0xff,
    0xff, 0xb1, 0x0, 0x0, 0x0, 0x0, 0x0, 0x0,
    0x31, 0xff, 0xff, 0xff, 0xf3, 0xe, 0x0, 0x0,
    0xa5, 0xff, 0xff, 0xff, 0x45, 0x0, 0x0, 0x0,
    0x0, 0x0, 0x0, 0x0, 0xc5, 0xff, 0xff, 0xff,
    0x6e, 0x0, 0xf, 0xf6, 0xff, 0xff, 0xd7, 0x1,
    0x0, 0x0, 0x0, 0x0, 0x0, 0x0, 0x0, 0x59,
    0xff, 0xff, 0xff, 0xd9, 0x1, 0x69, 0xff, 0xff,
    0xff, 0x6c, 0x0, 0x0, 0x0, 0x0, 0x0, 0x0,
    0x0, 0x0, 0x5, 0xe7, 0xff, 0xff, 0xff, 0x46,
    0xcb, 0xff, 0xff, 0xf2, 0xd, 0x0, 0x0, 0x0,
    0x0, 0x0, 0x0, 0x0, 0x0, 0x0, 0x81, 0xff,
    0xff, 0xff, 0xd3, 0xff, 0xff, 0xff, 0x94, 0x0,
    0x0, 0x0, 0x0, 0x0, 0x0, 0x0, 0x0, 0x0,
    0x0, 0x19, 0xfa, 0xff, 0xff, 0xff, 0xff, 0xff,
    0xff, 0x29, 0x0, 0x0, 0x0, 0x0, 0x0, 0x0,
    0x0, 0x0, 0x0, 0x0, 0x0, 0xa8, 0xff, 0xff,
    0xff, 0xff, 0xff, 0xbc, 0x0, 0x0, 0x0, 0x0,
    0x0, 0x0, 0x0, 0x0, 0x0, 0x0, 0x0, 0x0,
    0x3c, 0xff, 0xff, 0xff, 0xff, 0xff, 0x50, 0x0,
    0x0, 0x0, 0x0, 0x0, 0x0, 0x0, 0x0, 0x0,
    0x0, 0x0, 0x0, 0x0, 0xd7, 0xff, 0xff, 0xff,
    0xe1, 0x3, 0x0, 0x0, 0x0, 0x0, 0x0, 0x0,
    0x0, 0x0, 0x0, 0x0, 0x0, 0x0, 0x10, 0xf6,
    0xff, 0xff, 0xff, 0xd0, 0x0, 0x0, 0x0, 0x0,
    0x0, 0x0, 0x0, 0x0, 0x0, 0x0, 0x0, 0x0,
    0x0, 0x6b, 0xff, 0xff, 0xff, 0xff, 0xff, 0x3b,
    0x0, 0x0, 0x0, 0x0, 0x0, 0x0, 0x0, 0x0,
    0x0, 0x0, 0x0, 0x0, 0xce, 0xff, 0xff, 0xff,
    0xff, 0xff, 0xa7, 0x0, 0x0, 0x0, 0x0, 0x0,
    0x0, 0x0, 0x0, 0x0, 0x0, 0x0, 0x33, 0xff,
    0xff, 0xff, 0xff, 0xff, 0xff, 0xfa, 0x18, 0x0,
    0x0, 0x0, 0x0, 0x0, 0x0, 0x0, 0x0, 0x0,
    0x0, 0x98, 0xff, 0xff, 0xff, 0xee, 0xff, 0xff,
    0xff, 0x7f, 0x0, 0x0, 0x0, 0x0, 0x0, 0x0,
    0x0, 0x0, 0x0, 0xa, 0xf1, 0xff, 0xff, 0xeb,
    0x5a, 0xff, 0xff, 0xff, 0xe5, 0x5, 0x0, 0x0,
    0x0, 0x0, 0x0, 0x0, 0x0, 0x0, 0x60, 0xff,
    0xff, 0xff, 0x93, 0x4, 0xe3, 0xff, 0xff, 0xff,
    0x57, 0x0, 0x0, 0x0, 0x0, 0x0, 0x0, 0x0,
    0x0, 0xc4, 0xff, 0xff, 0xff, 0x35, 0x0, 0x7a,
    0xff, 0xff, 0xff, 0xc2, 0x0, 0x0, 0x0, 0x0,
    0x0, 0x0, 0x0, 0x28, 0xff, 0xff, 0xff, 0xd7,
    0x0, 0x0, 0x15, 0xf8, 0xff, 0xff, 0xff, 0x2e,
    0x0, 0x0, 0x0, 0x0, 0x0, 0x0, 0x8d, 0xff,
    0xff, 0xff, 0x79, 0x0, 0x0, 0x0, 0xa0, 0xff,
    0xff, 0xff, 0x9a, 0x0, 0x0, 0x0, 0x0, 0x0,
    0x6, 0xea, 0xff, 0xff, 0xfd, 0x1d, 0x0, 0x0,
    0x0, 0x33, 0xff, 0xff, 0xff, 0xf5, 0x10, 0x0,
    0x0, 0x0, 0x0, 0x55, 0xff, 0xff, 0xff, 0xbd,
    0x0, 0x0, 0x0, 0x0, 0x0, 0xc7, 0xff, 0xff,
    0xff, 0x72, 0x0, 0x0, 0x0, 0x0, 0xb9, 0xff,
    0xff, 0xff, 0x5f, 0x0, 0x0, 0x0, 0x0, 0x0,
    0x5a, 0xff, 0xff, 0xff, 0xdc, 0x1, 0x0, 0x0,
    0x1f, 0xfd, 0xff, 0xff, 0xf4, 0xc, 0x0, 0x0,
    0x0, 0x0, 0x0, 0x5, 0xe7, 0xff, 0xff, 0xff,
    0x4a, 0x0, 0x0, 0x82, 0xff, 0xff, 0xff, 0xa3,
    0x0, 0x0, 0x0, 0x0, 0x0, 0x0, 0x0, 0x80,
    0xff, 0xff, 0xff, 0xb6, 0x0, 0x2, 0xe2, 0xff,
    0xff, 0xff, 0x45, 0x0, 0x0, 0x0, 0x0, 0x0,
    0x0, 0x0, 0x19, 0xfa, 0xff, 0xff, 0xfe, 0x23,
    0x4a, 0xff, 0xff, 0xff, 0xe4, 0x2, 0x0, 0x0,
    0x0, 0x0, 0x0, 0x0, 0x0, 0x0, 0xa6, 0xff,
    0xff, 0xff, 0x8e,

    /* U+0059 "Y" */
    0x5b, 0xff, 0xff, 0xff, 0xd7, 0x0, 0x0, 0x0,
    0x0, 0x0, 0x0, 0x0, 0x0, 0x0, 0xa4, 0xff,
    0xff, 0xff, 0x99, 0xe, 0xf8, 0xff, 0xff, 0xff,
    0x27, 0x0, 0x0, 0x0, 0x0, 0x0, 0x0, 0x0,
    0x3, 0xed, 0xff, 0xff, 0xff, 0x46, 0x0, 0xb3,
    0xff, 0xff, 0xff, 0x76, 0x0, 0x0, 0x0, 0x0,
    0x0, 0x0, 0x0, 0x40, 0xff, 0xff, 0xff, 0xee,
    0x4, 0x0, 0x5f, 0xff, 0xff, 0xff, 0xc6, 0x0,
    0x0, 0x0, 0x0, 0x0, 0x0, 0x0, 0x8f, 0xff,
    0xff, 0xff, 0x9f, 0x0, 0x0, 0x10, 0xfa, 0xff,
    0xff, 0xfd, 0x18, 0x0, 0x0, 0x0, 0x0, 0x0,
    0x0, 0xdc, 0xff, 0xff, 0xff, 0x4b, 0x0, 0x0,
    0x0, 0xb7, 0xff, 0xff, 0xff, 0x65, 0x0, 0x0,
    0x0, 0x0, 0x0, 0x2b, 0xff, 0xff, 0xff, 0xf1,
    0x6, 0x0, 0x0, 0x0, 0x63, 0xff, 0xff, 0xff,
    0xb5, 0x0, 0x0, 0x0, 0x0, 0x0, 0x7a, 0xff,
    0xff, 0xff, 0xa4, 0x0, 0x0, 0x0, 0x0, 0x13,
    0xfb, 0xff, 0xff, 0xf8, 0xc, 0x0, 0x0, 0x0,
    0x0, 0xc8, 0xff, 0xff, 0xff, 0x50, 0x0, 0x0,
    0x0, 0x0, 0x0, 0xbb, 0xff, 0xff, 0xff, 0x54,
    0x0, 0x0, 0x0, 0x18, 0xfe, 0xff, 0xff, 0xf4,
    0x9, 0x0, 0x0, 0x0, 0x0, 0x0, 0x67, 0xff,
    0xff, 0xff, 0xa4, 0x0, 0x0, 0x0, 0x65, 0xff,
    0xff, 0xff, 0xa9, 0x0, 0x0, 0x0, 0x0, 0x0,
    0x0, 0x16, 0xfc, 0xff, 0xff, 0xef, 0x4, 0x0,
    0x0, 0xb3, 0xff, 0xff, 0xff, 0x56, 0x0, 0x0,
    0x0, 0x0, 0x0, 0x0, 0x0, 0xbf, 0xff, 0xff,
    0xff, 0x43, 0x0, 0xa, 0xf7, 0xff, 0xff, 0xf6,
    0xb, 0x0, 0x0, 0x0, 0x0, 0x0, 0x0, 0x0,
    0x6b, 0xff, 0xff, 0xff, 0x93, 0x0, 0x50, 0xff,
    0xff, 0xff, 0xae, 0x0, 0x0, 0x0, 0x0, 0x0,
    0x0, 0x0, 0x0, 0x19, 0xfd, 0xff, 0xff, 0xe2,
    0x0, 0x9e, 0xff, 0xff, 0xff, 0x5b, 0x0, 0x0,
    0x0, 0x0, 0x0, 0x0, 0x0, 0x0, 0x0, 0xc3,
    0xff, 0xff, 0xff, 0x34, 0xea, 0xff, 0xff, 0xf9,
    0xe, 0x0, 0x0, 0x0, 0x0, 0x0, 0x0, 0x0,
    0x0, 0x0, 0x6f, 0xff, 0xff, 0xff, 0xbc, 0xff,
    0xff, 0xff, 0xb4, 0x0, 0x0, 0x0, 0x0, 0x0,
    0x0, 0x0, 0x0, 0x0, 0x0, 0x1c, 0xfe, 0xff,
    0xff, 0xff, 0xff, 0xff, 0xff, 0x60, 0x0, 0x0,
    0x0, 0x0, 0x0, 0x0, 0x0, 0x0, 0x0, 0x0,
    0x0, 0xc7, 0xff, 0xff, 0xff, 0xff, 0xff, 0xfb,
    0x12, 0x0, 0x0, 0x0, 0x0, 0x0, 0x0, 0x0,
    0x0, 0x0, 0x0, 0x0, 0x73, 0xff, 0xff, 0xff,
    0xff, 0xff, 0xb9, 0x0, 0x0, 0x0, 0x0, 0x0,
    0x0, 0x0, 0x0, 0x0, 0x0, 0x0, 0x0, 0x1f,
    0xff, 0xff, 0xff, 0xff, 0xff, 0x65, 0x0, 0x0,
    0x0, 0x0, 0x0, 0x0, 0x0, 0x0, 0x0, 0x0,
    0x0, 0x0, 0x0, 0xcb, 0xff, 0xff, 0xff, 0xfc,
    0x15, 0x0, 0x0, 0x0, 0x0, 0x0, 0x0, 0x0,
    0x0, 0x0, 0x0, 0x0, 0x0, 0x0, 0x88, 0xff,
    0xff, 0xff, 0xd0, 0x0, 0x0, 0x0, 0x0, 0x0,
    0x0, 0x0, 0x0, 0x0, 0x0, 0x0, 0x0, 0x0,
    0x0, 0x84, 0xff, 0xff, 0xff, 0xcc, 0x0, 0x0,
    0x0, 0x0, 0x0, 0x0, 0x0, 0x0, 0x0, 0x0,
    0x0, 0x0, 0x0, 0x0, 0x84, 0xff, 0xff, 0xff,
    0xcc, 0x0, 0x0, 0x0, 0x0, 0x0, 0x0, 0x0,
    0x0, 0x0, 0x0, 0x0, 0x0, 0x0, 0x0, 0x84,
    0xff, 0xff, 0xff, 0xcc, 0x0, 0x0, 0x0, 0x0,
    0x0, 0x0, 0x0, 0x0, 0x0, 0x0, 0x0, 0x0,
    0x0, 0x0, 0x84, 0xff, 0xff, 0xff, 0xcc, 0x0,
    0x0, 0x0, 0x0, 0x0, 0x0, 0x0, 0x0, 0x0,
    0x0, 0x0, 0x0, 0x0, 0x0, 0x84, 0xff, 0xff,
    0xff, 0xcc, 0x0, 0x0, 0x0, 0x0, 0x0, 0x0,
    0x0, 0x0, 0x0, 0x0, 0x0, 0x0, 0x0, 0x0,
    0x84, 0xff, 0xff, 0xff, 0xcc, 0x0, 0x0, 0x0,
    0x0, 0x0, 0x0, 0x0, 0x0, 0x0, 0x0, 0x0,
    0x0, 0x0, 0x0, 0x84, 0xff, 0xff, 0xff, 0xcc,
    0x0, 0x0, 0x0, 0x0, 0x0, 0x0, 0x0, 0x0,
    0x0, 0x0, 0x0, 0x0, 0x0, 0x0, 0x84, 0xff,
    0xff, 0xff, 0xcc, 0x0, 0x0, 0x0, 0x0, 0x0,
    0x0, 0x0, 0x0, 0x0, 0x0, 0x0, 0x0, 0x0,
    0x0, 0x84, 0xff, 0xff, 0xff, 0xcc, 0x0, 0x0,
    0x0, 0x0, 0x0, 0x0, 0x0, 0x0, 0x0, 0x0,
    0x0, 0x0, 0x0, 0x0, 0x84, 0xff, 0xff, 0xff,
    0xcc, 0x0, 0x0, 0x0, 0x0, 0x0, 0x0, 0x0,
    0x0, 0x0, 0x0, 0x0, 0x0, 0x0, 0x0, 0x84,
    0xff, 0xff, 0xff, 0xcc, 0x0, 0x0, 0x0, 0x0,
    0x0, 0x0, 0x0,

    /* U+005A "Z" */
    0x0, 0xe0, 0xff, 0xff, 0xff, 0xff, 0xff, 0xff,
    0xff, 0xff, 0xff, 0xff, 0xff, 0xff, 0xd8, 0x0,
    0xe0, 0xff, 0xff, 0xff, 0xff, 0xff, 0xff, 0xff,
    0xff, 0xff, 0xff, 0xff, 0xff, 0xd8, 0x0, 0xe0,
    0xff, 0xff, 0xff, 0xff, 0xff, 0xff, 0xff, 0xff,
    0xff, 0xff, 0xff, 0xff, 0xa9, 0x0, 0x46, 0x50,
    0x50, 0x50, 0x50, 0x50, 0x50, 0x50, 0x5e, 0xff,
    0xff, 0xff, 0xff, 0x4c, 0x0, 0x0, 0x0, 0x0,
    0x0, 0x0, 0x0, 0x0, 0x0, 0x62, 0xff, 0xff,
    0xff, 0xea, 0x4, 0x0, 0x0, 0x0, 0x0, 0x0,
    0x0, 0x0, 0x0, 0x0, 0xbf, 0xff, 0xff, 0xff,
    0x92, 0x0, 0x0, 0x0, 0x0, 0x0, 0x0, 0x0,
    0x0, 0x0, 0x1d, 0xfd, 0xff, 0xff, 0xff, 0x35,
    0x0, 0x0, 0x0, 0x0, 0x0, 0x0, 0x0, 0x0,
    0x0, 0x78, 0xff, 0xff, 0xff, 0xd8, 0x0, 0x0,
    0x0, 0x0, 0x0, 0x0, 0x0, 0x0, 0x0, 0x0,
    0xd3, 0xff, 0xff, 0xff, 0x7b, 0x0, 0x0, 0x0,
    0x0, 0x0, 0x0, 0x0, 0x0, 0x0, 0x31, 0xff,
    0xff, 0xff, 0xfe, 0x20, 0x0, 0x0, 0x0, 0x0,
    0x0, 0x0, 0x0, 0x0, 0x0, 0x8d, 0xff, 0xff,
    0xff, 0xc1, 0x0, 0x0, 0x0, 0x0, 0x0, 0x0,
    0x0, 0x0, 0x0, 0x3, 0xe6, 0xff, 0xff, 0xff,
    0x65, 0x0, 0x0, 0x0, 0x0, 0x0, 0x0, 0x0,
    0x0, 0x0, 0x46, 0xff, 0xff, 0xff, 0xf8, 0x10,
    0x0, 0x0, 0x0, 0x0, 0x0, 0x0, 0x0, 0x0,
    0x0, 0xa3, 0xff, 0xff, 0xff, 0xab, 0x0, 0x0,
    0x0, 0x0, 0x0, 0x0, 0x0, 0x0, 0x0, 0xb,
    0xf3, 0xff, 0xff, 0xff, 0x4e, 0x0, 0x0, 0x0,
    0x0, 0x0, 0x0, 0x0, 0x0, 0x0, 0x5c, 0xff,
    0xff, 0xff, 0xec, 0x5, 0x0, 0x0, 0x0, 0x0,
    0x0, 0x0, 0x0, 0x0, 0x0, 0xb8, 0xff, 0xff,
    0xff, 0x94, 0x0, 0x0, 0x0, 0x0, 0x0, 0x0,
    0x0, 0x0, 0x0, 0x18, 0xfc, 0xff, 0xff, 0xff,
    0x37, 0x0, 0x0, 0x0, 0x0, 0x0, 0x0, 0x0,
    0x0, 0x0, 0x71, 0xff, 0xff, 0xff, 0xda, 0x0,
    0x0, 0x0, 0x0, 0x0, 0x0, 0x0, 0x0, 0x0,
    0x0, 0xce, 0xff, 0xff, 0xff, 0x7d, 0x0, 0x0,
    0x0, 0x0, 0x0, 0x0, 0x0, 0x0, 0x0, 0x2a,
    0xff, 0xff, 0xff, 0xff, 0x22, 0x0, 0x0, 0x0,
    0x0, 0x0, 0x0, 0x0, 0x0, 0x0, 0x87, 0xff,
    0xff, 0xff, 0xc4, 0x0, 0x0, 0x0, 0x0, 0x0,
    0x0, 0x0, 0x0, 0x0, 0x1, 0xe1, 0xff, 0xff,
    0xff, 0x67, 0x0, 0x0, 0x0, 0x0, 0x0, 0x0,
    0x0, 0x0, 0x0, 0x40, 0xff, 0xff, 0xff, 0xf9,
    0x11, 0x0, 0x0, 0x0, 0x0, 0x0, 0x0, 0x0,
    0x0, 0x0, 0x9c, 0xff, 0xff, 0xff, 0xad, 0x0,
    0x0, 0x0, 0x0, 0x0, 0x0, 0x0, 0x0, 0x0,
    0x8, 0xf0, 0xff, 0xff, 0xff, 0x50, 0x0, 0x0,
    0x0, 0x0, 0x0, 0x0, 0x0, 0x0, 0x0, 0x55,
    0xff, 0xff, 0xff, 0xed, 0x6, 0x0, 0x0, 0x0,
    0x0, 0x0, 0x0, 0x0, 0x0, 0x0, 0xb2, 0xff,
    0xff, 0xff, 0x96, 0x0, 0x0, 0x0, 0x0, 0x0,
    0x0, 0x0, 0x0, 0x0, 0x13, 0xfa, 0xff, 0xff,
    0xff, 0x39, 0x0, 0x0, 0x0, 0x0, 0x0, 0x0,
    0x0, 0x0, 0x0, 0x66, 0xff, 0xff, 0xff, 0xf1,
    0x50, 0x50, 0x50, 0x50, 0x50, 0x50, 0x50, 0x50,
    0x50, 0x43, 0x7c, 0xff, 0xff, 0xff, 0xff, 0xff,
    0xff, 0xff, 0xff, 0xff, 0xff, 0xff, 0xff, 0xff,
    0xd8, 0x7c, 0xff, 0xff, 0xff, 0xff, 0xff, 0xff,
    0xff, 0xff, 0xff, 0xff, 0xff, 0xff, 0xff, 0xd8,
    0x7c, 0xff, 0xff, 0xff, 0xff, 0xff, 0xff, 0xff,
    0xff, 0xff, 0xff, 0xff, 0xff, 0xff, 0xd8,

    /* U+005B "[" */
    0x7c, 0xff, 0xff, 0xff, 0xff, 0xff, 0xff, 0xff,
    0xff, 0x50, 0x7c, 0xff, 0xff, 0xff, 0xff, 0xff,
    0xff, 0xff, 0xff, 0x50, 0x7c, 0xff, 0xff, 0xff,
    0xd9, 0x40, 0x40, 0x40, 0x40, 0x14, 0x7c, 0xff,
    0xff, 0xff, 0xcc, 0x0, 0x0, 0x0, 0x0, 0x0,
    0x7c, 0xff, 0xff, 0xff, 0xcc, 0x0, 0x0, 0x0,
    0x0, 0x0, 0x7c, 0xff, 0xff, 0xff, 0xcc, 0x0,
    0x0, 0x0, 0x0, 0x0, 0x7c, 0xff, 0xff, 0xff,
    0xcc, 0x0, 0x0, 0x0, 0x0, 0x0, 0x7c, 0xff,
    0xff, 0xff, 0xcc, 0x0, 0x0, 0x0, 0x0, 0x0,
    0x7c, 0xff, 0xff, 0xff, 0xcc, 0x0, 0x0, 0x0,
    0x0, 0x0, 0x7c, 0xff, 0xff, 0xff, 0xcc, 0x0,
    0x0, 0x0, 0x0, 0x0, 0x7c, 0xff, 0xff, 0xff,
    0xcc, 0x0, 0x0, 0x0, 0x0, 0x0, 0x7c, 0xff,
    0xff, 0xff, 0xcc, 0x0, 0x0, 0x0, 0x0, 0x0,
    0x7c, 0xff, 0xff, 0xff, 0xcc, 0x0, 0x0, 0x0,
    0x0, 0x0, 0x7c, 0xff, 0xff, 0xff, 0xcc, 0x0,
    0x0, 0x0, 0x0, 0x0, 0x7c, 0xff, 0xff, 0xff,
    0xcc, 0x0, 0x0, 0x0, 0x0, 0x0, 0x7c, 0xff,
    0xff, 0xff, 0xcc, 0x0, 0x0, 0x0, 0x0, 0x0,
    0x7c, 0xff, 0xff, 0xff, 0xcc, 0x0, 0x0, 0x0,
    0x0, 0x0, 0x7c, 0xff, 0xff, 0xff, 0xcc, 0x0,
    0x0, 0x0, 0x0, 0x0, 0x7c, 0xff, 0xff, 0xff,
    0xcc, 0x0, 0x0, 0x0, 0x0, 0x0, 0x7c, 0xff,
    0xff, 0xff, 0xcc, 0x0, 0x0, 0x0, 0x0, 0x0,
    0x7c, 0xff, 0xff, 0xff, 0xcc, 0x0, 0x0, 0x0,
    0x0, 0x0, 0x7c, 0xff, 0xff, 0xff, 0xcc, 0x0,
    0x0, 0x0, 0x0, 0x0, 0x7c, 0xff, 0xff, 0xff,
    0xcc, 0x0, 0x0, 0x0, 0x0, 0x0, 0x7c, 0xff,
    0xff, 0xff, 0xcc, 0x0, 0x0, 0x0, 0x0, 0x0,
    0x7c, 0xff, 0xff, 0xff, 0xcc, 0x0, 0x0, 0x0,
    0x0, 0x0, 0x7c, 0xff, 0xff, 0xff, 0xcc, 0x0,
    0x0, 0x0, 0x0, 0x0, 0x7c, 0xff, 0xff, 0xff,
    0xcc, 0x0, 0x0, 0x0, 0x0, 0x0, 0x7c, 0xff,
    0xff, 0xff, 0xcc, 0x0, 0x0, 0x0, 0x0, 0x0,
    0x7c, 0xff, 0xff, 0xff, 0xcc, 0x0, 0x0, 0x0,
    0x0, 0x0, 0x7c, 0xff, 0xff, 0xff, 0xcc, 0x0,
    0x0, 0x0, 0x0, 0x0, 0x7c, 0xff, 0xff, 0xff,
    0xcc, 0x0, 0x0, 0x0, 0x0, 0x0, 0x7c, 0xff,
    0xff, 0xff, 0xcc, 0x0, 0x0, 0x0, 0x0, 0x0,
    0x7c, 0xff, 0xff, 0xff, 0xcc, 0x0, 0x0, 0x0,
    0x0, 0x0, 0x7c, 0xff, 0xff, 0xff, 0xcc, 0x0,
    0x0, 0x0, 0x0, 0x0, 0x7c, 0xff, 0xff, 0xff,
    0xcc, 0x0, 0x0, 0x0, 0x0, 0x0, 0x7c, 0xff,
    0xff, 0xff, 0xcc, 0x0, 0x0, 0x0, 0x0, 0x0,
    0x7c, 0xff, 0xff, 0xff, 0xcc, 0x0, 0x0, 0x0,
    0x0, 0x0, 0x7c, 0xff, 0xff, 0xff, 0xcc, 0x0,
    0x0, 0x0, 0x0, 0x0, 0x7c, 0xff, 0xff, 0xff,
    0xd9, 0x40, 0x40, 0x40, 0x40, 0x14, 0x7c, 0xff,
    0xff, 0xff, 0xff, 0xff, 0xff, 0xff, 0xff, 0x50,
    0x7c, 0xff, 0xff, 0xff, 0xff, 0xff, 0xff, 0xff,
    0xff, 0x50,

    /* U+005C "\\" */
    0xb7, 0xff, 0xff, 0xf3, 0x5, 0x0, 0x0, 0x0,
    0x0, 0x0, 0x0, 0x0, 0x0, 0x73, 0xff, 0xff,
    0xff, 0x3d, 0x0, 0x0, 0x0, 0x0, 0x0, 0x0,
    0x0, 0x0, 0x2f, 0xff, 0xff, 0xff, 0x81, 0x0,
    0x0, 0x0, 0x0, 0x0, 0x0, 0x0, 0x0, 0x1,
    0xea, 0xff, 0xff, 0xc5, 0x0, 0x0, 0x0, 0x0,
    0x0, 0x0, 0x0, 0x0, 0x0, 0xa8, 0xff, 0xff,
    0xfb, 0xd, 0x0, 0x0, 0x0, 0x0, 0x0, 0x0,
    0x0, 0x0, 0x64, 0xff, 0xff, 0xff, 0x4d, 0x0,
    0x0, 0x0, 0x0, 0x0, 0x0, 0x0, 0x0, 0x20,
    0xff, 0xff, 0xff, 0x91, 0x0, 0x0, 0x0, 0x0,
    0x0, 0x0, 0x0, 0x0, 0x0, 0xdd, 0xff, 0xff,
    0xd5, 0x0, 0x0, 0x0, 0x0, 0x0, 0x0, 0x0,
    0x0, 0x0, 0x99, 0xff, 0xff, 0xff, 0x19, 0x0,
    0x0, 0x0, 0x0, 0x0, 0x0, 0x0, 0x0, 0x56,
    0xff, 0xff, 0xff, 0x5c, 0x0, 0x0, 0x0, 0x0,
    0x0, 0x0, 0x0, 0x0, 0x13, 0xfe, 0xff, 0xff,
    0xa0, 0x0, 0x0, 0x0, 0x0, 0x0, 0x0, 0x0,
    0x0, 0x0, 0xcf, 0xff, 0xff, 0xe3, 0x0, 0x0,
    0x0, 0x0, 0x0, 0x0, 0x0, 0x0, 0x0, 0x8b,
    0xff, 0xff, 0xff, 0x28, 0x0, 0x0, 0x0, 0x0,
    0x0, 0x0, 0x0, 0x0, 0x47, 0xff, 0xff, 0xff,
    0x6c, 0x0, 0x0, 0x0, 0x0, 0x0, 0x0, 0x0,
    0x0, 0xa, 0xf9, 0xff, 0xff, 0xb0, 0x0, 0x0,
    0x0, 0x0, 0x0, 0x0, 0x0, 0x0, 0x0, 0xc0,
    0xff, 0xff, 0xf0, 0x3, 0x0, 0x0, 0x0, 0x0,
    0x0, 0x0, 0x0, 0x0, 0x7c, 0xff, 0xff, 0xff,
    0x37, 0x0, 0x0, 0x0, 0x0, 0x0, 0x0, 0x0,
    0x0, 0x39, 0xff, 0xff, 0xff, 0x7b, 0x0, 0x0,
    0x0, 0x0, 0x0, 0x0, 0x0, 0x0, 0x3, 0xf1,
    0xff, 0xff, 0xbf, 0x0, 0x0, 0x0, 0x0, 0x0,
    0x0, 0x0, 0x0, 0x0, 0xb1, 0xff, 0xff, 0xf9,
    0xa, 0x0, 0x0, 0x0, 0x0, 0x0, 0x0, 0x0,
    0x0, 0x6e, 0xff, 0xff, 0xff, 0x47, 0x0, 0x0,
    0x0, 0x0, 0x0, 0x0, 0x0, 0x0, 0x2a, 0xff,
    0xff, 0xff, 0x8b, 0x0, 0x0, 0x0, 0x0, 0x0,
    0x0, 0x0, 0x0, 0x0, 0xe6, 0xff, 0xff, 0xcf,
    0x0, 0x0, 0x0, 0x0, 0x0, 0x0, 0x0, 0x0,
    0x0, 0xa3, 0xff, 0xff, 0xfe, 0x14, 0x0, 0x0,
    0x0, 0x0, 0x0, 0x0, 0x0, 0x0, 0x5f, 0xff,
    0xff, 0xff, 0x56, 0x0, 0x0, 0x0, 0x0, 0x0,
    0x0, 0x0, 0x0, 0x1c, 0xff, 0xff, 0xff, 0x9a,
    0x0, 0x0, 0x0, 0x0, 0x0, 0x0, 0x0, 0x0,
    0x0, 0xd8, 0xff, 0xff, 0xde, 0x0, 0x0, 0x0,
    0x0, 0x0, 0x0, 0x0, 0x0, 0x0, 0x94, 0xff,
    0xff, 0xff, 0x22, 0x0, 0x0, 0x0, 0x0, 0x0,
    0x0, 0x0, 0x0, 0x51, 0xff, 0xff, 0xff, 0x66,
    0x0, 0x0, 0x0, 0x0, 0x0, 0x0, 0x0, 0x0,
    0x10, 0xfc, 0xff, 0xff, 0xaa, 0x0, 0x0, 0x0,
    0x0, 0x0, 0x0, 0x0, 0x0, 0x0, 0xc9, 0xff,
    0xff, 0xec, 0x1, 0x0, 0x0, 0x0, 0x0, 0x0,
    0x0, 0x0, 0x0, 0x86, 0xff, 0xff, 0xff, 0x32,
    0x0, 0x0, 0x0, 0x0, 0x0, 0x0, 0x0, 0x0,
    0x42, 0xff, 0xff, 0xff, 0x76,

    /* U+005D "]" */
    0xf4, 0xff, 0xff, 0xff, 0xff, 0xff, 0xff, 0xff,
    0xe0, 0xf4, 0xff, 0xff, 0xff, 0xff, 0xff, 0xff,
    0xff, 0xe0, 0x44, 0x48, 0x48, 0x48, 0x98, 0xff,
    0xff, 0xff, 0xe0, 0x0, 0x0, 0x0, 0x0, 0x70,
    0xff, 0xff, 0xff, 0xe0, 0x0, 0x0, 0x0, 0x0,
    0x70, 0xff, 0xff, 0xff, 0xe0, 0x0, 0x0, 0x0,
    0x0, 0x70, 0xff, 0xff, 0xff, 0xe0, 0x0, 0x0,
    0x0, 0x0, 0x70, 0xff, 0xff, 0xff, 0xe0, 0x0,
    0x0, 0x0, 0x0, 0x70, 0xff, 0xff, 0xff, 0xe0,
    0x0, 0x0, 0x0, 0x0, 0x70, 0xff, 0xff, 0xff,
    0xe0, 0x0, 0x0, 0x0, 0x0, 0x70, 0xff, 0xff,
    0xff, 0xe0, 0x0, 0x0, 0x0, 0x0, 0x70, 0xff,
    0xff, 0xff, 0xe0, 0x0, 0x0, 0x0, 0x0, 0x70,
    0xff, 0xff, 0xff, 0xe0, 0x0, 0x0, 0x0, 0x0,
    0x70, 0xff, 0xff, 0xff, 0xe0, 0x0, 0x0, 0x0,
    0x0, 0x70, 0xff, 0xff, 0xff, 0xe0, 0x0, 0x0,
    0x0, 0x0, 0x70, 0xff, 0xff, 0xff, 0xe0, 0x0,
    0x0, 0x0, 0x0, 0x70, 0xff, 0xff, 0xff, 0xe0,
    0x0, 0x0, 0x0, 0x0, 0x70, 0xff, 0xff, 0xff,
    0xe0, 0x0, 0x0, 0x0, 0x0, 0x70, 0xff, 0xff,
    0xff, 0xe0, 0x0, 0x0, 0x0, 0x0, 0x70, 0xff,
    0xff, 0xff, 0xe0, 0x0, 0x0, 0x0, 0x0, 0x70,
    0xff, 0xff, 0xff, 0xe0, 0x0, 0x0, 0x0, 0x0,
    0x70, 0xff, 0xff, 0xff, 0xe0, 0x0, 0x0, 0x0,
    0x0, 0x70, 0xff, 0xff, 0xff, 0xe0, 0x0, 0x0,
    0x0, 0x0, 0x70, 0xff, 0xff, 0xff, 0xe0, 0x0,
    0x0, 0x0, 0x0, 0x70, 0xff, 0xff, 0xff, 0xe0,
    0x0, 0x0, 0x0, 0x0, 0x70, 0xff, 0xff, 0xff,
    0xe0, 0x0, 0x0, 0x0, 0x0, 0x70, 0xff, 0xff,
    0xff, 0xe0, 0x0, 0x0, 0x0, 0x0, 0x70, 0xff,
    0xff, 0xff, 0xe0, 0x0, 0x0, 0x0, 0x0, 0x70,
    0xff, 0xff, 0xff, 0xe0, 0x0, 0x0, 0x0, 0x0,
    0x70, 0xff, 0xff, 0xff, 0xe0, 0x0, 0x0, 0x0,
    0x0, 0x70, 0xff, 0xff, 0xff, 0xe0, 0x0, 0x0,
    0x0, 0x0, 0x70, 0xff, 0xff, 0xff, 0xe0, 0x0,
    0x0, 0x0, 0x0, 0x70, 0xff, 0xff, 0xff, 0xe0,
    0x0, 0x0, 0x0, 0x0, 0x70, 0xff, 0xff, 0xff,
    0xe0, 0x0, 0x0, 0x0, 0x0, 0x70, 0xff, 0xff,
    0xff, 0xe0, 0x0, 0x0, 0x0, 0x0, 0x70, 0xff,
    0xff, 0xff, 0xe0, 0x0, 0x0, 0x0, 0x0, 0x70,
    0xff, 0xff, 0xff, 0xe0, 0x0, 0x0, 0x0, 0x0,
    0x70, 0xff, 0xff, 0xff, 0xe0, 0x0, 0x0, 0x0,
    0x0, 0x70, 0xff, 0xff, 0xff, 0xe0, 0x3d, 0x40,
    0x40, 0x40, 0x94, 0xff, 0xff, 0xff, 0xe0, 0xf4,
    0xff, 0xff, 0xff, 0xff, 0xff, 0xff, 0xff, 0xe0,
    0xf4, 0xff, 0xff, 0xff, 0xff, 0xff, 0xff, 0xff,
    0xe0,

    /* U+005E "^" */
    0x0, 0x0, 0x0, 0x0, 0x0, 0x7d, 0xff, 0xff,
    0xff, 0xff, 0x40, 0x0, 0x0, 0x0, 0x0, 0x0,
    0x0, 0x0, 0x0, 0x0, 0x3, 0xe2, 0xff, 0xff,
    0xff, 0xff, 0xaa, 0x0, 0x0, 0x0, 0x0, 0x0,
    0x0, 0x0, 0x0, 0x0, 0x50, 0xff, 0xff, 0xff,
    0xff, 0xff, 0xfa, 0x18, 0x0, 0x0, 0x0, 0x0,
    0x0, 0x0, 0x0, 0x0, 0xba, 0xff, 0xff, 0xd1,
    0xf7, 0xff, 0xff, 0x7d, 0x0, 0x0, 0x0, 0x0,
    0x0, 0x0, 0x0, 0x24, 0xfe, 0xff, 0xff, 0x6b,
    0xad, 0xff, 0xff, 0xe3, 0x3, 0x0, 0x0, 0x0,
    0x0, 0x0, 0x0, 0x8d, 0xff, 0xff, 0xfb, 0x15,
    0x53, 0xff, 0xff, 0xff, 0x50, 0x0, 0x0, 0x0,
    0x0, 0x0, 0x8, 0xed, 0xff, 0xff, 0xb5, 0x0,
    0x8, 0xf0, 0xff, 0xff, 0xb9, 0x0, 0x0, 0x0,
    0x0, 0x0, 0x60, 0xff, 0xff, 0xff, 0x5a, 0x0,
    0x0, 0x9f, 0xff, 0xff, 0xfe, 0x24, 0x0, 0x0,
    0x0, 0x0, 0xc9, 0xff, 0xff, 0xf4, 0xb, 0x0,
    0x0, 0x45, 0xff, 0xff, 0xff, 0x8c, 0x0, 0x0,
    0x0, 0x32, 0xff, 0xff, 0xff, 0xa5, 0x0, 0x0,
    0x0, 0x3, 0xe7, 0xff, 0xff, 0xed, 0x8, 0x0,
    0x0, 0x9c, 0xff, 0xff, 0xff, 0x4a, 0x0, 0x0,
    0x0, 0x0, 0x91, 0xff, 0xff, 0xff, 0x5f, 0x0,
    0x10, 0xf5, 0xff, 0xff, 0xeb, 0x4, 0x0, 0x0,
    0x0, 0x0, 0x37, 0xff, 0xff, 0xff, 0xc9, 0x0,
    0x6f, 0xff, 0xff, 0xff, 0x95, 0x0, 0x0, 0x0,
    0x0, 0x0, 0x0, 0xdc, 0xff, 0xff, 0xff, 0x33,

    /* U+005F "_" */
    0x50, 0x50, 0x50, 0x50, 0x50, 0x50, 0x50, 0x50,
    0x50, 0x50, 0x50, 0x50, 0x50, 0x3d, 0xff, 0xff,
    0xff, 0xff, 0xff, 0xff, 0xff, 0xff, 0xff, 0xff,
    0xff, 0xff, 0xff, 0xc4, 0xff, 0xff, 0xff, 0xff,
    0xff, 0xff, 0xff, 0xff, 0xff, 0xff, 0xff, 0xff,
    0xff, 0xc4, 0xff, 0xff, 0xff, 0xff, 0xff, 0xff,
    0xff, 0xff, 0xff, 0xff, 0xff, 0xff, 0xff, 0xc4,

    /* U+0060 "`" */
    0x72, 0xff, 0xff, 0xff, 0xb3, 0x0, 0x0, 0x6,
    0xde, 0xff, 0xff, 0xf5, 0x7, 0x0, 0x0, 0x58,
    0xff, 0xff, 0xff, 0x45, 0x0, 0x0, 0x1, 0xc9,
    0xff, 0xff, 0x8e, 0x0, 0x0, 0x0, 0x3e, 0xff,
    0xff, 0xd7, 0x0, 0x0, 0x0, 0x0, 0xb1, 0xff,
    0xff, 0x21, 0x0, 0x0, 0x0, 0x28, 0xfb, 0xff,
    0x69, 0x0, 0x0, 0x0, 0x0, 0x97, 0xff, 0xb3,

    /* U+0061 "a" */
    0x0, 0x0, 0x0, 0x47, 0xa6, 0xde, 0xf5, 0xf7,
    0xe1, 0xa8, 0x40, 0x0, 0x0, 0x0, 0x0, 0x8,
    0xaa, 0xff, 0xff, 0xff, 0xff, 0xff, 0xff, 0xff,
    0xff, 0x86, 0x0, 0x0, 0x0, 0x92, 0xff, 0xff,
    0xff, 0xff, 0xff, 0xff, 0xff, 0xff, 0xff, 0xff,
    0x4b, 0x0, 0x1c, 0xfc, 0xff, 0xff, 0xff, 0xa6,
    0x52, 0x66, 0xe1, 0xff, 0xff, 0xff, 0xc3, 0x0,
    0x73, 0xff, 0xff, 0xff, 0xbf, 0x0, 0x0, 0x0,
    0x41, 0xff, 0xff, 0xff, 0xfe, 0x14, 0xaa, 0xff,
    0xff, 0xff, 0x73, 0x0, 0x0, 0x0, 0x4, 0xfc,
    0xff, 0xff, 0xff, 0x42, 0xca, 0xff, 0xff, 0xff,
    0x5e, 0x0, 0x0, 0x0, 0x0, 0xe8, 0xff, 0xff,
    0xff, 0x5a, 0x8f, 0xa8, 0xa8, 0xa8, 0x3c, 0x0,
    0x0, 0x0, 0x0, 0xe0, 0xff, 0xff, 0xff, 0x66,
    0x0, 0x0, 0x0, 0x0, 0x0, 0x0, 0x0, 0x0,
    0x0, 0xe0, 0xff, 0xff, 0xff, 0x68, 0x0, 0x0,
    0x0, 0x0, 0x0, 0x0, 0x0, 0x34, 0xa0, 0xfb,
    0xff, 0xff, 0xff, 0x68, 0x0, 0x0, 0x0, 0x0,
    0x1, 0x56, 0xc8, 0xff, 0xff, 0xff, 0xff, 0xff,
    0xff, 0x68, 0x0, 0x0, 0x0, 0x34, 0xce, 0xff,
    0xff, 0xff, 0xf6, 0xf8, 0xff, 0xff, 0xff, 0x68,
    0x0, 0x0, 0x67, 0xfa, 0xff, 0xff, 0xff, 0xb0,
    0x20, 0xe0, 0xff, 0xff, 0xff, 0x68, 0x0, 0x5b,
    0xfe, 0xff, 0xff, 0xf9, 0x6a, 0x0, 0x0, 0xe0,
    0xff, 0xff, 0xff, 0x68, 0x16, 0xee, 0xff, 0xff,
    0xfe, 0x4d, 0x0, 0x0, 0x0, 0xe0, 0xff, 0xff,
    0xff, 0x68, 0x78, 0xff, 0xff, 0xff, 0xa9, 0x0,
    0x0, 0x0, 0x0, 0xe0, 0xff, 0xff, 0xff, 0x68,
    0xc6, 0xff, 0xff, 0xff, 0x5c, 0x0, 0x0, 0x0,
    0x0, 0xe0, 0xff, 0xff, 0xff, 0x68, 0xe7, 0xff,
    0xff, 0xff, 0x50, 0x0, 0x0, 0x0, 0x0, 0xe0,
    0xff, 0xff, 0xff, 0x68, 0xf9, 0xff, 0xff, 0xff,
    0x73, 0x0, 0x0, 0x0, 0x1b, 0xf3, 0xff, 0xff,
    0xff, 0x69, 0xe6, 0xff, 0xff, 0xff, 0xda, 0x12,
    0x0, 0x2c, 0xdb, 0xff, 0xff, 0xff, 0xff, 0x6e,
    0xa8, 0xff, 0xff, 0xff, 0xff, 0xf1, 0xcf, 0xfc,
    0xff, 0xd1, 0xff, 0xff, 0xff, 0x76, 0x37, 0xfd,
    0xff, 0xff, 0xff, 0xff, 0xff, 0xff, 0xb6, 0x84,
    0xff, 0xff, 0xff, 0x89, 0x0, 0x7c, 0xff, 0xff,
    0xff, 0xff, 0xff, 0xe6, 0x18, 0x5e, 0xff, 0xff,
    0xff, 0xa0, 0x0, 0x0, 0x58, 0xcd, 0xf7, 0xea,
    0xa3, 0x1e, 0x0, 0x34, 0xff, 0xff, 0xff, 0xbd,

    /* U+0062 "b" */
    0xc4, 0xff, 0xff, 0xff, 0x84, 0x0, 0x0, 0x0,
    0x0, 0x0, 0x0, 0x0, 0x0, 0x0, 0x0, 0xc4,
    0xff, 0xff, 0xff, 0x84, 0x0, 0x0, 0x0, 0x0,
    0x0, 0x0, 0x0, 0x0, 0x0, 0x0, 0xc4, 0xff,
    0xff, 0xff, 0x84, 0x0, 0x0, 0x0, 0x0, 0x0,
    0x0, 0x0, 0x0, 0x0, 0x0, 0xc4, 0xff, 0xff,
    0xff, 0x84, 0x0, 0x0, 0x0, 0x0, 0x0, 0x0,
    0x0, 0x0, 0x0, 0x0, 0xc4, 0xff, 0xff, 0xff,
    0x84, 0x0, 0x0, 0x0, 0x0, 0x0, 0x0, 0x0,
    0x0, 0x0, 0x0, 0xc4, 0xff, 0xff, 0xff, 0x84,
    0x0, 0x0, 0x0, 0x0, 0x0, 0x0, 0x0, 0x0,
    0x0, 0x0, 0xc4, 0xff, 0xff, 0xff, 0x84, 0x0,
    0x0, 0x0, 0x0, 0x0, 0x0, 0x0, 0x0, 0x0,
    0x0, 0xc4, 0xff, 0xff, 0xff, 0x84, 0x0, 0x0,
    0x0, 0x0, 0x0, 0x0, 0x0, 0x0, 0x0, 0x0,
    0xc4, 0xff, 0xff, 0xff, 0x84, 0x0, 0x0, 0x0,
    0x0, 0x0, 0x0, 0x0, 0x0, 0x0, 0x0, 0xc4,
    0xff, 0xff, 0xff, 0x84, 0x1, 0x64, 0xcb, 0xf3,
    0xe8, 0xb4, 0x30, 0x0, 0x0, 0x0, 0xc4, 0xff,
    0xff, 0xff, 0x8d, 0xb5, 0xff, 0xff, 0xff, 0xff,
    0xff, 0xf8, 0x3c, 0x0, 0x0, 0xc4, 0xff, 0xff,
    0xff, 0xfa, 0xff, 0xff, 0xff, 0xff, 0xff, 0xff,
    0xff, 0xe0, 0x5, 0x0, 0xc4, 0xff, 0xff, 0xff,
    0xff, 0xec, 0x94, 0x7b, 0xc1, 0xff, 0xff, 0xff,
    0xff, 0x5a, 0x0, 0xc4, 0xff, 0xff, 0xff, 0xbc,
    0x13, 0x0, 0x0, 0x2, 0xca, 0xff, 0xff, 0xff,
    0xa9, 0x0, 0xc4, 0xff, 0xff, 0xff, 0x84, 0x0,
    0x0, 0x0, 0x0, 0x6b, 0xff, 0xff, 0xff, 0xdf,
    0x0, 0xc4, 0xff, 0xff, 0xff, 0x84, 0x0, 0x0,
    0x0, 0x0, 0x42, 0xff, 0xff, 0xff, 0xfe, 0x6,
    0xc4, 0xff, 0xff, 0xff, 0x84, 0x0, 0x0, 0x0,
    0x0, 0x33, 0xff, 0xff, 0xff, 0xff, 0x1a, 0xc4,
    0xff, 0xff, 0xff, 0x84, 0x0, 0x0, 0x0, 0x0,
    0x24, 0xff, 0xff, 0xff, 0xff, 0x25, 0xc4, 0xff,
    0xff, 0xff, 0x84, 0x0, 0x0, 0x0, 0x0, 0x20,
    0xff, 0xff, 0xff, 0xff, 0x28, 0xc4, 0xff, 0xff,
    0xff, 0x84, 0x0, 0x0, 0x0, 0x0, 0x20, 0xff,
    0xff, 0xff, 0xff, 0x28, 0xc4, 0xff, 0xff, 0xff,
    0x84, 0x0, 0x0, 0x0, 0x0, 0x20, 0xff, 0xff,
    0xff, 0xff, 0x28, 0xc4, 0xff, 0xff, 0xff, 0x84,
    0x0, 0x0, 0x0, 0x0, 0x20, 0xff, 0xff, 0xff,
    0xff, 0x28, 0xc4, 0xff, 0xff, 0xff, 0x84, 0x0,
    0x0, 0x0, 0x0, 0x20, 0xff, 0xff, 0xff, 0xff,
    0x28, 0xc4, 0xff, 0xff, 0xff, 0x84, 0x0, 0x0,
    0x0, 0x0, 0x20, 0xff, 0xff, 0xff, 0xff, 0x25,
    0xc4, 0xff, 0xff, 0xff, 0x84, 0x0, 0x0, 0x0,
    0x0, 0x25, 0xff, 0xff, 0xff, 0xff, 0x19, 0xc4,
    0xff, 0xff, 0xff, 0x84, 0x0, 0x0, 0x0, 0x0,
    0x2f, 0xff, 0xff, 0xff, 0xff, 0xc, 0xc4, 0xff,
    0xff, 0xff, 0x84, 0x0, 0x0, 0x0, 0x0, 0x43,
    0xff, 0xff, 0xff, 0xec, 0x0, 0xc4, 0xff, 0xff,
    0xff, 0x84, 0x0, 0x0, 0x0, 0x0, 0x6b, 0xff,
    0xff, 0xff, 0xc3, 0x0, 0xc4, 0xff, 0xff, 0xff,
    0xaf, 0xa, 0x0, 0x0, 0x1, 0xc3, 0xff, 0xff,
    0xff, 0x88, 0x0, 0xc4, 0xff, 0xff, 0xff, 0xff,
    0xe5, 0x91, 0x78, 0xb8, 0xff, 0xff, 0xff, 0xff,
    0x33, 0x0, 0xc4, 0xff, 0xff, 0xff, 0xff, 0xff,
    0xff, 0xff, 0xff, 0xff, 0xff, 0xff, 0xb7, 0x0,
    0x0, 0xc4, 0xff, 0xff, 0xff, 0xaa, 0xdd, 0xff,
    0xff, 0xff, 0xff, 0xff, 0xe8, 0x1c, 0x0, 0x0,
    0xc4, 0xff, 0xff, 0xff, 0x84, 0xd, 0x88, 0xe0,
    0xfa, 0xe5, 0x9c, 0x1d, 0x0, 0x0, 0x0,

    /* U+0063 "c" */
    0x0, 0x0, 0x0, 0x1a, 0x89, 0xcf, 0xf1, 0xfc,
    0xf2, 0xd1, 0x8c, 0x1d, 0x0, 0x0, 0x0, 0x0,
    0x30, 0xf0, 0xff, 0xff, 0xff, 0xff, 0xff, 0xff,
    0xff, 0xea, 0x36, 0x0, 0x0, 0x10, 0xe8, 0xff,
    0xff, 0xff, 0xff, 0xff, 0xff, 0xff, 0xff, 0xff,
    0xdb, 0x4, 0x0, 0x70, 0xff, 0xff, 0xff, 0xf2,
    0x71, 0x44, 0x6c, 0xf1, 0xff, 0xff, 0xff, 0x4f,
    0x0, 0xca, 0xff, 0xff, 0xff, 0x71, 0x0, 0x0,
    0x0, 0x71, 0xff, 0xff, 0xff, 0x88, 0x2, 0xf5,
    0xff, 0xff, 0xff, 0x2a, 0x0, 0x0, 0x0, 0x32,
    0xff, 0xff, 0xff, 0xaf, 0x20, 0xff, 0xff, 0xff,
    0xff, 0x10, 0x0, 0x0, 0x0, 0x1c, 0xff, 0xff,
    0xff, 0xbe, 0x32, 0xff, 0xff, 0xff, 0xff, 0x5,
    0x0, 0x0, 0x0, 0x14, 0xff, 0xff, 0xff, 0xca,
    0x3e, 0xff, 0xff, 0xff, 0xff, 0x0, 0x0, 0x0,
    0x0, 0xe, 0xbc, 0xbc, 0xbc, 0x95, 0x47, 0xff,
    0xff, 0xff, 0xff, 0x0, 0x0, 0x0, 0x0, 0x0,
    0x0, 0x0, 0x0, 0x0, 0x48, 0xff, 0xff, 0xff,
    0xff, 0x0, 0x0, 0x0, 0x0, 0x0, 0x0, 0x0,
    0x0, 0x0, 0x48, 0xff, 0xff, 0xff, 0xff, 0x0,
    0x0, 0x0, 0x0, 0x0, 0x0, 0x0, 0x0, 0x0,
    0x48, 0xff, 0xff, 0xff, 0xff, 0x0, 0x0, 0x0,
    0x0, 0x0, 0x0, 0x0, 0x0, 0x0, 0x48, 0xff,
    0xff, 0xff, 0xff, 0x0, 0x0, 0x0, 0x0, 0x0,
    0x0, 0x0, 0x0, 0x0, 0x47, 0xff, 0xff, 0xff,
    0xff, 0x0, 0x0, 0x0, 0x0, 0x2, 0x24, 0x24,
    0x24, 0x1c, 0x3f, 0xff, 0xff, 0xff, 0xff, 0x0,
    0x0, 0x0, 0x0, 0x14, 0xff, 0xff, 0xff, 0xcc,
    0x33, 0xff, 0xff, 0xff, 0xff, 0x4, 0x0, 0x0,
    0x0, 0x14, 0xff, 0xff, 0xff, 0xc9, 0x1f, 0xff,
    0xff, 0xff, 0xff, 0x11, 0x0, 0x0, 0x0, 0x21,
    0xff, 0xff, 0xff, 0xbb, 0x1, 0xf5, 0xff, 0xff,
    0xff, 0x30, 0x0, 0x0, 0x0, 0x33, 0xff, 0xff,
    0xff, 0xa8, 0x0, 0xc8, 0xff, 0xff, 0xff, 0x7a,
    0x0, 0x0, 0x0, 0x6e, 0xff, 0xff, 0xff, 0x79,
    0x0, 0x6e, 0xff, 0xff, 0xff, 0xfb, 0x7e, 0x47,
    0x6a, 0xee, 0xff, 0xff, 0xff, 0x38, 0x0, 0x10,
    0xe6, 0xff, 0xff, 0xff, 0xff, 0xff, 0xff, 0xff,
    0xff, 0xff, 0xc2, 0x0, 0x0, 0x0, 0x31, 0xf1,
    0xff, 0xff, 0xff, 0xff, 0xff, 0xff, 0xff, 0xdb,
    0x20, 0x0, 0x0, 0x0, 0x0, 0x1b, 0x8a, 0xcf,
    0xf2, 0xfd, 0xf2, 0xcc, 0x81, 0x12, 0x0, 0x0,

    /* U+0064 "d" */
    0x0, 0x0, 0x0, 0x0, 0x0, 0x0, 0x0, 0x0,
    0x0, 0x0, 0xc4, 0xff, 0xff, 0xff, 0x84, 0x0,
    0x0, 0x0, 0x0, 0x0, 0x0, 0x0, 0x0, 0x0,
    0x0, 0xc4, 0xff, 0xff, 0xff, 0x84, 0x0, 0x0,
    0x0, 0x0, 0x0, 0x0, 0x0, 0x0, 0x0, 0x0,
    0xc4, 0xff, 0xff, 0xff, 0x84, 0x0, 0x0, 0x0,
    0x0, 0x0, 0x0, 0x0, 0x0, 0x0, 0x0, 0xc4,
    0xff, 0xff, 0xff, 0x84, 0x0, 0x0, 0x0, 0x0,
    0x0, 0x0, 0x0, 0x0, 0x0, 0x0, 0xc4, 0xff,
    0xff, 0xff, 0x84, 0x0, 0x0, 0x0, 0x0, 0x0,
    0x0, 0x0, 0x0, 0x0, 0x0, 0xc4, 0xff, 0xff,
    0xff, 0x84, 0x0, 0x0, 0x0, 0x0, 0x0, 0x0,
    0x0, 0x0, 0x0, 0x0, 0xc4, 0xff, 0xff, 0xff,
    0x84, 0x0, 0x0, 0x0, 0x0, 0x0, 0x0, 0x0,
    0x0, 0x0, 0x0, 0xc4, 0xff, 0xff, 0xff, 0x84,
    0x0, 0x0, 0x0, 0x0, 0x0, 0x0, 0x0, 0x0,
    0x0, 0x0, 0xc4, 0xff, 0xff, 0xff, 0x84, 0x0,
    0x0, 0x0, 0x35, 0xaf, 0xeb, 0xf8, 0xd5, 0x6e,
    0x1, 0xc4, 0xff, 0xff, 0xff, 0x84, 0x0, 0x0,
    0x42, 0xf9, 0xff, 0xff, 0xff, 0xff, 0xff, 0xb5,
    0xd2, 0xff, 0xff, 0xff, 0x84, 0x0, 0xa, 0xdd,
    0xff, 0xff, 0xff, 0xff, 0xff, 0xff, 0xff, 0xff,
    0xff, 0xff, 0xff, 0x84, 0x0, 0x5f, 0xff, 0xff,
    0xff, 0xff, 0xb6, 0x77, 0x96, 0xf0, 0xff, 0xff,
    0xff, 0xff, 0x84, 0x0, 0xae, 0xff, 0xff, 0xff,
    0xb8, 0x0, 0x0, 0x0, 0x14, 0xda, 0xff, 0xff,
    0xff, 0x84, 0x0, 0xe8, 0xff, 0xff, 0xff, 0x5c,
    0x0, 0x0, 0x0, 0x0, 0xc4, 0xff, 0xff, 0xff,
    0x84, 0xc, 0xff, 0xff, 0xff, 0xff, 0x24, 0x0,
    0x0, 0x0, 0x0, 0xc4, 0xff, 0xff, 0xff, 0x84,
    0x2b, 0xff, 0xff, 0xff, 0xff, 0xe, 0x0, 0x0,
    0x0, 0x0, 0xc4, 0xff, 0xff, 0xff, 0x84, 0x38,
    0xff, 0xff, 0xff, 0xff, 0x0, 0x0, 0x0, 0x0,
    0x0, 0xc4, 0xff, 0xff, 0xff, 0x84, 0x43, 0xff,
    0xff, 0xff, 0xff, 0x0, 0x0, 0x0, 0x0, 0x0,
    0xc4, 0xff, 0xff, 0xff, 0x84, 0x48, 0xff, 0xff,
    0xff, 0xff, 0x0, 0x0, 0x0, 0x0, 0x0, 0xc4,
    0xff, 0xff, 0xff, 0x84, 0x48, 0xff, 0xff, 0xff,
    0xff, 0x0, 0x0, 0x0, 0x0, 0x0, 0xc4, 0xff,
    0xff, 0xff, 0x84, 0x48, 0xff, 0xff, 0xff, 0xff,
    0x0, 0x0, 0x0, 0x0, 0x0, 0xc4, 0xff, 0xff,
    0xff, 0x84, 0x48, 0xff, 0xff, 0xff, 0xff, 0x0,
    0x0, 0x0, 0x0, 0x0, 0xc4, 0xff, 0xff, 0xff,
    0x84, 0x47, 0xff, 0xff, 0xff, 0xff, 0x0, 0x0,
    0x0, 0x0, 0x0, 0xc4, 0xff, 0xff, 0xff, 0x84,
    0x3f, 0xff, 0xff, 0xff, 0xff, 0x4, 0x0, 0x0,
    0x0, 0x0, 0xc4, 0xff, 0xff, 0xff, 0x84, 0x34,
    0xff, 0xff, 0xff, 0xff, 0xe, 0x0, 0x0, 0x0,
    0x0, 0xc4, 0xff, 0xff, 0xff, 0x84, 0x1d, 0xff,
    0xff, 0xff, 0xff, 0x26, 0x0, 0x0, 0x0, 0x0,
    0xc4, 0xff, 0xff, 0xff, 0x84, 0x2, 0xf8, 0xff,
    0xff, 0xff, 0x59, 0x0, 0x0, 0x0, 0x0, 0xc4,
    0xff, 0xff, 0xff, 0x84, 0x0, 0xc4, 0xff, 0xff,
    0xff, 0xc0, 0x1, 0x0, 0x0, 0xb, 0xd4, 0xff,
    0xff, 0xff, 0x84, 0x0, 0x78, 0xff, 0xff, 0xff,
    0xff, 0xc0, 0x7b, 0x97, 0xeb, 0xff, 0xff, 0xff,
    0xff, 0x84, 0x0, 0x11, 0xf0, 0xff, 0xff, 0xff,
    0xff, 0xff, 0xff, 0xff, 0xff, 0xff, 0xff, 0xff,
    0x84, 0x0, 0x0, 0x4b, 0xf9, 0xff, 0xff, 0xff,
    0xff, 0xff, 0xde, 0xdd, 0xff, 0xff, 0xff, 0x84,
    0x0, 0x0, 0x0, 0x2c, 0xa6, 0xe6, 0xf9, 0xe0,
    0x89, 0xf, 0xc4, 0xff, 0xff, 0xff, 0x84,

    /* U+0065 "e" */
    0x0, 0x0, 0x0, 0x11, 0x7d, 0xc8, 0xef, 0xfc,
    0xf1, 0xcf, 0x8a, 0x19, 0x0, 0x0, 0x0, 0x0,
    0x0, 0x2f, 0xe7, 0xff, 0xff, 0xff, 0xff, 0xff,
    0xff, 0xff, 0xed, 0x31, 0x0, 0x0, 0x0, 0xa,
    0xe1, 0xff, 0xff, 0xff, 0xff, 0xff, 0xff, 0xff,
    0xff, 0xff, 0xda, 0x5, 0x0, 0x0, 0x6f, 0xff,
    0xff, 0xff, 0xf3, 0x72, 0x44, 0x6f, 0xf2, 0xff,
    0xff, 0xff, 0x56, 0x0, 0x0, 0xc3, 0xff, 0xff,
    0xff, 0x77, 0x0, 0x0, 0x0, 0x78, 0xff, 0xff,
    0xff, 0x9e, 0x0, 0x3, 0xf8, 0xff, 0xff, 0xff,
    0x30, 0x0, 0x0, 0x0, 0x37, 0xff, 0xff, 0xff,
    0xc8, 0x0, 0x20, 0xff, 0xff, 0xff, 0xff, 0x12,
    0x0, 0x0, 0x0, 0x1d, 0xff, 0xff, 0xff, 0xeb,
    0x0, 0x37, 0xff, 0xff, 0xff, 0xff, 0x6, 0x0,
    0x0, 0x0, 0x15, 0xff, 0xff, 0xff, 0xff, 0x5,
    0x43, 0xff, 0xff, 0xff, 0xff, 0x0, 0x0, 0x0,
    0x0, 0x14, 0xff, 0xff, 0xff, 0xff, 0x10, 0x47,
    0xff, 0xff, 0xff, 0xff, 0x60, 0x60, 0x60, 0x60,
    0x6c, 0xff, 0xff, 0xff, 0xff, 0x19, 0x48, 0xff,
    0xff, 0xff, 0xff, 0xff, 0xff, 0xff, 0xff, 0xff,
    0xff, 0xff, 0xff, 0xff, 0x1f, 0x48, 0xff, 0xff,
    0xff, 0xff, 0xff, 0xff, 0xff, 0xff, 0xff, 0xff,
    0xff, 0xff, 0xff, 0x20, 0x48, 0xff, 0xff, 0xff,
    0xff, 0x0, 0x0, 0x0, 0x0, 0x0, 0x0, 0x0,
    0x0, 0x0, 0x0, 0x48, 0xff, 0xff, 0xff, 0xff,
    0x0, 0x0, 0x0, 0x0, 0x0, 0x0, 0x0, 0x0,
    0x0, 0x0, 0x47, 0xff, 0xff, 0xff, 0xff, 0x0,
    0x0, 0x0, 0x0, 0x0, 0x0, 0x0, 0x0, 0x0,
    0x0, 0x3d, 0xff, 0xff, 0xff, 0xff, 0x0, 0x0,
    0x0, 0x0, 0xa, 0x84, 0x84, 0x84, 0x84, 0xa,
    0x30, 0xff, 0xff, 0xff, 0xff, 0x0, 0x0, 0x0,
    0x0, 0x14, 0xff, 0xff, 0xff, 0xff, 0x11, 0x1d,
    0xff, 0xff, 0xff, 0xff, 0x9, 0x0, 0x0, 0x0,
    0x1b, 0xff, 0xff, 0xff, 0xff, 0x4, 0x0, 0xf0,
    0xff, 0xff, 0xff, 0x27, 0x0, 0x0, 0x0, 0x32,
    0xff, 0xff, 0xff, 0xe6, 0x0, 0x0, 0xc0, 0xff,
    0xff, 0xff, 0x79, 0x0, 0x0, 0x0, 0x74, 0xff,
    0xff, 0xff, 0xb2, 0x0, 0x0, 0x63, 0xff, 0xff,
    0xff, 0xf9, 0x7a, 0x44, 0x6b, 0xf1, 0xff, 0xff,
    0xff, 0x5d, 0x0, 0x0, 0x8, 0xe0, 0xff, 0xff,
    0xff, 0xff, 0xff, 0xff, 0xff, 0xff, 0xff, 0xd8,
    0x5, 0x0, 0x0, 0x0, 0x25, 0xe7, 0xff, 0xff,
    0xff, 0xff, 0xff, 0xff, 0xff, 0xe7, 0x29, 0x0,
    0x0, 0x0, 0x0, 0x0, 0x14, 0x82, 0xcb, 0xf0,
    0xfc, 0xee, 0xca, 0x7f, 0x10, 0x0, 0x0, 0x0,

    /* U+0066 "f" */
    0x0, 0x0, 0x0, 0x0, 0x0, 0x49, 0xbc, 0xed,
    0xfc, 0xf4, 0xd8, 0x3b, 0x0, 0x0, 0x0, 0x0,
    0x52, 0xfd, 0xff, 0xff, 0xff, 0xff, 0xff, 0x50,
    0x0, 0x0, 0x0, 0x1, 0xde, 0xff, 0xff, 0xff,
    0xff, 0xff, 0xff, 0x50, 0x0, 0x0, 0x0, 0x30,
    0xff, 0xff, 0xff, 0xff, 0xb3, 0x52, 0x56, 0x22,
    0x0, 0x0, 0x0, 0x58, 0xff, 0xff, 0xff, 0xf9,
    0xb, 0x0, 0x0, 0x0, 0x0, 0x0, 0x0, 0x6d,
    0xff, 0xff, 0xff, 0xd7, 0x0, 0x0, 0x0, 0x0,
    0x0, 0x0, 0x0, 0x78, 0xff, 0xff, 0xff, 0xcc,
    0x0, 0x0, 0x0, 0x0, 0x0, 0x0, 0x0, 0x7c,
    0xff, 0xff, 0xff, 0xcc, 0x0, 0x0, 0x0, 0x0,
    0x3c, 0xff, 0xff, 0xff, 0xff, 0xff, 0xff, 0xff,
    0xff, 0xff, 0xff, 0x50, 0x3c, 0xff, 0xff, 0xff,
    0xff, 0xff, 0xff, 0xff, 0xff, 0xff, 0xff, 0x50,
    0x3c, 0xff, 0xff, 0xff, 0xff, 0xff, 0xff, 0xff,
    0xff, 0xff, 0xff, 0x50, 0xe, 0x3c, 0x3c, 0x9a,
    0xff, 0xff, 0xff, 0xd8, 0x3c, 0x3c, 0x3c, 0x12,
    0x0, 0x0, 0x0, 0x7c, 0xff, 0xff, 0xff, 0xcc,
    0x0, 0x0, 0x0, 0x0, 0x0, 0x0, 0x0, 0x7c,
    0xff, 0xff, 0xff, 0xcc, 0x0, 0x0, 0x0, 0x0,
    0x0, 0x0, 0x0, 0x7c, 0xff, 0xff, 0xff, 0xcc,
    0x0, 0x0, 0x0, 0x0, 0x0, 0x0, 0x0, 0x7c,
    0xff, 0xff, 0xff, 0xcc, 0x0, 0x0, 0x0, 0x0,
    0x0, 0x0, 0x0, 0x7c, 0xff, 0xff, 0xff, 0xcc,
    0x0, 0x0, 0x0, 0x0, 0x0, 0x0, 0x0, 0x7c,
    0xff, 0xff, 0xff, 0xcc, 0x0, 0x0, 0x0, 0x0,
    0x0, 0x0, 0x0, 0x7c, 0xff, 0xff, 0xff, 0xcc,
    0x0, 0x0, 0x0, 0x0, 0x0, 0x0, 0x0, 0x7c,
    0xff, 0xff, 0xff, 0xcc, 0x0, 0x0, 0x0, 0x0,
    0x0, 0x0, 0x0, 0x7c, 0xff, 0xff, 0xff, 0xcc,
    0x0, 0x0, 0x0, 0x0, 0x0, 0x0, 0x0, 0x7c,
    0xff, 0xff, 0xff, 0xcc, 0x0, 0x0, 0x0, 0x0,
    0x0, 0x0, 0x0, 0x7c, 0xff, 0xff, 0xff, 0xcc,
    0x0, 0x0, 0x0, 0x0, 0x0, 0x0, 0x0, 0x7c,
    0xff, 0xff, 0xff, 0xcc, 0x0, 0x0, 0x0, 0x0,
    0x0, 0x0, 0x0, 0x7c, 0xff, 0xff, 0xff, 0xcc,
    0x0, 0x0, 0x0, 0x0, 0x0, 0x0, 0x0, 0x7c,
    0xff, 0xff, 0xff, 0xcc, 0x0, 0x0, 0x0, 0x0,
    0x0, 0x0, 0x0, 0x7c, 0xff, 0xff, 0xff, 0xcc,
    0x0, 0x0, 0x0, 0x0, 0x0, 0x0, 0x0, 0x7c,
    0xff, 0xff, 0xff, 0xcc, 0x0, 0x0, 0x0, 0x0,
    0x0, 0x0, 0x0, 0x7c, 0xff, 0xff, 0xff, 0xcc,
    0x0, 0x0, 0x0, 0x0, 0x0, 0x0, 0x0, 0x7c,
    0xff, 0xff, 0xff, 0xcc, 0x0, 0x0, 0x0, 0x0,
    0x0, 0x0, 0x0, 0x7c, 0xff, 0xff, 0xff, 0xcc,
    0x0, 0x0, 0x0, 0x0, 0x0, 0x0, 0x0, 0x7c,
    0xff, 0xff, 0xff, 0xcc, 0x0, 0x0, 0x0, 0x0,

    /* U+0067 "g" */
    0x0, 0x0, 0x0, 0x0, 0x0, 0x0, 0x0, 0x0,
    0x0, 0x0, 0x0, 0x0, 0x0, 0x0, 0x0, 0x0,
    0xa, 0x2, 0x0, 0x0, 0x0, 0x0, 0x0, 0x4,
    0x59, 0xbc, 0xe2, 0xfa, 0xe8, 0xae, 0x3d, 0x0,
    0x0, 0x0, 0x61, 0xe7, 0x46, 0x0, 0x0, 0x0,
    0x0, 0x10, 0xc3, 0xff, 0xff, 0xff, 0xff, 0xff,
    0xff, 0xfe, 0x6e, 0x9, 0xab, 0xff, 0xff, 0xab,
    0x0, 0x0, 0x0, 0x0, 0xbf, 0xff, 0xff, 0xff,
    0xff, 0xff, 0xff, 0xff, 0xff, 0xfe, 0xf0, 0xff,
    0xff, 0xff, 0xce, 0x5, 0x0, 0x0, 0x53, 0xff,
    0xff, 0xff, 0xe0, 0x4a, 0x23, 0x58, 0xf0, 0xff,
    0xff, 0xff, 0xf3, 0x90, 0x2a, 0x0, 0x0, 0x0,
    0x0, 0xb4, 0xff, 0xff, 0xff, 0x43, 0x0, 0x0,
    0x0, 0x6b, 0xff, 0xff, 0xff, 0x5c, 0x0, 0x0,
    0x0, 0x0, 0x0, 0x4, 0xf2, 0xff, 0xff, 0xef,
    0x1, 0x0, 0x0, 0x0, 0x1d, 0xff, 0xff, 0xff,
    0x8e, 0x0, 0x0, 0x0, 0x0, 0x0, 0x22, 0xff,
    0xff, 0xff, 0xcc, 0x0, 0x0, 0x0, 0x0, 0x1,
    0xfc, 0xff, 0xff, 0xc6, 0x0, 0x0, 0x0, 0x0,
    0x0, 0x35, 0xff, 0xff, 0xff, 0xbd, 0x0, 0x0,
    0x0, 0x0, 0x0, 0xf1, 0xff, 0xff, 0xdc, 0x0,
    0x0, 0x0, 0x0, 0x0, 0x43, 0xff, 0xff, 0xff,
    0xb9, 0x0, 0x0, 0x0, 0x0, 0x0, 0xed, 0xff,
    0xff, 0xee, 0x0, 0x0, 0x0, 0x0, 0x0, 0x36,
    0xff, 0xff, 0xff, 0xc2, 0x0, 0x0, 0x0, 0x0,
    0x0, 0xf2, 0xff, 0xff, 0xe5, 0x0, 0x0, 0x0,
    0x0, 0x0, 0x21, 0xff, 0xff, 0xff, 0xd0, 0x0,
    0x0, 0x0, 0x0, 0x4, 0xfe, 0xff, 0xff, 0xd4,
    0x0, 0x0, 0x0, 0x0, 0x0, 0x2, 0xef, 0xff,
    0xff, 0xf9, 0x8, 0x0, 0x0, 0x0, 0x24, 0xff,
    0xff, 0xff, 0xad, 0x0, 0x0, 0x0, 0x0, 0x0,
    0x0, 0xaf, 0xff, 0xff, 0xff, 0x4d, 0x0, 0x0,
    0x0, 0x6f, 0xff, 0xff, 0xff, 0x72, 0x0, 0x0,
    0x0, 0x0, 0x0, 0x0, 0x47, 0xff, 0xff, 0xff,
    0xe6, 0x53, 0x2b, 0x5e, 0xf0, 0xff, 0xff, 0xfa,
    0x1f, 0x0, 0x0, 0x0, 0x0, 0x0, 0x0, 0x0,
    0xb8, 0xff, 0xff, 0xff, 0xff, 0xff, 0xff, 0xff,
    0xff, 0xff, 0x98, 0x0, 0x0, 0x0, 0x0, 0x0,
    0x0, 0x0, 0x0, 0xd, 0xff, 0xff, 0xff, 0xff,
    0xff, 0xff, 0xff, 0xff, 0xb9, 0x7, 0x0, 0x0,
    0x0, 0x0, 0x0, 0x0, 0x0, 0x0, 0x80, 0xff,
    0xff, 0xda, 0xf0, 0xfc, 0xee, 0xc1, 0x67, 0x4,
    0x0, 0x0, 0x0, 0x0, 0x0, 0x0, 0x0, 0x0,
    0x5e, 0xff, 0xff, 0x92, 0x0, 0x0, 0x0, 0x0,
    0x0, 0x0, 0x0, 0x0, 0x0, 0x0, 0x0, 0x0,
    0x0, 0x0, 0x3, 0xe7, 0xff, 0xff, 0x61, 0x0,
    0x0, 0x0, 0x0, 0x0, 0x0, 0x0, 0x0, 0x0,
    0x0, 0x0, 0x0, 0x0, 0x0, 0x22, 0xff, 0xff,
    0xff, 0xf0, 0x9b, 0x75, 0x5c, 0x43, 0x2b, 0xd,
    0x0, 0x0, 0x0, 0x0, 0x0, 0x0, 0x0, 0x0,
    0x17, 0xff, 0xff, 0xff, 0xff, 0xff, 0xff, 0xff,
    0xff, 0xff, 0xff, 0xdf, 0x8b, 0x15, 0x0, 0x0,
    0x0, 0x0, 0x0, 0x0, 0x94, 0xff, 0xff, 0xff,
    0xff, 0xff, 0xff, 0xff, 0xff, 0xff, 0xff, 0xff,
    0xe6, 0x27, 0x0, 0x0, 0x0, 0x0, 0x0, 0x0,
    0x6f, 0xff, 0xff, 0xff, 0xff, 0xff, 0xff, 0xff,
    0xff, 0xff, 0xff, 0xff, 0xca, 0x0, 0x0, 0x0,
    0x0, 0x0, 0x54, 0xf1, 0xff, 0xc4, 0xb, 0x16,
    0x36, 0x56, 0x79, 0xaf, 0xfc, 0xff, 0xff, 0xff,
    0x31, 0x0, 0x0, 0x0, 0x4a, 0xfe, 0xff, 0xe9,
    0x17, 0x0, 0x0, 0x0, 0x0, 0x0, 0x0, 0x42,
    0xff, 0xff, 0xff, 0x65, 0x0, 0x0, 0x1, 0xdc,
    0xff, 0xff, 0x93, 0x0, 0x0, 0x0, 0x0, 0x0,
    0x0, 0x0, 0x0, 0xe8, 0xff, 0xff, 0x76, 0x0,
    0x0, 0x22, 0xff, 0xff, 0xff, 0xab, 0x0, 0x0,
    0x0, 0x0, 0x0, 0x0, 0x0, 0x16, 0xf9, 0xff,
    0xff, 0x5e, 0x0, 0x0, 0x22, 0xff, 0xff, 0xff,
    0xff, 0x85, 0x2b, 0xb, 0x1, 0x7, 0x20, 0x59,
    0xd4, 0xff, 0xff, 0xff, 0x2f, 0x0, 0x0, 0x1,
    0xe6, 0xff, 0xff, 0xff, 0xff, 0xff, 0xff, 0xff,
    0xff, 0xff, 0xff, 0xff, 0xff, 0xff, 0xc0, 0x0,
    0x0, 0x0, 0x0, 0x4d, 0xfa, 0xff, 0xff, 0xff,
    0xff, 0xff, 0xff, 0xff, 0xff, 0xff, 0xff, 0xff,
    0xe1, 0x1e, 0x0, 0x0, 0x0, 0x0, 0x0, 0x33,
    0xb8, 0xfd, 0xff, 0xff, 0xff, 0xff, 0xff, 0xff,
    0xff, 0xf7, 0x94, 0x16, 0x0, 0x0, 0x0, 0x0,
    0x0, 0x0, 0x0, 0x0, 0x17, 0x4c, 0x74, 0x84,
    0x8b, 0x7c, 0x6a, 0x3d, 0x7, 0x0, 0x0, 0x0,
    0x0, 0x0, 0x0,

    /* U+0068 "h" */
    0xb8, 0xff, 0xff, 0xff, 0x90, 0x0, 0x0, 0x0,
    0x0, 0x0, 0x0, 0x0, 0x0, 0x0, 0xb8, 0xff,
    0xff, 0xff, 0x90, 0x0, 0x0, 0x0, 0x0, 0x0,
    0x0, 0x0, 0x0, 0x0, 0xb8, 0xff, 0xff, 0xff,
    0x90, 0x0, 0x0, 0x0, 0x0, 0x0, 0x0, 0x0,
    0x0, 0x0, 0xb8, 0xff, 0xff, 0xff, 0x90, 0x0,
    0x0, 0x0, 0x0, 0x0, 0x0, 0x0, 0x0, 0x0,
    0xb8, 0xff, 0xff, 0xff, 0x90, 0x0, 0x0, 0x0,
    0x0, 0x0, 0x0, 0x0, 0x0, 0x0, 0xb8, 0xff,
    0xff, 0xff, 0x90, 0x0, 0x0, 0x0, 0x0, 0x0,
    0x0, 0x0, 0x0, 0x0, 0xb8, 0xff, 0xff, 0xff,
    0x90, 0x0, 0x0, 0x0, 0x0, 0x0, 0x0, 0x0,
    0x0, 0x0, 0xb8, 0xff, 0xff, 0xff, 0x90, 0x0,
    0x0, 0x0, 0x0, 0x0, 0x0, 0x0, 0x0, 0x0,
    0xb8, 0xff, 0xff, 0xff, 0x90, 0x0, 0x0, 0x0,
    0x0, 0x0, 0x0, 0x0, 0x0, 0x0, 0xb8, 0xff,
    0xff, 0xff, 0x90, 0x0, 0x0, 0x4f, 0xb4, 0xe4,
    0xf5, 0xc7, 0x35, 0x0, 0xb8, 0xff, 0xff, 0xff,
    0x90, 0x1e, 0xbd, 0xff, 0xff, 0xff, 0xff, 0xff,
    0xec, 0x15, 0xb8, 0xff, 0xff, 0xff, 0xbd, 0xe7,
    0xff, 0xff, 0xff, 0xff, 0xff, 0xff, 0xff, 0x73,
    0xb8, 0xff, 0xff, 0xff, 0xff, 0xff, 0xb9, 0x7b,
    0xa7, 0xff, 0xff, 0xff, 0xff, 0xad, 0xb8, 0xff,
    0xff, 0xff, 0xee, 0x52, 0x0, 0x0, 0x0, 0xbc,
    0xff, 0xff, 0xff, 0xc6, 0xb8, 0xff, 0xff, 0xff,
    0x90, 0x0, 0x0, 0x0, 0x0, 0x88, 0xff, 0xff,
    0xff, 0xcc, 0xb8, 0xff, 0xff, 0xff, 0x90, 0x0,
    0x0, 0x0, 0x0, 0x7c, 0xff, 0xff, 0xff, 0xcc,
    0xb8, 0xff, 0xff, 0xff, 0x90, 0x0, 0x0, 0x0,
    0x0, 0x7c, 0xff, 0xff, 0xff, 0xcc, 0xb8, 0xff,
    0xff, 0xff, 0x90, 0x0, 0x0, 0x0, 0x0, 0x7c,
    0xff, 0xff, 0xff, 0xcc, 0xb8, 0xff, 0xff, 0xff,
    0x90, 0x0, 0x0, 0x0, 0x0, 0x7c, 0xff, 0xff,
    0xff, 0xcc, 0xb8, 0xff, 0xff, 0xff, 0x90, 0x0,
    0x0, 0x0, 0x0, 0x7c, 0xff, 0xff, 0xff, 0xcc,
    0xb8, 0xff, 0xff, 0xff, 0x90, 0x0, 0x0, 0x0,
    0x0, 0x7c, 0xff, 0xff, 0xff, 0xcc, 0xb8, 0xff,
    0xff, 0xff, 0x90, 0x0, 0x0, 0x0, 0x0, 0x7c,
    0xff, 0xff, 0xff, 0xcc, 0xb8, 0xff, 0xff, 0xff,
    0x90, 0x0, 0x0, 0x0, 0x0, 0x7c, 0xff, 0xff,
    0xff, 0xcc, 0xb8, 0xff, 0xff, 0xff, 0x90, 0x0,
    0x0, 0x0, 0x0, 0x7c, 0xff, 0xff, 0xff, 0xcc,
    0xb8, 0xff, 0xff, 0xff, 0x90, 0x0, 0x0, 0x0,
    0x0, 0x7c, 0xff, 0xff, 0xff, 0xcc, 0xb8, 0xff,
    0xff, 0xff, 0x90, 0x0, 0x0, 0x0, 0x0, 0x7c,
    0xff, 0xff, 0xff, 0xcc, 0xb8, 0xff, 0xff, 0xff,
    0x90, 0x0, 0x0, 0x0, 0x0, 0x7c, 0xff, 0xff,
    0xff, 0xcc, 0xb8, 0xff, 0xff, 0xff, 0x90, 0x0,
    0x0, 0x0, 0x0, 0x7c, 0xff, 0xff, 0xff, 0xcc,
    0xb8, 0xff, 0xff, 0xff, 0x90, 0x0, 0x0, 0x0,
    0x0, 0x7c, 0xff, 0xff, 0xff, 0xcc, 0xb8, 0xff,
    0xff, 0xff, 0x90, 0x0, 0x0, 0x0, 0x0, 0x7c,
    0xff, 0xff, 0xff, 0xcc, 0xb8, 0xff, 0xff, 0xff,
    0x90, 0x0, 0x0, 0x0, 0x0, 0x7c, 0xff, 0xff,
    0xff, 0xcc, 0xb8, 0xff, 0xff, 0xff, 0x90, 0x0,
    0x0, 0x0, 0x0, 0x7c, 0xff, 0xff, 0xff, 0xcc,
    0xb8, 0xff, 0xff, 0xff, 0x90, 0x0, 0x0, 0x0,
    0x0, 0x7c, 0xff, 0xff, 0xff, 0xcc,

    /* U+0069 "i" */
    0x53, 0x94, 0x94, 0x94, 0x6a, 0x90, 0xff, 0xff,
    0xff, 0xb8, 0x90, 0xff, 0xff, 0xff, 0xb8, 0x90,
    0xff, 0xff, 0xff, 0xb8, 0x90, 0xff, 0xff, 0xff,
    0xb8, 0x0, 0x0, 0x0, 0x0, 0x0, 0x0, 0x0,
    0x0, 0x0, 0x0, 0x0, 0x0, 0x0, 0x0, 0x0,
    0x90, 0xff, 0xff, 0xff, 0xb8, 0x90, 0xff, 0xff,
    0xff, 0xb8, 0x90, 0xff, 0xff, 0xff, 0xb8, 0x90,
    0xff, 0xff, 0xff, 0xb8, 0x90, 0xff, 0xff, 0xff,
    0xb8, 0x90, 0xff, 0xff, 0xff, 0xb8, 0x90, 0xff,
    0xff, 0xff, 0xb8, 0x90, 0xff, 0xff, 0xff, 0xb8,
    0x90, 0xff, 0xff, 0xff, 0xb8, 0x90, 0xff, 0xff,
    0xff, 0xb8, 0x90, 0xff, 0xff, 0xff, 0xb8, 0x90,
    0xff, 0xff, 0xff, 0xb8, 0x90, 0xff, 0xff, 0xff,
    0xb8, 0x90, 0xff, 0xff, 0xff, 0xb8, 0x90, 0xff,
    0xff, 0xff, 0xb8, 0x90, 0xff, 0xff, 0xff, 0xb8,
    0x90, 0xff, 0xff, 0xff, 0xb8, 0x90, 0xff, 0xff,
    0xff, 0xb8, 0x90, 0xff, 0xff, 0xff, 0xb8, 0x90,
    0xff, 0xff, 0xff, 0xb8, 0x90, 0xff, 0xff, 0xff,
    0xb8, 0x90, 0xff, 0xff, 0xff, 0xb8, 0x90, 0xff,
    0xff, 0xff, 0xb8, 0x90, 0xff, 0xff, 0xff, 0xb8,

    /* U+006A "j" */
    0x0, 0x0, 0x0, 0x3c, 0xff, 0xff, 0xff, 0xff,
    0x14, 0x0, 0x0, 0x0, 0x3c, 0xff, 0xff, 0xff,
    0xff, 0x14, 0x0, 0x0, 0x0, 0x3c, 0xff, 0xff,
    0xff, 0xff, 0x14, 0x0, 0x0, 0x0, 0x3c, 0xff,
    0xff, 0xff, 0xff, 0x14, 0x0, 0x0, 0x0, 0x22,
    0x94, 0x94, 0x94, 0x94, 0xb, 0x0, 0x0, 0x0,
    0x0, 0x0, 0x0, 0x0, 0x0, 0x0, 0x0, 0x0,
    0x0, 0x0, 0x0, 0x0, 0x0, 0x0, 0x0, 0x0,
    0x0, 0x0, 0x0, 0x0, 0x0, 0x0, 0x0, 0x0,
    0x0, 0x0, 0x0, 0x3c, 0xff, 0xff, 0xff, 0xff,
    0xc, 0x0, 0x0, 0x0, 0x3c, 0xff, 0xff, 0xff,
    0xff, 0xc, 0x0, 0x0, 0x0, 0x3c, 0xff, 0xff,
    0xff, 0xff, 0xc, 0x0, 0x0, 0x0, 0x3c, 0xff,
    0xff, 0xff, 0xff, 0xc, 0x0, 0x0, 0x0, 0x3c,
    0xff, 0xff, 0xff, 0xff, 0xc, 0x0, 0x0, 0x0,
    0x3c, 0xff, 0xff, 0xff, 0xff, 0xc, 0x0, 0x0,
    0x0, 0x3c, 0xff, 0xff, 0xff, 0xff, 0xc, 0x0,
    0x0, 0x0, 0x3c, 0xff, 0xff, 0xff, 0xff, 0xc,
    0x0, 0x0, 0x0, 0x3c, 0xff, 0xff, 0xff, 0xff,
    0xc, 0x0, 0x0, 0x0, 0x3c, 0xff, 0xff, 0xff,
    0xff, 0xc, 0x0, 0x0, 0x0, 0x3c, 0xff, 0xff,
    0xff, 0xff, 0xc, 0x0, 0x0, 0x0, 0x3c, 0xff,
    0xff, 0xff, 0xff, 0xc, 0x0, 0x0, 0x0, 0x3c,
    0xff, 0xff, 0xff, 0xff, 0xc, 0x0, 0x0, 0x0,
    0x3c, 0xff, 0xff, 0xff, 0xff, 0xc, 0x0, 0x0,
    0x0, 0x3c, 0xff, 0xff, 0xff, 0xff, 0xc, 0x0,
    0x0, 0x0, 0x3c, 0xff, 0xff, 0xff, 0xff, 0xc,
    0x0, 0x0, 0x0, 0x3c, 0xff, 0xff, 0xff, 0xff,
    0xc, 0x0, 0x0, 0x0, 0x3c, 0xff, 0xff, 0xff,
    0xff, 0xc, 0x0, 0x0, 0x0, 0x3c, 0xff, 0xff,
    0xff, 0xff, 0xc, 0x0, 0x0, 0x0, 0x3c, 0xff,
    0xff, 0xff, 0xff, 0xc, 0x0, 0x0, 0x0, 0x3c,
    0xff, 0xff, 0xff, 0xff, 0xc, 0x0, 0x0, 0x0,
    0x3c, 0xff, 0xff, 0xff, 0xff, 0xc, 0x0, 0x0,
    0x0, 0x3c, 0xff, 0xff, 0xff, 0xff, 0xc, 0x0,
    0x0, 0x0, 0x4a, 0xff, 0xff, 0xff, 0xff, 0xa,
    0x0, 0x0, 0x0, 0x78, 0xff, 0xff, 0xff, 0xfb,
    0x0, 0xe, 0x6, 0x3e, 0xe9, 0xff, 0xff, 0xff,
    0xd1, 0x0, 0xc4, 0xff, 0xff, 0xff, 0xff, 0xff,
    0xff, 0x78, 0x0, 0xc4, 0xff, 0xff, 0xff, 0xff,
    0xff, 0xce, 0xa, 0x0, 0xc4, 0xff, 0xff, 0xff,
    0xfa, 0x9b, 0xe, 0x0, 0x0, 0x18, 0x45, 0x4f,
    0x3e, 0xc, 0x0, 0x0, 0x0, 0x0,

    /* U+006B "k" */
    0xc4, 0xff, 0xff, 0xff, 0x84, 0x0, 0x0, 0x0,
    0x0, 0x0, 0x0, 0x0, 0x0, 0x0, 0x0, 0x0,
    0xc4, 0xff, 0xff, 0xff, 0x84, 0x0, 0x0, 0x0,
    0x0, 0x0, 0x0, 0x0, 0x0, 0x0, 0x0, 0x0,
    0xc4, 0xff, 0xff, 0xff, 0x84, 0x0, 0x0, 0x0,
    0x0, 0x0, 0x0, 0x0, 0x0, 0x0, 0x0, 0x0,
    0xc4, 0xff, 0xff, 0xff, 0x84, 0x0, 0x0, 0x0,
    0x0, 0x0, 0x0, 0x0, 0x0, 0x0, 0x0, 0x0,
    0xc4, 0xff, 0xff, 0xff, 0x84, 0x0, 0x0, 0x0,
    0x0, 0x0, 0x0, 0x0, 0x0, 0x0, 0x0, 0x0,
    0xc4, 0xff, 0xff, 0xff, 0x84, 0x0, 0x0, 0x0,
    0x0, 0x0, 0x0, 0x0, 0x0, 0x0, 0x0, 0x0,
    0xc4, 0xff, 0xff, 0xff, 0x84, 0x0, 0x0, 0x0,
    0x0, 0x0, 0x0, 0x0, 0x0, 0x0, 0x0, 0x0,
    0xc4, 0xff, 0xff, 0xff, 0x84, 0x0, 0x0, 0x0,
    0x0, 0x0, 0x0, 0x0, 0x0, 0x0, 0x0, 0x0,
    0xc4, 0xff, 0xff, 0xff, 0x84, 0x0, 0x0, 0x0,
    0x0, 0x0, 0x0, 0x0, 0x0, 0x0, 0x0, 0x0,
    0xc4, 0xff, 0xff, 0xff, 0x84, 0x0, 0x0, 0x0,
    0x0, 0x0, 0x8a, 0xff, 0xff, 0xff, 0xe5, 0xb,
    0xc4, 0xff, 0xff, 0xff, 0x84, 0x0, 0x0, 0x0,
    0x0, 0x29, 0xfa, 0xff, 0xff, 0xff, 0x5d, 0x0,
    0xc4, 0xff, 0xff, 0xff, 0x84, 0x0, 0x0, 0x0,
    0x0, 0xbd, 0xff, 0xff, 0xff, 0xc8, 0x1, 0x0,
    0xc4, 0xff, 0xff, 0xff, 0x84, 0x0, 0x0, 0x0,
    0x58, 0xff, 0xff, 0xff, 0xfe, 0x36, 0x0, 0x0,
    0xc4, 0xff, 0xff, 0xff, 0x84, 0x0, 0x0, 0xd,
    0xe4, 0xff, 0xff, 0xff, 0xa0, 0x0, 0x0, 0x0,
    0xc4, 0xff, 0xff, 0xff, 0x84, 0x0, 0x0, 0x8d,
    0xff, 0xff, 0xff, 0xf3, 0x19, 0x0, 0x0, 0x0,
    0xc4, 0xff, 0xff, 0xff, 0x84, 0x0, 0x2b, 0xfb,
    0xff, 0xff, 0xff, 0x78, 0x0, 0x0, 0x0, 0x0,
    0xc4, 0xff, 0xff, 0xff, 0x84, 0x0, 0xc0, 0xff,
    0xff, 0xff, 0xdd, 0x7, 0x0, 0x0, 0x0, 0x0,
    0xc4, 0xff, 0xff, 0xff, 0x84, 0x5b, 0xff, 0xff,
    0xff, 0xff, 0x4f, 0x0, 0x0, 0x0, 0x0, 0x0,
    0xc4, 0xff, 0xff, 0xff, 0x92, 0xe6, 0xff, 0xff,
    0xff, 0xe8, 0x0, 0x0, 0x0, 0x0, 0x0, 0x0,
    0xc4, 0xff, 0xff, 0xff, 0xf5, 0xff, 0xff, 0xff,
    0xff, 0xff, 0x32, 0x0, 0x0, 0x0, 0x0, 0x0,
    0xc4, 0xff, 0xff, 0xff, 0xff, 0xff, 0xf4, 0xff,
    0xff, 0xff, 0x8e, 0x0, 0x0, 0x0, 0x0, 0x0,
    0xc4, 0xff, 0xff, 0xff, 0xff, 0xe8, 0x4e, 0xff,
    0xff, 0xff, 0xe7, 0x3, 0x0, 0x0, 0x0, 0x0,
    0xc4, 0xff, 0xff, 0xff, 0xff, 0x55, 0x1, 0xe1,
    0xff, 0xff, 0xff, 0x48, 0x0, 0x0, 0x0, 0x0,
    0xc4, 0xff, 0xff, 0xff, 0xb6, 0x0, 0x0, 0x89,
    0xff, 0xff, 0xff, 0xa4, 0x0, 0x0, 0x0, 0x0,
    0xc4, 0xff, 0xff, 0xff, 0x84, 0x0, 0x0, 0x30,
    0xff, 0xff, 0xff, 0xf5, 0xc, 0x0, 0x0, 0x0,
    0xc4, 0xff, 0xff, 0xff, 0x84, 0x0, 0x0, 0x0,
    0xd5, 0xff, 0xff, 0xff, 0x5d, 0x0, 0x0, 0x0,
    0xc4, 0xff, 0xff, 0xff, 0x84, 0x0, 0x0, 0x0,
    0x7c, 0xff, 0xff, 0xff, 0xba, 0x0, 0x0, 0x0,
    0xc4, 0xff, 0xff, 0xff, 0x84, 0x0, 0x0, 0x0,
    0x22, 0xff, 0xff, 0xff, 0xfc, 0x19, 0x0, 0x0,
    0xc4, 0xff, 0xff, 0xff, 0x84, 0x0, 0x0, 0x0,
    0x0, 0xc8, 0xff, 0xff, 0xff, 0x73, 0x0, 0x0,
    0xc4, 0xff, 0xff, 0xff, 0x84, 0x0, 0x0, 0x0,
    0x0, 0x6f, 0xff, 0xff, 0xff, 0xcf, 0x0, 0x0,
    0xc4, 0xff, 0xff, 0xff, 0x84, 0x0, 0x0, 0x0,
    0x0, 0x18, 0xfc, 0xff, 0xff, 0xff, 0x2c, 0x0,
    0xc4, 0xff, 0xff, 0xff, 0x84, 0x0, 0x0, 0x0,
    0x0, 0x0, 0xbb, 0xff, 0xff, 0xff, 0x88, 0x0,
    0xc4, 0xff, 0xff, 0xff, 0x84, 0x0, 0x0, 0x0,
    0x0, 0x0, 0x61, 0xff, 0xff, 0xff, 0xe3, 0x2,

    /* U+006C "l" */
    0x70, 0xff, 0xff, 0xff, 0xd8, 0x70, 0xff, 0xff,
    0xff, 0xd8, 0x70, 0xff, 0xff, 0xff, 0xd8, 0x70,
    0xff, 0xff, 0xff, 0xd8, 0x70, 0xff, 0xff, 0xff,
    0xd8, 0x70, 0xff, 0xff, 0xff, 0xd8, 0x70, 0xff,
    0xff, 0xff, 0xd8, 0x70, 0xff, 0xff, 0xff, 0xd8,
    0x70, 0xff, 0xff, 0xff, 0xd8, 0x70, 0xff, 0xff,
    0xff, 0xd8, 0x70, 0xff, 0xff, 0xff, 0xd8, 0x70,
    0xff, 0xff, 0xff, 0xd8, 0x70, 0xff, 0xff, 0xff,
    0xd8, 0x70, 0xff, 0xff, 0xff, 0xd8, 0x70, 0xff,
    0xff, 0xff, 0xd8, 0x70, 0xff, 0xff, 0xff, 0xd8,
    0x70, 0xff, 0xff, 0xff, 0xd8, 0x70, 0xff, 0xff,
    0xff, 0xd8, 0x70, 0xff, 0xff, 0xff, 0xd8, 0x70,
    0xff, 0xff, 0xff, 0xd8, 0x70, 0xff, 0xff, 0xff,
    0xd8, 0x70, 0xff, 0xff, 0xff, 0xd8, 0x70, 0xff,
    0xff, 0xff, 0xd8, 0x70, 0xff, 0xff, 0xff, 0xd8,
    0x70, 0xff, 0xff, 0xff, 0xd8, 0x70, 0xff, 0xff,
    0xff, 0xd8, 0x70, 0xff, 0xff, 0xff, 0xd8, 0x70,
    0xff, 0xff, 0xff, 0xd8, 0x70, 0xff, 0xff, 0xff,
    0xd8, 0x70, 0xff, 0xff, 0xff, 0xd8, 0x70, 0xff,
    0xff, 0xff, 0xd8, 0x70, 0xff, 0xff, 0xff, 0xd8,
    0x70, 0xff, 0xff, 0xff, 0xd8,

    /* U+006D "m" */
    0xd8, 0xff, 0xff, 0xff, 0x20, 0x0, 0x3d, 0xa3,
    0xe1, 0xf8, 0xdd, 0x80, 0x7, 0x0, 0x0, 0xe,
    0x74, 0xc9, 0xee, 0xf1, 0xb6, 0x2d, 0x0, 0x0,
    0xd8, 0xff, 0xff, 0xff, 0x26, 0x9e, 0xff, 0xff,
    0xff, 0xff, 0xff, 0xff, 0xa8, 0x0, 0x40, 0xe2,
    0xff, 0xff, 0xff, 0xff, 0xff, 0xf2, 0x22, 0x0,
    0xd8, 0xff, 0xff, 0xff, 0xcc, 0xff, 0xfe, 0xe7,
    0xfa, 0xff, 0xff, 0xff, 0xff, 0x67, 0xf6, 0xff,
    0xf5, 0xea, 0xff, 0xff, 0xff, 0xff, 0xa4, 0x0,
    0xd8, 0xff, 0xff, 0xff, 0xff, 0xa3, 0x21, 0x0,
    0x13, 0xcd, 0xff, 0xff, 0xff, 0xff, 0xe6, 0x59,
    0x5, 0x0, 0x5d, 0xff, 0xff, 0xff, 0xef, 0x2,
    0xd8, 0xff, 0xff, 0xff, 0x73, 0x0, 0x0, 0x0,
    0x0, 0x66, 0xff, 0xff, 0xff, 0xdc, 0x19, 0x0,
    0x0, 0x0, 0x0, 0xe2, 0xff, 0xff, 0xff, 0x14,
    0xd8, 0xff, 0xff, 0xff, 0x20, 0x0, 0x0, 0x0,
    0x0, 0x4b, 0xff, 0xff, 0xff, 0xa4, 0x0, 0x0,
    0x0, 0x0, 0x0, 0xc7, 0xff, 0xff, 0xff, 0x25,
    0xd8, 0xff, 0xff, 0xff, 0x20, 0x0, 0x0, 0x0,
    0x0, 0x48, 0xff, 0xff, 0xff, 0xa4, 0x0, 0x0,
    0x0, 0x0, 0x0, 0xc4, 0xff, 0xff, 0xff, 0x28,
    0xd8, 0xff, 0xff, 0xff, 0x20, 0x0, 0x0, 0x0,
    0x0, 0x48, 0xff, 0xff, 0xff, 0xa4, 0x0, 0x0,
    0x0, 0x0, 0x0, 0xc4, 0xff, 0xff, 0xff, 0x28,
    0xd8, 0xff, 0xff, 0xff, 0x20, 0x0, 0x0, 0x0,
    0x0, 0x48, 0xff, 0xff, 0xff, 0xa4, 0x0, 0x0,
    0x0, 0x0, 0x0, 0xc4, 0xff, 0xff, 0xff, 0x28,
    0xd8, 0xff, 0xff, 0xff, 0x20, 0x0, 0x0, 0x0,
    0x0, 0x48, 0xff, 0xff, 0xff, 0xa4, 0x0, 0x0,
    0x0, 0x0, 0x0, 0xc4, 0xff, 0xff, 0xff, 0x28,
    0xd8, 0xff, 0xff, 0xff, 0x20, 0x0, 0x0, 0x0,
    0x0, 0x48, 0xff, 0xff, 0xff, 0xa4, 0x0, 0x0,
    0x0, 0x0, 0x0, 0xc4, 0xff, 0xff, 0xff, 0x28,
    0xd8, 0xff, 0xff, 0xff, 0x20, 0x0, 0x0, 0x0,
    0x0, 0x48, 0xff, 0xff, 0xff, 0xa4, 0x0, 0x0,
    0x0, 0x0, 0x0, 0xc4, 0xff, 0xff, 0xff, 0x28,
    0xd8, 0xff, 0xff, 0xff, 0x20, 0x0, 0x0, 0x0,
    0x0, 0x48, 0xff, 0xff, 0xff, 0xa4, 0x0, 0x0,
    0x0, 0x0, 0x0, 0xc4, 0xff, 0xff, 0xff, 0x28,
    0xd8, 0xff, 0xff, 0xff, 0x20, 0x0, 0x0, 0x0,
    0x0, 0x48, 0xff, 0xff, 0xff, 0xa4, 0x0, 0x0,
    0x0, 0x0, 0x0, 0xc4, 0xff, 0xff, 0xff, 0x28,
    0xd8, 0xff, 0xff, 0xff, 0x20, 0x0, 0x0, 0x0,
    0x0, 0x48, 0xff, 0xff, 0xff, 0xa4, 0x0, 0x0,
    0x0, 0x0, 0x0, 0xc4, 0xff, 0xff, 0xff, 0x28,
    0xd8, 0xff, 0xff, 0xff, 0x20, 0x0, 0x0, 0x0,
    0x0, 0x48, 0xff, 0xff, 0xff, 0xa4, 0x0, 0x0,
    0x0, 0x0, 0x0, 0xc4, 0xff, 0xff, 0xff, 0x28,
    0xd8, 0xff, 0xff, 0xff, 0x20, 0x0, 0x0, 0x0,
    0x0, 0x48, 0xff, 0xff, 0xff, 0xa4, 0x0, 0x0,
    0x0, 0x0, 0x0, 0xc4, 0xff, 0xff, 0xff, 0x28,
    0xd8, 0xff, 0xff, 0xff, 0x20, 0x0, 0x0, 0x0,
    0x0, 0x48, 0xff, 0xff, 0xff, 0xa4, 0x0, 0x0,
    0x0, 0x0, 0x0, 0xc4, 0xff, 0xff, 0xff, 0x28,
    0xd8, 0xff, 0xff, 0xff, 0x20, 0x0, 0x0, 0x0,
    0x0, 0x48, 0xff, 0xff, 0xff, 0xa4, 0x0, 0x0,
    0x0, 0x0, 0x0, 0xc4, 0xff, 0xff, 0xff, 0x28,
    0xd8, 0xff, 0xff, 0xff, 0x20, 0x0, 0x0, 0x0,
    0x0, 0x48, 0xff, 0xff, 0xff, 0xa4, 0x0, 0x0,
    0x0, 0x0, 0x0, 0xc4, 0xff, 0xff, 0xff, 0x28,
    0xd8, 0xff, 0xff, 0xff, 0x20, 0x0, 0x0, 0x0,
    0x0, 0x48, 0xff, 0xff, 0xff, 0xa4, 0x0, 0x0,
    0x0, 0x0, 0x0, 0xc4, 0xff, 0xff, 0xff, 0x28,
    0xd8, 0xff, 0xff, 0xff, 0x20, 0x0, 0x0, 0x0,
    0x0, 0x48, 0xff, 0xff, 0xff, 0xa4, 0x0, 0x0,
    0x0, 0x0, 0x0, 0xc4, 0xff, 0xff, 0xff, 0x28,
    0xd8, 0xff, 0xff, 0xff, 0x20, 0x0, 0x0, 0x0,
    0x0, 0x48, 0xff, 0xff, 0xff, 0xa4, 0x0, 0x0,
    0x0, 0x0, 0x0, 0xc4, 0xff, 0xff, 0xff, 0x28,
    0xd8, 0xff, 0xff, 0xff, 0x20, 0x0, 0x0, 0x0,
    0x0, 0x48, 0xff, 0xff, 0xff, 0xa4, 0x0, 0x0,
    0x0, 0x0, 0x0, 0xc4, 0xff, 0xff, 0xff, 0x28,

    /* U+006E "n" */
    0xd8, 0xff, 0xff, 0xff, 0x70, 0x0, 0xc, 0x70,
    0xc8, 0xee, 0xef, 0xae, 0x19, 0x0, 0xd8, 0xff,
    0xff, 0xff, 0x70, 0x49, 0xe3, 0xff, 0xff, 0xff,
    0xff, 0xff, 0xc2, 0x0, 0xd8, 0xff, 0xff, 0xff,
    0xcd, 0xfd, 0xff, 0xff, 0xff, 0xff, 0xff, 0xff,
    0xff, 0x33, 0xd8, 0xff, 0xff, 0xff, 0xff, 0xfa,
    0xa5, 0x7b, 0xc4, 0xff, 0xff, 0xff, 0xff, 0x6f,
    0xd8, 0xff, 0xff, 0xff, 0xd6, 0x32, 0x0, 0x0,
    0x7, 0xf0, 0xff, 0xff, 0xff, 0x89, 0xd8, 0xff,
    0xff, 0xff, 0x70, 0x0, 0x0, 0x0, 0x0, 0xc4,
    0xff, 0xff, 0xff, 0x90, 0xd8, 0xff, 0xff, 0xff,
    0x70, 0x0, 0x0, 0x0, 0x0, 0xb8, 0xff, 0xff,
    0xff, 0x90, 0xd8, 0xff, 0xff, 0xff, 0x70, 0x0,
    0x0, 0x0, 0x0, 0xb8, 0xff, 0xff, 0xff, 0x90,
    0xd8, 0xff, 0xff, 0xff, 0x70, 0x0, 0x0, 0x0,
    0x0, 0xb8, 0xff, 0xff, 0xff, 0x90, 0xd8, 0xff,
    0xff, 0xff, 0x70, 0x0, 0x0, 0x0, 0x0, 0xb8,
    0xff, 0xff, 0xff, 0x90, 0xd8, 0xff, 0xff, 0xff,
    0x70, 0x0, 0x0, 0x0, 0x0, 0xb8, 0xff, 0xff,
    0xff, 0x90, 0xd8, 0xff, 0xff, 0xff, 0x70, 0x0,
    0x0, 0x0, 0x0, 0xb8, 0xff, 0xff, 0xff, 0x90,
    0xd8, 0xff, 0xff, 0xff, 0x70, 0x0, 0x0, 0x0,
    0x0, 0xb8, 0xff, 0xff, 0xff, 0x90, 0xd8, 0xff,
    0xff, 0xff, 0x70, 0x0, 0x0, 0x0, 0x0, 0xb8,
    0xff, 0xff, 0xff, 0x90, 0xd8, 0xff, 0xff, 0xff,
    0x70, 0x0, 0x0, 0x0, 0x0, 0xb8, 0xff, 0xff,
    0xff, 0x90, 0xd8, 0xff, 0xff, 0xff, 0x70, 0x0,
    0x0, 0x0, 0x0, 0xb8, 0xff, 0xff, 0xff, 0x90,
    0xd8, 0xff, 0xff, 0xff, 0x70, 0x0, 0x0, 0x0,
    0x0, 0xb8, 0xff, 0xff, 0xff, 0x90, 0xd8, 0xff,
    0xff, 0xff, 0x70, 0x0, 0x0, 0x0, 0x0, 0xb8,
    0xff, 0xff, 0xff, 0x90, 0xd8, 0xff, 0xff, 0xff,
    0x70, 0x0, 0x0, 0x0, 0x0, 0xb8, 0xff, 0xff,
    0xff, 0x90, 0xd8, 0xff, 0xff, 0xff, 0x70, 0x0,
    0x0, 0x0, 0x0, 0xb8, 0xff, 0xff, 0xff, 0x90,
    0xd8, 0xff, 0xff, 0xff, 0x70, 0x0, 0x0, 0x0,
    0x0, 0xb8, 0xff, 0xff, 0xff, 0x90, 0xd8, 0xff,
    0xff, 0xff, 0x70, 0x0, 0x0, 0x0, 0x0, 0xb8,
    0xff, 0xff, 0xff, 0x90, 0xd8, 0xff, 0xff, 0xff,
    0x70, 0x0, 0x0, 0x0, 0x0, 0xb8, 0xff, 0xff,
    0xff, 0x90, 0xd8, 0xff, 0xff, 0xff, 0x70, 0x0,
    0x0, 0x0, 0x0, 0xb8, 0xff, 0xff, 0xff, 0x90,

    /* U+006F "o" */
    0x0, 0x0, 0x0, 0xe, 0x7a, 0xc8, 0xf0, 0xfc,
    0xf0, 0xca, 0x7b, 0xe, 0x0, 0x0, 0x0, 0x0,
    0x0, 0x1d, 0xdd, 0xff, 0xff, 0xff, 0xff, 0xff,
    0xff, 0xff, 0xdd, 0x1c, 0x0, 0x0, 0x0, 0x3,
    0xd6, 0xff, 0xff, 0xff, 0xff, 0xff, 0xff, 0xff,
    0xff, 0xff, 0xd4, 0x3, 0x0, 0x0, 0x5d, 0xff,
    0xff, 0xff, 0xf8, 0x7a, 0x47, 0x77, 0xf7, 0xff,
    0xff, 0xff, 0x59, 0x0, 0x0, 0xb9, 0xff, 0xff,
    0xff, 0x80, 0x0, 0x0, 0x0, 0x7f, 0xff, 0xff,
    0xff, 0xb5, 0x0, 0x1, 0xef, 0xff, 0xff, 0xff,
    0x36, 0x0, 0x0, 0x0, 0x36, 0xff, 0xff, 0xff,
    0xed, 0x1, 0x1a, 0xff, 0xff, 0xff, 0xff, 0x1d,
    0x0, 0x0, 0x0, 0x1e, 0xff, 0xff, 0xff, 0xff,
    0x18, 0x2b, 0xff, 0xff, 0xff, 0xff, 0x14, 0x0,
    0x0, 0x0, 0x15, 0xff, 0xff, 0xff, 0xff, 0x29,
    0x39, 0xff, 0xff, 0xff, 0xff, 0xc, 0x0, 0x0,
    0x0, 0xc, 0xff, 0xff, 0xff, 0xff, 0x39, 0x3c,
    0xff, 0xff, 0xff, 0xff, 0xc, 0x0, 0x0, 0x0,
    0xc, 0xff, 0xff, 0xff, 0xff, 0x3c, 0x3c, 0xff,
    0xff, 0xff, 0xff, 0xc, 0x0, 0x0, 0x0, 0xc,
    0xff, 0xff, 0xff, 0xff, 0x3c, 0x3c, 0xff, 0xff,
    0xff, 0xff, 0xc, 0x0, 0x0, 0x0, 0xc, 0xff,
    0xff, 0xff, 0xff, 0x3c, 0x3c, 0xff, 0xff, 0xff,
    0xff, 0xc, 0x0, 0x0, 0x0, 0xc, 0xff, 0xff,
    0xff, 0xff, 0x3c, 0x3c, 0xff, 0xff, 0xff, 0xff,
    0xc, 0x0, 0x0, 0x0, 0xc, 0xff, 0xff, 0xff,
    0xff, 0x3c, 0x3c, 0xff, 0xff, 0xff, 0xff, 0xc,
    0x0, 0x0, 0x0, 0xc, 0xff, 0xff, 0xff, 0xff,
    0x3c, 0x39, 0xff, 0xff, 0xff, 0xff, 0xc, 0x0,
    0x0, 0x0, 0xc, 0xff, 0xff, 0xff, 0xff, 0x39,
    0x2b, 0xff, 0xff, 0xff, 0xff, 0x13, 0x0, 0x0,
    0x0, 0x14, 0xff, 0xff, 0xff, 0xff, 0x29, 0x1a,
    0xff, 0xff, 0xff, 0xff, 0x1d, 0x0, 0x0, 0x0,
    0x1e, 0xff, 0xff, 0xff, 0xff, 0x18, 0x1, 0xef,
    0xff, 0xff, 0xff, 0x35, 0x0, 0x0, 0x0, 0x35,
    0xff, 0xff, 0xff, 0xed, 0x1, 0x0, 0xba, 0xff,
    0xff, 0xff, 0x7c, 0x0, 0x0, 0x0, 0x7b, 0xff,
    0xff, 0xff, 0xb6, 0x0, 0x0, 0x5e, 0xff, 0xff,
    0xff, 0xf6, 0x77, 0x46, 0x74, 0xf5, 0xff, 0xff,
    0xff, 0x5a, 0x0, 0x0, 0x4, 0xd6, 0xff, 0xff,
    0xff, 0xff, 0xff, 0xff, 0xff, 0xff, 0xff, 0xd5,
    0x3, 0x0, 0x0, 0x0, 0x1d, 0xdd, 0xff, 0xff,
    0xff, 0xff, 0xff, 0xff, 0xff, 0xdd, 0x1c, 0x0,
    0x0, 0x0, 0x0, 0x0, 0xe, 0x7b, 0xc9, 0xf1,
    0xfd, 0xf1, 0xca, 0x7d, 0xf, 0x0, 0x0, 0x0,

    /* U+0070 "p" */
    0xd8, 0xff, 0xff, 0xff, 0x70, 0x6, 0x73, 0xd1,
    0xf5, 0xe7, 0xb1, 0x2c, 0x0, 0x0, 0x0, 0xd8,
    0xff, 0xff, 0xff, 0x8b, 0xd0, 0xff, 0xff, 0xff,
    0xff, 0xff, 0xf6, 0x37, 0x0, 0x0, 0xd8, 0xff,
    0xff, 0xff, 0xff, 0xff, 0xff, 0xff, 0xff, 0xff,
    0xff, 0xff, 0xda, 0x3, 0x0, 0xd8, 0xff, 0xff,
    0xff, 0xff, 0xe8, 0x91, 0x7b, 0xc5, 0xff, 0xff,
    0xff, 0xff, 0x51, 0x0, 0xd8, 0xff, 0xff, 0xff,
    0xb2, 0xf, 0x0, 0x0, 0x4, 0xd2, 0xff, 0xff,
    0xff, 0x9f, 0x0, 0xd8, 0xff, 0xff, 0xff, 0x70,
    0x0, 0x0, 0x0, 0x0, 0x77, 0xff, 0xff, 0xff,
    0xd3, 0x0, 0xd8, 0xff, 0xff, 0xff, 0x70, 0x0,
    0x0, 0x0, 0x0, 0x4e, 0xff, 0xff, 0xff, 0xf8,
    0x0, 0xd8, 0xff, 0xff, 0xff, 0x70, 0x0, 0x0,
    0x0, 0x0, 0x3d, 0xff, 0xff, 0xff, 0xff, 0x10,
    0xd8, 0xff, 0xff, 0xff, 0x70, 0x0, 0x0, 0x0,
    0x0, 0x2d, 0xff, 0xff, 0xff, 0xff, 0x1c, 0xd8,
    0xff, 0xff, 0xff, 0x70, 0x0, 0x0, 0x0, 0x0,
    0x28, 0xff, 0xff, 0xff, 0xff, 0x20, 0xd8, 0xff,
    0xff, 0xff, 0x70, 0x0, 0x0, 0x0, 0x0, 0x28,
    0xff, 0xff, 0xff, 0xff, 0x20, 0xd8, 0xff, 0xff,
    0xff, 0x70, 0x0, 0x0, 0x0, 0x0, 0x28, 0xff,
    0xff, 0xff, 0xff, 0x20, 0xd8, 0xff, 0xff, 0xff,
    0x70, 0x0, 0x0, 0x0, 0x0, 0x28, 0xff, 0xff,
    0xff, 0xff, 0x20, 0xd8, 0xff, 0xff, 0xff, 0x70,
    0x0, 0x0, 0x0, 0x0, 0x28, 0xff, 0xff, 0xff,
    0xff, 0x20, 0xd8, 0xff, 0xff, 0xff, 0x70, 0x0,
    0x0, 0x0, 0x0, 0x28, 0xff, 0xff, 0xff, 0xff,
    0x1d, 0xd8, 0xff, 0xff, 0xff, 0x70, 0x0, 0x0,
    0x0, 0x0, 0x2d, 0xff, 0xff, 0xff, 0xff, 0x11,
    0xd8, 0xff, 0xff, 0xff, 0x70, 0x0, 0x0, 0x0,
    0x0, 0x37, 0xff, 0xff, 0xff, 0xff, 0x4, 0xd8,
    0xff, 0xff, 0xff, 0x70, 0x0, 0x0, 0x0, 0x0,
    0x4b, 0xff, 0xff, 0xff, 0xe4, 0x0, 0xd8, 0xff,
    0xff, 0xff, 0x70, 0x0, 0x0, 0x0, 0x0, 0x75,
    0xff, 0xff, 0xff, 0xbb, 0x0, 0xd8, 0xff, 0xff,
    0xff, 0x9f, 0x6, 0x0, 0x0, 0x3, 0xce, 0xff,
    0xff, 0xff, 0x7f, 0x0, 0xd8, 0xff, 0xff, 0xff,
    0xff, 0xe0, 0x8e, 0x78, 0xbd, 0xff, 0xff, 0xff,
    0xff, 0x28, 0x0, 0xd8, 0xff, 0xff, 0xff, 0xfe,
    0xff, 0xff, 0xff, 0xff, 0xff, 0xff, 0xff, 0xab,
    0x0, 0x0, 0xd8, 0xff, 0xff, 0xff, 0x86, 0xc8,
    0xff, 0xff, 0xff, 0xff, 0xff, 0xe0, 0x14, 0x0,
    0x0, 0xd8, 0xff, 0xff, 0xff, 0x70, 0x8, 0x86,
    0xe1, 0xfa, 0xe1, 0x95, 0x17, 0x0, 0x0, 0x0,
    0xd8, 0xff, 0xff, 0xff, 0x70, 0x0, 0x0, 0x0,
    0x0, 0x0, 0x0, 0x0, 0x0, 0x0, 0x0, 0xd8,
    0xff, 0xff, 0xff, 0x70, 0x0, 0x0, 0x0, 0x0,
    0x0, 0x0, 0x0, 0x0, 0x0, 0x0, 0xd8, 0xff,
    0xff, 0xff, 0x70, 0x0, 0x0, 0x0, 0x0, 0x0,
    0x0, 0x0, 0x0, 0x0, 0x0, 0xd8, 0xff, 0xff,
    0xff, 0x70, 0x0, 0x0, 0x0, 0x0, 0x0, 0x0,
    0x0, 0x0, 0x0, 0x0, 0xd8, 0xff, 0xff, 0xff,
    0x70, 0x0, 0x0, 0x0, 0x0, 0x0, 0x0, 0x0,
    0x0, 0x0, 0x0, 0xd8, 0xff, 0xff, 0xff, 0x70,
    0x0, 0x0, 0x0, 0x0, 0x0, 0x0, 0x0, 0x0,
    0x0, 0x0, 0xd8, 0xff, 0xff, 0xff, 0x70, 0x0,
    0x0, 0x0, 0x0, 0x0, 0x0, 0x0, 0x0, 0x0,
    0x0, 0x61, 0x74, 0x74, 0x74, 0x32, 0x0, 0x0,
    0x0, 0x0, 0x0, 0x0, 0x0, 0x0, 0x0, 0x0,

    /* U+0071 "q" */
    0x0, 0x0, 0x0, 0x30, 0xac, 0xea, 0xf9, 0xdb,
    0x7f, 0x7, 0xb8, 0xff, 0xff, 0xff, 0x90, 0x0,
    0x0, 0x38, 0xf6, 0xff, 0xff, 0xff, 0xff, 0xff,
    0xd4, 0xd6, 0xff, 0xff, 0xff, 0x90, 0x0, 0x6,
    0xd5, 0xff, 0xff, 0xff, 0xff, 0xff, 0xff, 0xff,
    0xff, 0xff, 0xff, 0xff, 0x90, 0x0, 0x53, 0xff,
    0xff, 0xff, 0xff, 0xbb, 0x77, 0x94, 0xed, 0xff,
    0xff, 0xff, 0xff, 0x90, 0x0, 0xa2, 0xff, 0xff,
    0xff, 0xc2, 0x1, 0x0, 0x0, 0x12, 0xd1, 0xff,
    0xff, 0xff, 0x90, 0x0, 0xdc, 0xff, 0xff, 0xff,
    0x68, 0x0, 0x0, 0x0, 0x0, 0xb8, 0xff, 0xff,
    0xff, 0x90, 0x4, 0xfb, 0xff, 0xff, 0xff, 0x30,
    0x0, 0x0, 0x0, 0x0, 0xb8, 0xff, 0xff, 0xff,
    0x90, 0x1f, 0xff, 0xff, 0xff, 0xff, 0x1a, 0x0,
    0x0, 0x0, 0x0, 0xb8, 0xff, 0xff, 0xff, 0x90,
    0x2c, 0xff, 0xff, 0xff, 0xff, 0xc, 0x0, 0x0,
    0x0, 0x0, 0xb8, 0xff, 0xff, 0xff, 0x90, 0x37,
    0xff, 0xff, 0xff, 0xff, 0xc, 0x0, 0x0, 0x0,
    0x0, 0xb8, 0xff, 0xff, 0xff, 0x90, 0x3c, 0xff,
    0xff, 0xff, 0xff, 0xc, 0x0, 0x0, 0x0, 0x0,
    0xb8, 0xff, 0xff, 0xff, 0x90, 0x3c, 0xff, 0xff,
    0xff, 0xff, 0xc, 0x0, 0x0, 0x0, 0x0, 0xb8,
    0xff, 0xff, 0xff, 0x90, 0x3c, 0xff, 0xff, 0xff,
    0xff, 0xc, 0x0, 0x0, 0x0, 0x0, 0xb8, 0xff,
    0xff, 0xff, 0x90, 0x3c, 0xff, 0xff, 0xff, 0xff,
    0xc, 0x0, 0x0, 0x0, 0x0, 0xb8, 0xff, 0xff,
    0xff, 0x90, 0x3b, 0xff, 0xff, 0xff, 0xff, 0xc,
    0x0, 0x0, 0x0, 0x0, 0xb8, 0xff, 0xff, 0xff,
    0x90, 0x33, 0xff, 0xff, 0xff, 0xff, 0x10, 0x0,
    0x0, 0x0, 0x0, 0xb8, 0xff, 0xff, 0xff, 0x90,
    0x28, 0xff, 0xff, 0xff, 0xff, 0x1a, 0x0, 0x0,
    0x0, 0x0, 0xb8, 0xff, 0xff, 0xff, 0x90, 0x10,
    0xff, 0xff, 0xff, 0xff, 0x32, 0x0, 0x0, 0x0,
    0x0, 0xb8, 0xff, 0xff, 0xff, 0x90, 0x0, 0xee,
    0xff, 0xff, 0xff, 0x64, 0x0, 0x0, 0x0, 0x0,
    0xb8, 0xff, 0xff, 0xff, 0x90, 0x0, 0xb8, 0xff,
    0xff, 0xff, 0xc8, 0x2, 0x0, 0x0, 0x8, 0xca,
    0xff, 0xff, 0xff, 0x90, 0x0, 0x6c, 0xff, 0xff,
    0xff, 0xff, 0xc4, 0x7c, 0x95, 0xe6, 0xff, 0xff,
    0xff, 0xff, 0x90, 0x0, 0xb, 0xea, 0xff, 0xff,
    0xff, 0xff, 0xff, 0xff, 0xff, 0xff, 0xff, 0xff,
    0xff, 0x90, 0x0, 0x0, 0x42, 0xf6, 0xff, 0xff,
    0xff, 0xff, 0xff, 0xd0, 0xcc, 0xff, 0xff, 0xff,
    0x90, 0x0, 0x0, 0x0, 0x27, 0xa1, 0xe4, 0xf9,
    0xdf, 0x82, 0x9, 0xb8, 0xff, 0xff, 0xff, 0x90,
    0x0, 0x0, 0x0, 0x0, 0x0, 0x0, 0x0, 0x0,
    0x0, 0x0, 0xb8, 0xff, 0xff, 0xff, 0x90, 0x0,
    0x0, 0x0, 0x0, 0x0, 0x0, 0x0, 0x0, 0x0,
    0x0, 0xb8, 0xff, 0xff, 0xff, 0x90, 0x0, 0x0,
    0x0, 0x0, 0x0, 0x0, 0x0, 0x0, 0x0, 0x0,
    0xb8, 0xff, 0xff, 0xff, 0x90, 0x0, 0x0, 0x0,
    0x0, 0x0, 0x0, 0x0, 0x0, 0x0, 0x0, 0xb8,
    0xff, 0xff, 0xff, 0x90, 0x0, 0x0, 0x0, 0x0,
    0x0, 0x0, 0x0, 0x0, 0x0, 0x0, 0xb8, 0xff,
    0xff, 0xff, 0x90, 0x0, 0x0, 0x0, 0x0, 0x0,
    0x0, 0x0, 0x0, 0x0, 0x0, 0xb8, 0xff, 0xff,
    0xff, 0x90, 0x0, 0x0, 0x0, 0x0, 0x0, 0x0,
    0x0, 0x0, 0x0, 0x0, 0xb8, 0xff, 0xff, 0xff,
    0x90, 0x0, 0x0, 0x0, 0x0, 0x0, 0x0, 0x0,
    0x0, 0x0, 0x0, 0x53, 0x74, 0x74, 0x74, 0x41,

    /* U+0072 "r" */
    0xb8, 0xff, 0xff, 0xff, 0x90, 0x0, 0x5, 0x6c,
    0xce, 0xf7, 0x59, 0xb8, 0xff, 0xff, 0xff, 0x90,
    0xe, 0xc5, 0xff, 0xff, 0xff, 0x5c, 0xb8, 0xff,
    0xff, 0xff, 0x90, 0xb1, 0xff, 0xff, 0xff, 0xff,
    0x5c, 0xb8, 0xff, 0xff, 0xff, 0xe2, 0xff, 0xff,
    0xff, 0xff, 0xff, 0x5c, 0xb8, 0xff, 0xff, 0xff,
    0xff, 0xff, 0xbb, 0x74, 0x74, 0xa1, 0x4c, 0xb8,
    0xff, 0xff, 0xff, 0xff, 0x78, 0x0, 0x0, 0x0,
    0x0, 0x0, 0xb8, 0xff, 0xff, 0xff, 0xba, 0x0,
    0x0, 0x0, 0x0, 0x0, 0x0, 0xb8, 0xff, 0xff,
    0xff, 0x90, 0x0, 0x0, 0x0, 0x0, 0x0, 0x0,
    0xb8, 0xff, 0xff, 0xff, 0x90, 0x0, 0x0, 0x0,
    0x0, 0x0, 0x0, 0xb8, 0xff, 0xff, 0xff, 0x90,
    0x0, 0x0, 0x0, 0x0, 0x0, 0x0, 0xb8, 0xff,
    0xff, 0xff, 0x90, 0x0, 0x0, 0x0, 0x0, 0x0,
    0x0, 0xb8, 0xff, 0xff, 0xff, 0x90, 0x0, 0x0,
    0x0, 0x0, 0x0, 0x0, 0xb8, 0xff, 0xff, 0xff,
    0x90, 0x0, 0x0, 0x0, 0x0, 0x0, 0x0, 0xb8,
    0xff, 0xff, 0xff, 0x90, 0x0, 0x0, 0x0, 0x0,
    0x0, 0x0, 0xb8, 0xff, 0xff, 0xff, 0x90, 0x0,
    0x0, 0x0, 0x0, 0x0, 0x0, 0xb8, 0xff, 0xff,
    0xff, 0x90, 0x0, 0x0, 0x0, 0x0, 0x0, 0x0,
    0xb8, 0xff, 0xff, 0xff, 0x90, 0x0, 0x0, 0x0,
    0x0, 0x0, 0x0, 0xb8, 0xff, 0xff, 0xff, 0x90,
    0x0, 0x0, 0x0, 0x0, 0x0, 0x0, 0xb8, 0xff,
    0xff, 0xff, 0x90, 0x0, 0x0, 0x0, 0x0, 0x0,
    0x0, 0xb8, 0xff, 0xff, 0xff, 0x90, 0x0, 0x0,
    0x0, 0x0, 0x0, 0x0, 0xb8, 0xff, 0xff, 0xff,
    0x90, 0x0, 0x0, 0x0, 0x0, 0x0, 0x0, 0xb8,
    0xff, 0xff, 0xff, 0x90, 0x0, 0x0, 0x0, 0x0,
    0x0, 0x0, 0xb8, 0xff, 0xff, 0xff, 0x90, 0x0,
    0x0, 0x0, 0x0, 0x0, 0x0, 0xb8, 0xff, 0xff,
    0xff, 0x90, 0x0, 0x0, 0x0, 0x0, 0x0, 0x0,

    /* U+0073 "s" */
    0x0, 0x0, 0x0, 0x58, 0xb6, 0xe5, 0xf9, 0xea,
    0xb4, 0x4d, 0x0, 0x0, 0x0, 0x0, 0x8, 0xb7,
    0xff, 0xff, 0xff, 0xff, 0xff, 0xff, 0xff, 0x94,
    0x0, 0x0, 0x0, 0x98, 0xff, 0xff, 0xff, 0xff,
    0xff, 0xff, 0xff, 0xff, 0xff, 0x67, 0x0, 0x14,
    0xf9, 0xff, 0xff, 0xff, 0x9d, 0x49, 0x64, 0xe4,
    0xff, 0xff, 0xeb, 0xb, 0x4e, 0xff, 0xff, 0xff,
    0xb4, 0x0, 0x0, 0x0, 0x2e, 0xfd, 0xff, 0xff,
    0x57, 0x68, 0xff, 0xff, 0xff, 0x74, 0x0, 0x0,
    0x0, 0x0, 0xbe, 0xff, 0xff, 0x92, 0x5b, 0xff,
    0xff, 0xff, 0x98, 0x0, 0x0, 0x0, 0x0, 0x7e,
    0xec, 0x98, 0x33, 0x38, 0xff, 0xff, 0xff, 0xf5,
    0x30, 0x0, 0x0, 0x0, 0x12, 0x5, 0x0, 0x0,
    0x1, 0xdb, 0xff, 0xff, 0xff, 0xee, 0x38, 0x0,
    0x0, 0x0, 0x0, 0x0, 0x0, 0x0, 0x4f, 0xff,
    0xff, 0xff, 0xff, 0xf4, 0x46, 0x0, 0x0, 0x0,
    0x0, 0x0, 0x0, 0x0, 0x7f, 0xff, 0xff, 0xff,
    0xff, 0xf9, 0x55, 0x0, 0x0, 0x0, 0x0, 0x0,
    0x0, 0x0, 0x7a, 0xff, 0xff, 0xff, 0xff, 0xfd,
    0x64, 0x0, 0x0, 0x0, 0x0, 0x0, 0x0, 0x0,
    0x5c, 0xf9, 0xff, 0xff, 0xff, 0xfe, 0x5e, 0x0,
    0x0, 0x0, 0x0, 0x0, 0x0, 0x0, 0x40, 0xef,
    0xff, 0xff, 0xff, 0xfc, 0x47, 0x0, 0x0, 0x0,
    0x0, 0x0, 0x0, 0x0, 0x2a, 0xe0, 0xff, 0xff,
    0xff, 0xe8, 0xc, 0x0, 0x0, 0x0, 0x0, 0x0,
    0x0, 0x0, 0x1c, 0xdf, 0xff, 0xff, 0xff, 0x71,
    0x0, 0xe, 0x55, 0x5b, 0x0, 0x0, 0x0, 0x0,
    0x3e, 0xff, 0xff, 0xff, 0xbe, 0xb4, 0xf9, 0xff,
    0xc8, 0x0, 0x0, 0x0, 0x0, 0x0, 0xdf, 0xff,
    0xff, 0xe0, 0xd7, 0xff, 0xff, 0xfc, 0x16, 0x0,
    0x0, 0x0, 0x0, 0xce, 0xff, 0xff, 0xde, 0x96,
    0xff, 0xff, 0xff, 0x8f, 0x0, 0x0, 0x0, 0x15,
    0xf5, 0xff, 0xff, 0xc0, 0x31, 0xfe, 0xff, 0xff,
    0xff, 0x97, 0x46, 0x56, 0xcc, 0xff, 0xff, 0xff,
    0x72, 0x0, 0x98, 0xff, 0xff, 0xff, 0xff, 0xff,
    0xff, 0xff, 0xff, 0xff, 0xe1, 0x10, 0x0, 0x6,
    0xa9, 0xff, 0xff, 0xff, 0xff, 0xff, 0xff, 0xff,
    0xdf, 0x2e, 0x0, 0x0, 0x0, 0x0, 0x50, 0xb4,
    0xea, 0xfa, 0xe9, 0xc3, 0x72, 0xc, 0x0, 0x0,

    /* U+0074 "t" */
    0x0, 0x0, 0x0, 0xb0, 0xff, 0xff, 0xff, 0x98,
    0x0, 0x0, 0x0, 0x0, 0x0, 0x0, 0x0, 0xb0,
    0xff, 0xff, 0xff, 0x98, 0x0, 0x0, 0x0, 0x0,
    0x0, 0x0, 0x0, 0xb0, 0xff, 0xff, 0xff, 0x98,
    0x0, 0x0, 0x0, 0x0, 0x0, 0x0, 0x0, 0xb0,
    0xff, 0xff, 0xff, 0x98, 0x0, 0x0, 0x0, 0x0,
    0x0, 0x0, 0x0, 0xb0, 0xff, 0xff, 0xff, 0x98,
    0x0, 0x0, 0x0, 0x0, 0x0, 0x0, 0x0, 0xb0,
    0xff, 0xff, 0xff, 0x98, 0x0, 0x0, 0x0, 0x0,
    0x0, 0x0, 0x0, 0xb0, 0xff, 0xff, 0xff, 0x98,
    0x0, 0x0, 0x0, 0x0, 0x20, 0xff, 0xff, 0xff,
    0xff, 0xff, 0xff, 0xff, 0xff, 0xff, 0xff, 0x50,
    0x20, 0xff, 0xff, 0xff, 0xff, 0xff, 0xff, 0xff,
    0xff, 0xff, 0xff, 0x50, 0x1d, 0xe8, 0xe8, 0xf8,
    0xff, 0xff, 0xff, 0xf6, 0xe8, 0xe8, 0xe8, 0x48,
    0x0, 0x0, 0x0, 0xb0, 0xff, 0xff, 0xff, 0x98,
    0x0, 0x0, 0x0, 0x0, 0x0, 0x0, 0x0, 0xb0,
    0xff, 0xff, 0xff, 0x98, 0x0, 0x0, 0x0, 0x0,
    0x0, 0x0, 0x0, 0xb0, 0xff, 0xff, 0xff, 0x98,
    0x0, 0x0, 0x0, 0x0, 0x0, 0x0, 0x0, 0xb0,
    0xff, 0xff, 0xff, 0x98, 0x0, 0x0, 0x0, 0x0,
    0x0, 0x0, 0x0, 0xb0, 0xff, 0xff, 0xff, 0x98,
    0x0, 0x0, 0x0, 0x0, 0x0, 0x0, 0x0, 0xb0,
    0xff, 0xff, 0xff, 0x98, 0x0, 0x0, 0x0, 0x0,
    0x0, 0x0, 0x0, 0xb0, 0xff, 0xff, 0xff, 0x98,
    0x0, 0x0, 0x0, 0x0, 0x0, 0x0, 0x0, 0xb0,
    0xff, 0xff, 0xff, 0x98, 0x0, 0x0, 0x0, 0x0,
    0x0, 0x0, 0x0, 0xb0, 0xff, 0xff, 0xff, 0x98,
    0x0, 0x0, 0x0, 0x0, 0x0, 0x0, 0x0, 0xb0,
    0xff, 0xff, 0xff, 0x98, 0x0, 0x0, 0x0, 0x0,
    0x0, 0x0, 0x0, 0xb0, 0xff, 0xff, 0xff, 0x98,
    0x0, 0x0, 0x0, 0x0, 0x0, 0x0, 0x0, 0xb0,
    0xff, 0xff, 0xff, 0x98, 0x0, 0x0, 0x0, 0x0,
    0x0, 0x0, 0x0, 0xb0, 0xff, 0xff, 0xff, 0x98,
    0x0, 0x0, 0x0, 0x0, 0x0, 0x0, 0x0, 0xb0,
    0xff, 0xff, 0xff, 0x98, 0x0, 0x0, 0x0, 0x0,
    0x0, 0x0, 0x0, 0xb0, 0xff, 0xff, 0xff, 0x98,
    0x0, 0x0, 0x0, 0x0, 0x0, 0x0, 0x0, 0xab,
    0xff, 0xff, 0xff, 0xa3, 0x0, 0x0, 0x0, 0x0,
    0x0, 0x0, 0x0, 0x98, 0xff, 0xff, 0xff, 0xd4,
    0x0, 0x0, 0x0, 0x0, 0x0, 0x0, 0x0, 0x6a,
    0xff, 0xff, 0xff, 0xff, 0xb4, 0x71, 0x6b, 0x21,
    0x0, 0x0, 0x0, 0x1c, 0xf8, 0xff, 0xff, 0xff,
    0xff, 0xff, 0xff, 0x48, 0x0, 0x0, 0x0, 0x0,
    0x72, 0xff, 0xff, 0xff, 0xff, 0xff, 0xff, 0x48,
    0x0, 0x0, 0x0, 0x0, 0x0, 0x4f, 0xbd, 0xea,
    0xfc, 0xf2, 0xda, 0x37,

    /* U+0075 "u" */
    0xff, 0xff, 0xff, 0xff, 0x48, 0x0, 0x0, 0x0,
    0x0, 0xe0, 0xff, 0xff, 0xff, 0x68, 0xff, 0xff,
    0xff, 0xff, 0x48, 0x0, 0x0, 0x0, 0x0, 0xe0,
    0xff, 0xff, 0xff, 0x68, 0xff, 0xff, 0xff, 0xff,
    0x48, 0x0, 0x0, 0x0, 0x0, 0xe0, 0xff, 0xff,
    0xff, 0x68, 0xff, 0xff, 0xff, 0xff, 0x48, 0x0,
    0x0, 0x0, 0x0, 0xe0, 0xff, 0xff, 0xff, 0x68,
    0xff, 0xff, 0xff, 0xff, 0x48, 0x0, 0x0, 0x0,
    0x0, 0xe0, 0xff, 0xff, 0xff, 0x68, 0xff, 0xff,
    0xff, 0xff, 0x48, 0x0, 0x0, 0x0, 0x0, 0xe0,
    0xff, 0xff, 0xff, 0x68, 0xff, 0xff, 0xff, 0xff,
    0x48, 0x0, 0x0, 0x0, 0x0, 0xe0, 0xff, 0xff,
    0xff, 0x68, 0xff, 0xff, 0xff, 0xff, 0x48, 0x0,
    0x0, 0x0, 0x0, 0xe0, 0xff, 0xff, 0xff, 0x68,
    0xff, 0xff, 0xff, 0xff, 0x48, 0x0, 0x0, 0x0,
    0x0, 0xe0, 0xff, 0xff, 0xff, 0x68, 0xff, 0xff,
    0xff, 0xff, 0x48, 0x0, 0x0, 0x0, 0x0, 0xe0,
    0xff, 0xff, 0xff, 0x68, 0xff, 0xff, 0xff, 0xff,
    0x48, 0x0, 0x0, 0x0, 0x0, 0xe0, 0xff, 0xff,
    0xff, 0x68, 0xff, 0xff, 0xff, 0xff, 0x48, 0x0,
    0x0, 0x0, 0x0, 0xe0, 0xff, 0xff, 0xff, 0x68,
    0xff, 0xff, 0xff, 0xff, 0x48, 0x0, 0x0, 0x0,
    0x0, 0xe0, 0xff, 0xff, 0xff, 0x68, 0xff, 0xff,
    0xff, 0xff, 0x48, 0x0, 0x0, 0x0, 0x0, 0xe0,
    0xff, 0xff, 0xff, 0x68, 0xff, 0xff, 0xff, 0xff,
    0x48, 0x0, 0x0, 0x0, 0x0, 0xe0, 0xff, 0xff,
    0xff, 0x68, 0xff, 0xff, 0xff, 0xff, 0x48, 0x0,
    0x0, 0x0, 0x0, 0xe0, 0xff, 0xff, 0xff, 0x68,
    0xff, 0xff, 0xff, 0xff, 0x48, 0x0, 0x0, 0x0,
    0x0, 0xe0, 0xff, 0xff, 0xff, 0x68, 0xff, 0xff,
    0xff, 0xff, 0x48, 0x0, 0x0, 0x0, 0x0, 0xe0,
    0xff, 0xff, 0xff, 0x68, 0xff, 0xff, 0xff, 0xff,
    0x54, 0x0, 0x0, 0x0, 0x0, 0xe0, 0xff, 0xff,
    0xff, 0x68, 0xfa, 0xff, 0xff, 0xff, 0x8a, 0x0,
    0x0, 0x2, 0x77, 0xfb, 0xff, 0xff, 0xff, 0x68,
    0xe1, 0xff, 0xff, 0xff, 0xfa, 0x92, 0x7f, 0xd0,
    0xff, 0xff, 0xff, 0xff, 0xff, 0x68, 0xa7, 0xff,
    0xff, 0xff, 0xff, 0xff, 0xff, 0xff, 0xdd, 0xef,
    0xff, 0xff, 0xff, 0x68, 0x38, 0xfc, 0xff, 0xff,
    0xff, 0xff, 0xff, 0xac, 0x12, 0xe0, 0xff, 0xff,
    0xff, 0x68, 0x0, 0x52, 0xd5, 0xf7, 0xe2, 0xa8,
    0x42, 0x0, 0x0, 0xe0, 0xff, 0xff, 0xff, 0x68,

    /* U+0076 "v" */
    0x50, 0xff, 0xff, 0xff, 0xfa, 0x3, 0x0, 0x0,
    0x0, 0x0, 0x70, 0xff, 0xff, 0xff, 0xb4, 0x1f,
    0xff, 0xff, 0xff, 0xff, 0x24, 0x0, 0x0, 0x0,
    0x0, 0x96, 0xff, 0xff, 0xff, 0x85, 0x0, 0xee,
    0xff, 0xff, 0xff, 0x4a, 0x0, 0x0, 0x0, 0x0,
    0xbc, 0xff, 0xff, 0xff, 0x56, 0x0, 0xbe, 0xff,
    0xff, 0xff, 0x6f, 0x0, 0x0, 0x0, 0x0, 0xe2,
    0xff, 0xff, 0xff, 0x27, 0x0, 0x8d, 0xff, 0xff,
    0xff, 0x95, 0x0, 0x0, 0x0, 0x9, 0xfe, 0xff,
    0xff, 0xf6, 0x2, 0x0, 0x5d, 0xff, 0xff, 0xff,
    0xbb, 0x0, 0x0, 0x0, 0x2e, 0xff, 0xff, 0xff,
    0xc9, 0x0, 0x0, 0x2c, 0xff, 0xff, 0xff, 0xe0,
    0x0, 0x0, 0x0, 0x54, 0xff, 0xff, 0xff, 0x9b,
    0x0, 0x0, 0x3, 0xf7, 0xff, 0xff, 0xfd, 0x8,
    0x0, 0x0, 0x7a, 0xff, 0xff, 0xff, 0x6c, 0x0,
    0x0, 0x0, 0xcb, 0xff, 0xff, 0xff, 0x2c, 0x0,
    0x0, 0xa0, 0xff, 0xff, 0xff, 0x3d, 0x0, 0x0,
    0x0, 0x9a, 0xff, 0xff, 0xff, 0x51, 0x0, 0x0,
    0xc6, 0xff, 0xff, 0xff, 0xf, 0x0, 0x0, 0x0,
    0x69, 0xff, 0xff, 0xff, 0x77, 0x0, 0x0, 0xed,
    0xff, 0xff, 0xdf, 0x0, 0x0, 0x0, 0x0, 0x39,
    0xff, 0xff, 0xff, 0x9d, 0x0, 0x12, 0xff, 0xff,
    0xff, 0xb0, 0x0, 0x0, 0x0, 0x0, 0xa, 0xfd,
    0xff, 0xff, 0xc3, 0x0, 0x39, 0xff, 0xff, 0xff,
    0x82, 0x0, 0x0, 0x0, 0x0, 0x0, 0xd7, 0xff,
    0xff, 0xe8, 0x0, 0x5f, 0xff, 0xff, 0xff, 0x53,
    0x0, 0x0, 0x0, 0x0, 0x0, 0xa7, 0xff, 0xff,
    0xff, 0xe, 0x85, 0xff, 0xff, 0xff, 0x24, 0x0,
    0x0, 0x0, 0x0, 0x0, 0x76, 0xff, 0xff, 0xff,
    0x34, 0xab, 0xff, 0xff, 0xf3, 0x1, 0x0, 0x0,
    0x0, 0x0, 0x0, 0x45, 0xff, 0xff, 0xff, 0x59,
    0xd1, 0xff, 0xff, 0xc6, 0x0, 0x0, 0x0, 0x0,
    0x0, 0x0, 0x14, 0xff, 0xff, 0xff, 0x80, 0xf5,
    0xff, 0xff, 0x97, 0x0, 0x0, 0x0, 0x0, 0x0,
    0x0, 0x0, 0xe4, 0xff, 0xff, 0xc2, 0xff, 0xff,
    0xff, 0x69, 0x0, 0x0, 0x0, 0x0, 0x0, 0x0,
    0x0, 0xb3, 0xff, 0xff, 0xfc, 0xff, 0xff, 0xff,
    0x3a, 0x0, 0x0, 0x0, 0x0, 0x0, 0x0, 0x0,
    0x83, 0xff, 0xff, 0xff, 0xff, 0xff, 0xfe, 0xd,
    0x0, 0x0, 0x0, 0x0, 0x0, 0x0, 0x0, 0x52,
    0xff, 0xff, 0xff, 0xff, 0xff, 0xdc, 0x0, 0x0,
    0x0, 0x0, 0x0, 0x0, 0x0, 0x0, 0x21, 0xff,
    0xff, 0xff, 0xff, 0xff, 0xad, 0x0, 0x0, 0x0,
    0x0, 0x0, 0x0, 0x0, 0x0, 0x0, 0xef, 0xff,
    0xff, 0xff, 0xff, 0x7f, 0x0, 0x0, 0x0, 0x0,

    /* U+0077 "w" */
    0xcd, 0xff, 0xff, 0xb4, 0x0, 0x0, 0x0, 0x0,
    0x1, 0xf4, 0xff, 0xff, 0x7d, 0x0, 0x0, 0x0,
    0x0, 0x32, 0xff, 0xff, 0xff, 0x52, 0xa5, 0xff,
    0xff, 0xd7, 0x0, 0x0, 0x0, 0x0, 0x23, 0xff,
    0xff, 0xff, 0xaa, 0x0, 0x0, 0x0, 0x0, 0x54,
    0xff, 0xff, 0xff, 0x29, 0x7d, 0xff, 0xff, 0xf8,
    0x2, 0x0, 0x0, 0x0, 0x50, 0xff, 0xff, 0xff,
    0xd7, 0x0, 0x0, 0x0, 0x0, 0x77, 0xff, 0xff,
    0xfb, 0x5, 0x56, 0xff, 0xff, 0xff, 0x1d, 0x0,
    0x0, 0x0, 0x7c, 0xff, 0xff, 0xff, 0xfc, 0x7,
    0x0, 0x0, 0x0, 0x9a, 0xff, 0xff, 0xd7, 0x0,
    0x2e, 0xff, 0xff, 0xff, 0x40, 0x0, 0x0, 0x0,
    0xa9, 0xff, 0xff, 0xff, 0xff, 0x30, 0x0, 0x0,
    0x0, 0xbd, 0xff, 0xff, 0xae, 0x0, 0x8, 0xfd,
    0xff, 0xff, 0x63, 0x0, 0x0, 0x0, 0xd5, 0xff,
    0xff, 0xff, 0xff, 0x5d, 0x0, 0x0, 0x0, 0xdf,
    0xff, 0xff, 0x85, 0x0, 0x0, 0xdf, 0xff, 0xff,
    0x85, 0x0, 0x0, 0x6, 0xfb, 0xff, 0xff, 0xff,
    0xff, 0x8a, 0x0, 0x0, 0x5, 0xfc, 0xff, 0xff,
    0x5c, 0x0, 0x0, 0xb7, 0xff, 0xff, 0xa8, 0x0,
    0x0, 0x2e, 0xff, 0xff, 0xd6, 0xff, 0xff, 0xb7,
    0x0, 0x0, 0x25, 0xff, 0xff, 0xff, 0x33, 0x0,
    0x0, 0x8f, 0xff, 0xff, 0xcb, 0x0, 0x0, 0x5b,
    0xff, 0xff, 0x88, 0xef, 0xff, 0xe3, 0x0, 0x0,
    0x48, 0xff, 0xff, 0xfe, 0xc, 0x0, 0x0, 0x68,
    0xff, 0xff, 0xee, 0x0, 0x0, 0x87, 0xff, 0xff,
    0x58, 0xc0, 0xff, 0xff, 0x11, 0x0, 0x6a, 0xff,
    0xff, 0xe1, 0x0, 0x0, 0x0, 0x40, 0xff, 0xff,
    0xff, 0x11, 0x0, 0xb4, 0xff, 0xff, 0x29, 0x90,
    0xff, 0xff, 0x3d, 0x0, 0x8d, 0xff, 0xff, 0xb8,
    0x0, 0x0, 0x0, 0x18, 0xff, 0xff, 0xff, 0x34,
    0x0, 0xe1, 0xff, 0xf7, 0x3, 0x61, 0xff, 0xff,
    0x6a, 0x0, 0xb0, 0xff, 0xff, 0x8f, 0x0, 0x0,
    0x0, 0x0, 0xf0, 0xff, 0xff, 0x56, 0xe, 0xff,
    0xff, 0xcb, 0x0, 0x31, 0xff, 0xff, 0x96, 0x0,
    0xd3, 0xff, 0xff, 0x66, 0x0, 0x0, 0x0, 0x0,
    0xc9, 0xff, 0xff, 0x79, 0x3a, 0xff, 0xff, 0x9c,
    0x0, 0x6, 0xfa, 0xff, 0xc3, 0x0, 0xf4, 0xff,
    0xff, 0x3d, 0x0, 0x0, 0x0, 0x0, 0xa1, 0xff,
    0xff, 0x9c, 0x66, 0xff, 0xff, 0x6d, 0x0, 0x0,
    0xd2, 0xff, 0xf0, 0x19, 0xff, 0xff, 0xff, 0x14,
    0x0, 0x0, 0x0, 0x0, 0x7a, 0xff, 0xff, 0xbf,
    0x93, 0xff, 0xff, 0x3e, 0x0, 0x0, 0xa2, 0xff,
    0xff, 0x58, 0xff, 0xff, 0xec, 0x0, 0x0, 0x0,
    0x0, 0x0, 0x52, 0xff, 0xff, 0xe2, 0xbf, 0xff,
    0xff, 0x10, 0x0, 0x0, 0x72, 0xff, 0xff, 0xa7,
    0xff, 0xff, 0xc2, 0x0, 0x0, 0x0, 0x0, 0x0,
    0x2a, 0xff, 0xff, 0xfd, 0xef, 0xff, 0xe0, 0x0,
    0x0, 0x0, 0x42, 0xff, 0xff, 0xf1, 0xff, 0xff,
    0x99, 0x0, 0x0, 0x0, 0x0, 0x0, 0x6, 0xfc,
    0xff, 0xff, 0xff, 0xff, 0xb1, 0x0, 0x0, 0x0,
    0x13, 0xff, 0xff, 0xff, 0xff, 0xff, 0x70, 0x0,
    0x0, 0x0, 0x0, 0x0, 0x0, 0xdb, 0xff, 0xff,
    0xff, 0xff, 0x82, 0x0, 0x0, 0x0, 0x0, 0xe3,
    0xff, 0xff, 0xff, 0xff, 0x47, 0x0, 0x0, 0x0,
    0x0, 0x0, 0x0, 0xb3, 0xff, 0xff, 0xff, 0xff,
    0x53, 0x0, 0x0, 0x0, 0x0, 0xb3, 0xff, 0xff,
    0xff, 0xff, 0x1e, 0x0, 0x0, 0x0, 0x0, 0x0,
    0x0, 0x8c, 0xff, 0xff, 0xff, 0xff, 0x24, 0x0,
    0x0, 0x0, 0x0, 0x84, 0xff, 0xff, 0xff, 0xf4,
    0x1, 0x0, 0x0, 0x0, 0x0, 0x0, 0x0, 0x64,
    0xff, 0xff, 0xff, 0xf4, 0x1, 0x0, 0x0, 0x0,
    0x0, 0x54, 0xff, 0xff, 0xff, 0xcc, 0x0, 0x0,
    0x0, 0x0, 0x0, 0x0, 0x0, 0x3c, 0xff, 0xff,
    0xff, 0xc7, 0x0, 0x0, 0x0, 0x0, 0x0, 0x24,
    0xff, 0xff, 0xff, 0xa4, 0x0, 0x0, 0x0, 0x0,

    /* U+0078 "x" */
    0x4b, 0xff, 0xff, 0xff, 0xc8, 0x0, 0x0, 0x0,
    0x0, 0x0, 0x3f, 0xff, 0xff, 0xff, 0xe8, 0x6,
    0x1, 0xd7, 0xff, 0xff, 0xff, 0x3b, 0x0, 0x0,
    0x0, 0x0, 0xa4, 0xff, 0xff, 0xff, 0x7d, 0x0,
    0x0, 0x67, 0xff, 0xff, 0xff, 0xad, 0x0, 0x0,
    0x0, 0x11, 0xf7, 0xff, 0xff, 0xf7, 0x15, 0x0,
    0x0, 0x9, 0xeb, 0xff, 0xff, 0xfd, 0x22, 0x0,
    0x0, 0x6e, 0xff, 0xff, 0xff, 0x9a, 0x0, 0x0,
    0x0, 0x0, 0x82, 0xff, 0xff, 0xff, 0x92, 0x0,
    0x0, 0xd3, 0xff, 0xff, 0xfe, 0x2a, 0x0, 0x0,
    0x0, 0x0, 0x17, 0xf8, 0xff, 0xff, 0xf3, 0x10,
    0x38, 0xff, 0xff, 0xff, 0xb7, 0x0, 0x0, 0x0,
    0x0, 0x0, 0x0, 0x9e, 0xff, 0xff, 0xff, 0x76,
    0x9d, 0xff, 0xff, 0xff, 0x46, 0x0, 0x0, 0x0,
    0x0, 0x0, 0x0, 0x2c, 0xff, 0xff, 0xff, 0xe5,
    0xf4, 0xff, 0xff, 0xd4, 0x0, 0x0, 0x0, 0x0,
    0x0, 0x0, 0x0, 0x0, 0xb9, 0xff, 0xff, 0xff,
    0xff, 0xff, 0xff, 0x63, 0x0, 0x0, 0x0, 0x0,
    0x0, 0x0, 0x0, 0x0, 0x47, 0xff, 0xff, 0xff,
    0xff, 0xff, 0xea, 0x8, 0x0, 0x0, 0x0, 0x0,
    0x0, 0x0, 0x0, 0x0, 0x0, 0xd3, 0xff, 0xff,
    0xff, 0xff, 0x80, 0x0, 0x0, 0x0, 0x0, 0x0,
    0x0, 0x0, 0x0, 0x0, 0x0, 0x8c, 0xff, 0xff,
    0xff, 0xf9, 0x17, 0x0, 0x0, 0x0, 0x0, 0x0,
    0x0, 0x0, 0x0, 0x0, 0x3, 0xe3, 0xff, 0xff,
    0xff, 0xfd, 0x23, 0x0, 0x0, 0x0, 0x0, 0x0,
    0x0, 0x0, 0x0, 0x0, 0x50, 0xff, 0xff, 0xff,
    0xff, 0xff, 0x93, 0x0, 0x0, 0x0, 0x0, 0x0,
    0x0, 0x0, 0x0, 0x0, 0xba, 0xff, 0xff, 0xff,
    0xff, 0xff, 0xf4, 0x10, 0x0, 0x0, 0x0, 0x0,
    0x0, 0x0, 0x0, 0x24, 0xfe, 0xff, 0xff, 0xfd,
    0xff, 0xff, 0xff, 0x76, 0x0, 0x0, 0x0, 0x0,
    0x0, 0x0, 0x0, 0x8d, 0xff, 0xff, 0xff, 0x78,
    0xff, 0xff, 0xff, 0xe3, 0x4, 0x0, 0x0, 0x0,
    0x0, 0x0, 0x8, 0xed, 0xff, 0xff, 0xe1, 0x2,
    0xc0, 0xff, 0xff, 0xff, 0x59, 0x0, 0x0, 0x0,
    0x0, 0x0, 0x60, 0xff, 0xff, 0xff, 0x81, 0x0,
    0x4e, 0xff, 0xff, 0xff, 0xca, 0x0, 0x0, 0x0,
    0x0, 0x0, 0xc9, 0xff, 0xff, 0xfe, 0x21, 0x0,
    0x1, 0xd9, 0xff, 0xff, 0xff, 0x3c, 0x0, 0x0,
    0x0, 0x32, 0xff, 0xff, 0xff, 0xbe, 0x0, 0x0,
    0x0, 0x69, 0xff, 0xff, 0xff, 0xae, 0x0, 0x0,
    0x0, 0x9c, 0xff, 0xff, 0xff, 0x5c, 0x0, 0x0,
    0x0, 0xa, 0xec, 0xff, 0xff, 0xfd, 0x22, 0x0,
    0x10, 0xf5, 0xff, 0xff, 0xf0, 0x9, 0x0, 0x0,
    0x0, 0x0, 0x84, 0xff, 0xff, 0xff, 0x91, 0x0,
    0x6f, 0xff, 0xff, 0xff, 0x98, 0x0, 0x0, 0x0,
    0x0, 0x0, 0x18, 0xf9, 0xff, 0xff, 0xf3, 0xf,

    /* U+0079 "y" */
    0x67, 0xff, 0xff, 0xff, 0xe2, 0x0, 0x0, 0x0,
    0x0, 0x0, 0x2a, 0xff, 0xff, 0xff, 0xff, 0x1e,
    0x2b, 0xff, 0xff, 0xff, 0xff, 0x10, 0x0, 0x0,
    0x0, 0x0, 0x56, 0xff, 0xff, 0xff, 0xe6, 0x0,
    0x1, 0xee, 0xff, 0xff, 0xff, 0x3e, 0x0, 0x0,
    0x0, 0x0, 0x82, 0xff, 0xff, 0xff, 0xac, 0x0,
    0x0, 0xb4, 0xff, 0xff, 0xff, 0x6b, 0x0, 0x0,
    0x0, 0x0, 0xae, 0xff, 0xff, 0xff, 0x73, 0x0,
    0x0, 0x79, 0xff, 0xff, 0xff, 0x99, 0x0, 0x0,
    0x0, 0x0, 0xda, 0xff, 0xff, 0xff, 0x3a, 0x0,
    0x0, 0x3d, 0xff, 0xff, 0xff, 0xc7, 0x0, 0x0,
    0x0, 0x8, 0xfc, 0xff, 0xff, 0xf9, 0x8, 0x0,
    0x0, 0x8, 0xf9, 0xff, 0xff, 0xf3, 0x1, 0x0,
    0x0, 0x31, 0xff, 0xff, 0xff, 0xc8, 0x0, 0x0,
    0x0, 0x0, 0xc6, 0xff, 0xff, 0xff, 0x22, 0x0,
    0x0, 0x5d, 0xff, 0xff, 0xff, 0x8f, 0x0, 0x0,
    0x0, 0x0, 0x8b, 0xff, 0xff, 0xff, 0x50, 0x0,
    0x0, 0x89, 0xff, 0xff, 0xff, 0x56, 0x0, 0x0,
    0x0, 0x0, 0x4f, 0xff, 0xff, 0xff, 0x7d, 0x0,
    0x0, 0xb5, 0xff, 0xff, 0xff, 0x1d, 0x0, 0x0,
    0x0, 0x0, 0x14, 0xff, 0xff, 0xff, 0xab, 0x0,
    0x0, 0xe1, 0xff, 0xff, 0xe4, 0x0, 0x0, 0x0,
    0x0, 0x0, 0x0, 0xd8, 0xff, 0xff, 0xd9, 0x0,
    0xd, 0xfe, 0xff, 0xff, 0xab, 0x0, 0x0, 0x0,
    0x0, 0x0, 0x0, 0x9d, 0xff, 0xff, 0xfd, 0x9,
    0x39, 0xff, 0xff, 0xff, 0x72, 0x0, 0x0, 0x0,
    0x0, 0x0, 0x0, 0x61, 0xff, 0xff, 0xff, 0x34,
    0x64, 0xff, 0xff, 0xff, 0x39, 0x0, 0x0, 0x0,
    0x0, 0x0, 0x0, 0x26, 0xff, 0xff, 0xff, 0x62,
    0x90, 0xff, 0xff, 0xf9, 0x7, 0x0, 0x0, 0x0,
    0x0, 0x0, 0x0, 0x0, 0xe9, 0xff, 0xff, 0x8f,
    0xbc, 0xff, 0xff, 0xc7, 0x0, 0x0, 0x0, 0x0,
    0x0, 0x0, 0x0, 0x0, 0xaf, 0xff, 0xff, 0xbd,
    0xe8, 0xff, 0xff, 0x8e, 0x0, 0x0, 0x0, 0x0,
    0x0, 0x0, 0x0, 0x0, 0x73, 0xff, 0xff, 0xf4,
    0xff, 0xff, 0xff, 0x55, 0x0, 0x0, 0x0, 0x0,
    0x0, 0x0, 0x0, 0x0, 0x38, 0xff, 0xff, 0xff,
    0xff, 0xff, 0xff, 0x1c, 0x0, 0x0, 0x0, 0x0,
    0x0, 0x0, 0x0, 0x0, 0x5, 0xf6, 0xff, 0xff,
    0xff, 0xff, 0xe3, 0x0, 0x0, 0x0, 0x0, 0x0,
    0x0, 0x0, 0x0, 0x0, 0x0, 0xc2, 0xff, 0xff,
    0xff, 0xff, 0xaa, 0x0, 0x0, 0x0, 0x0, 0x0,
    0x0, 0x0, 0x0, 0x0, 0x0, 0x89, 0xff, 0xff,
    0xff, 0xff, 0x71, 0x0, 0x0, 0x0, 0x0, 0x0,
    0x0, 0x0, 0x0, 0x0, 0x0, 0x50, 0xff, 0xff,
    0xff, 0xff, 0x38, 0x0, 0x0, 0x0, 0x0, 0x0,
    0x0, 0x0, 0x0, 0x0, 0x0, 0x1c, 0xff, 0xff,
    0xff, 0xf8, 0x7, 0x0, 0x0, 0x0, 0x0, 0x0,
    0x0, 0x0, 0x0, 0x0, 0x0, 0xd, 0xff, 0xff,
    0xff, 0xc6, 0x0, 0x0, 0x0, 0x0, 0x0, 0x0,
    0x0, 0x0, 0x4, 0x10, 0x33, 0xa6, 0xff, 0xff,
    0xff, 0x78, 0x0, 0x0, 0x0, 0x0, 0x0, 0x0,
    0x0, 0x34, 0xff, 0xff, 0xff, 0xff, 0xff, 0xff,
    0xf1, 0x1b, 0x0, 0x0, 0x0, 0x0, 0x0, 0x0,
    0x0, 0x34, 0xff, 0xff, 0xff, 0xff, 0xff, 0xf7,
    0x51, 0x0, 0x0, 0x0, 0x0, 0x0, 0x0, 0x0,
    0x0, 0x34, 0xff, 0xff, 0xff, 0xf8, 0xab, 0x2e,
    0x0, 0x0, 0x0, 0x0, 0x0, 0x0, 0x0, 0x0,
    0x0, 0x12, 0x58, 0x4b, 0x32, 0x6, 0x0, 0x0,
    0x0, 0x0, 0x0, 0x0, 0x0, 0x0, 0x0, 0x0,

    /* U+007A "z" */
    0x0, 0xff, 0xff, 0xff, 0xff, 0xff, 0xff, 0xff,
    0xff, 0xff, 0xff, 0xf4, 0x0, 0xff, 0xff, 0xff,
    0xff, 0xff, 0xff, 0xff, 0xff, 0xff, 0xff, 0xf4,
    0x0, 0xff, 0xff, 0xff, 0xff, 0xff, 0xff, 0xff,
    0xff, 0xff, 0xff, 0xe0, 0x0, 0x48, 0x48, 0x48,
    0x48, 0x48, 0x48, 0xd8, 0xff, 0xff, 0xff, 0x83,
    0x0, 0x0, 0x0, 0x0, 0x0, 0x0, 0x22, 0xfe,
    0xff, 0xff, 0xfe, 0x22, 0x0, 0x0, 0x0, 0x0,
    0x0, 0x0, 0x87, 0xff, 0xff, 0xff, 0xbd, 0x0,
    0x0, 0x0, 0x0, 0x0, 0x0, 0x4, 0xe7, 0xff,
    0xff, 0xff, 0x59, 0x0, 0x0, 0x0, 0x0, 0x0,
    0x0, 0x52, 0xff, 0xff, 0xff, 0xee, 0x8, 0x0,
    0x0, 0x0, 0x0, 0x0, 0x0, 0xb8, 0xff, 0xff,
    0xff, 0x92, 0x0, 0x0, 0x0, 0x0, 0x0, 0x0,
    0x1f, 0xfd, 0xff, 0xff, 0xff, 0x2f, 0x0, 0x0,
    0x0, 0x0, 0x0, 0x0, 0x84, 0xff, 0xff, 0xff,
    0xcc, 0x0, 0x0, 0x0, 0x0, 0x0, 0x0, 0x4,
    0xe5, 0xff, 0xff, 0xff, 0x68, 0x0, 0x0, 0x0,
    0x0, 0x0, 0x0, 0x50, 0xff, 0xff, 0xff, 0xf6,
    0xf, 0x0, 0x0, 0x0, 0x0, 0x0, 0x0, 0xb6,
    0xff, 0xff, 0xff, 0xa2, 0x0, 0x0, 0x0, 0x0,
    0x0, 0x0, 0x1e, 0xfd, 0xff, 0xff, 0xff, 0x3e,
    0x0, 0x0, 0x0, 0x0, 0x0, 0x0, 0x82, 0xff,
    0xff, 0xff, 0xda, 0x0, 0x0, 0x0, 0x0, 0x0,
    0x0, 0x3, 0xe4, 0xff, 0xff, 0xff, 0x77, 0x0,
    0x0, 0x0, 0x0, 0x0, 0x0, 0x4d, 0xff, 0xff,
    0xff, 0xfb, 0x18, 0x0, 0x0, 0x0, 0x0, 0x0,
    0x0, 0xb3, 0xff, 0xff, 0xff, 0xb1, 0x0, 0x0,
    0x0, 0x0, 0x0, 0x0, 0x1c, 0xfc, 0xff, 0xff,
    0xff, 0x4d, 0x0, 0x0, 0x0, 0x0, 0x0, 0x0,
    0x7f, 0xff, 0xff, 0xff, 0xf7, 0x53, 0x50, 0x50,
    0x50, 0x50, 0x50, 0x3f, 0xb7, 0xff, 0xff, 0xff,
    0xff, 0xff, 0xff, 0xff, 0xff, 0xff, 0xff, 0xcc,
    0xb8, 0xff, 0xff, 0xff, 0xff, 0xff, 0xff, 0xff,
    0xff, 0xff, 0xff, 0xcc, 0xb8, 0xff, 0xff, 0xff,
    0xff, 0xff, 0xff, 0xff, 0xff, 0xff, 0xff, 0xcc,

    /* U+007B "{" */
    0x0, 0x0, 0x0, 0x0, 0x1c, 0x87, 0xc9, 0xe6,
    0xf6, 0xfd, 0x13, 0x0, 0x0, 0x0, 0x1e, 0xea,
    0xff, 0xff, 0xff, 0xff, 0xff, 0x14, 0x0, 0x0,
    0x0, 0x95, 0xff, 0xff, 0xff, 0xff, 0xff, 0xff,
    0x14, 0x0, 0x0, 0x0, 0xd4, 0xff, 0xff, 0xff,
    0xf6, 0x73, 0x43, 0x4, 0x0, 0x0, 0x0, 0xf6,
    0xff, 0xff, 0xff, 0x97, 0x0, 0x0, 0x0, 0x0,
    0x0, 0x5, 0xff, 0xff, 0xff, 0xff, 0x73, 0x0,
    0x0, 0x0, 0x0, 0x0, 0xf, 0xff, 0xff, 0xff,
    0xff, 0x6a, 0x0, 0x0, 0x0, 0x0, 0x0, 0x13,
    0xff, 0xff, 0xff, 0xff, 0x68, 0x0, 0x0, 0x0,
    0x0, 0x0, 0x14, 0xff, 0xff, 0xff, 0xff, 0x68,
    0x0, 0x0, 0x0, 0x0, 0x0, 0x14, 0xff, 0xff,
    0xff, 0xff, 0x68, 0x0, 0x0, 0x0, 0x0, 0x0,
    0x14, 0xff, 0xff, 0xff, 0xff, 0x68, 0x0, 0x0,
    0x0, 0x0, 0x0, 0x14, 0xff, 0xff, 0xff, 0xff,
    0x68, 0x0, 0x0, 0x0, 0x0, 0x0, 0x14, 0xff,
    0xff, 0xff, 0xff, 0x68, 0x0, 0x0, 0x0, 0x0,
    0x0, 0x14, 0xff, 0xff, 0xff, 0xff, 0x68, 0x0,
    0x0, 0x0, 0x0, 0x0, 0x16, 0xff, 0xff, 0xff,
    0xff, 0x67, 0x0, 0x0, 0x0, 0x0, 0x0, 0x1d,
    0xff, 0xff, 0xff, 0xff, 0x5f, 0x0, 0x0, 0x0,
    0x0, 0x0, 0x2f, 0xff, 0xff, 0xff, 0xff, 0x4b,
    0x0, 0x0, 0x0, 0x0, 0x0, 0x5c, 0xff, 0xff,
    0xff, 0xff, 0x23, 0x0, 0x0, 0x0, 0x2, 0x25,
    0xce, 0xff, 0xff, 0xff, 0xd6, 0x0, 0x0, 0x0,
    0x0, 0x68, 0xff, 0xff, 0xff, 0xff, 0xf9, 0x39,
    0x0, 0x0, 0x0, 0x0, 0x68, 0xff, 0xff, 0xff,
    0xf9, 0x4f, 0x0, 0x0, 0x0, 0x0, 0x0, 0x68,
    0xff, 0xff, 0xff, 0xff, 0xf8, 0x3c, 0x0, 0x0,
    0x0, 0x0, 0x5, 0x2d, 0xd1, 0xff, 0xff, 0xff,
    0xd1, 0x0, 0x0, 0x0, 0x0, 0x0, 0x0, 0x5c,
    0xff, 0xff, 0xff, 0xff, 0x21, 0x0, 0x0, 0x0,
    0x0, 0x0, 0x2f, 0xff, 0xff, 0xff, 0xff, 0x4a,
    0x0, 0x0, 0x0, 0x0, 0x0, 0x1d, 0xff, 0xff,
    0xff, 0xff, 0x5f, 0x0, 0x0, 0x0, 0x0, 0x0,
    0x16, 0xff, 0xff, 0xff, 0xff, 0x66, 0x0, 0x0,
    0x0, 0x0, 0x0, 0x14, 0xff, 0xff, 0xff, 0xff,
    0x68, 0x0, 0x0, 0x0, 0x0, 0x0, 0x14, 0xff,
    0xff, 0xff, 0xff, 0x68, 0x0, 0x0, 0x0, 0x0,
    0x0, 0x14, 0xff, 0xff, 0xff, 0xff, 0x68, 0x0,
    0x0, 0x0, 0x0, 0x0, 0x14, 0xff, 0xff, 0xff,
    0xff, 0x68, 0x0, 0x0, 0x0, 0x0, 0x0, 0x14,
    0xff, 0xff, 0xff, 0xff, 0x68, 0x0, 0x0, 0x0,
    0x0, 0x0, 0x14, 0xff, 0xff, 0xff, 0xff, 0x68,
    0x0, 0x0, 0x0, 0x0, 0x0, 0x13, 0xff, 0xff,
    0xff, 0xff, 0x68, 0x0, 0x0, 0x0, 0x0, 0x0,
    0x10, 0xff, 0xff, 0xff, 0xff, 0x6a, 0x0, 0x0,
    0x0, 0x0, 0x0, 0x8, 0xff, 0xff, 0xff, 0xff,
    0x6f, 0x0, 0x0, 0x0, 0x0, 0x0, 0x0, 0xfa,
    0xff, 0xff, 0xff, 0x89, 0x0, 0x0, 0x0, 0x0,
    0x0, 0x0, 0xde, 0xff, 0xff, 0xff, 0xe1, 0x30,
    0x6, 0x0, 0x0, 0x0, 0x0, 0xa7, 0xff, 0xff,
    0xff, 0xff, 0xff, 0xff, 0x14, 0x0, 0x0, 0x0,
    0x37, 0xfd, 0xff, 0xff, 0xff, 0xff, 0xff, 0x14,
    0x0, 0x0, 0x0, 0x0, 0x45, 0xc4, 0xfd, 0xff,
    0xff, 0xff, 0x14, 0x0, 0x0, 0x0, 0x0, 0x0,
    0x0, 0x8, 0x23, 0x33, 0x3a, 0x4,

    /* U+007C "|" */
    0x3c, 0xff, 0xff, 0xff, 0xc4, 0x3c, 0xff, 0xff,
    0xff, 0xc4, 0x3c, 0xff, 0xff, 0xff, 0xc4, 0x3c,
    0xff, 0xff, 0xff, 0xc4, 0x3c, 0xff, 0xff, 0xff,
    0xc4, 0x3c, 0xff, 0xff, 0xff, 0xc4, 0x3c, 0xff,
    0xff, 0xff, 0xc4, 0x3c, 0xff, 0xff, 0xff, 0xc4,
    0x3c, 0xff, 0xff, 0xff, 0xc4, 0x3c, 0xff, 0xff,
    0xff, 0xc4, 0x3c, 0xff, 0xff, 0xff, 0xc4, 0x3c,
    0xff, 0xff, 0xff, 0xc4, 0x3c, 0xff, 0xff, 0xff,
    0xc4, 0x3c, 0xff, 0xff, 0xff, 0xc4, 0x3c, 0xff,
    0xff, 0xff, 0xc4, 0x3c, 0xff, 0xff, 0xff, 0xc4,
    0x3c, 0xff, 0xff, 0xff, 0xc4, 0x3c, 0xff, 0xff,
    0xff, 0xc4, 0x3c, 0xff, 0xff, 0xff, 0xc4, 0x3c,
    0xff, 0xff, 0xff, 0xc4, 0x3c, 0xff, 0xff, 0xff,
    0xc4, 0x3c, 0xff, 0xff, 0xff, 0xc4, 0x3c, 0xff,
    0xff, 0xff, 0xc4, 0x3c, 0xff, 0xff, 0xff, 0xc4,
    0x3c, 0xff, 0xff, 0xff, 0xc4, 0x3c, 0xff, 0xff,
    0xff, 0xc4, 0x3c, 0xff, 0xff, 0xff, 0xc4, 0x3c,
    0xff, 0xff, 0xff, 0xc4, 0x3c, 0xff, 0xff, 0xff,
    0xc4, 0x3c, 0xff, 0xff, 0xff, 0xc4, 0x3c, 0xff,
    0xff, 0xff, 0xc4, 0x3c, 0xff, 0xff, 0xff, 0xc4,
    0x3c, 0xff, 0xff, 0xff, 0xc4, 0x3c, 0xff, 0xff,
    0xff, 0xc4, 0x3c, 0xff, 0xff, 0xff, 0xc4, 0x3c,
    0xff, 0xff, 0xff, 0xc4, 0x3c, 0xff, 0xff, 0xff,
    0xc4, 0x3c, 0xff, 0xff, 0xff, 0xc4, 0x3c, 0xff,
    0xff, 0xff, 0xc4,

    /* U+007D "}" */
    0x3b, 0xfc, 0xf4, 0xe3, 0xc1, 0x7a, 0xe, 0x0,
    0x0, 0x0, 0x0, 0x3c, 0xff, 0xff, 0xff, 0xff,
    0xff, 0xd6, 0x9, 0x0, 0x0, 0x0, 0x3c, 0xff,
    0xff, 0xff, 0xff, 0xff, 0xff, 0x6b, 0x0, 0x0,
    0x0, 0xe, 0x47, 0x87, 0xff, 0xff, 0xff, 0xff,
    0xa8, 0x0, 0x0, 0x0, 0x0, 0x0, 0x0, 0xc2,
    0xff, 0xff, 0xff, 0xcb, 0x0, 0x0, 0x0, 0x0,
    0x0, 0x0, 0x9f, 0xff, 0xff, 0xff, 0xdc, 0x0,
    0x0, 0x0, 0x0, 0x0, 0x0, 0x95, 0xff, 0xff,
    0xff, 0xe5, 0x0, 0x0, 0x0, 0x0, 0x0, 0x0,
    0x92, 0xff, 0xff, 0xff, 0xea, 0x0, 0x0, 0x0,
    0x0, 0x0, 0x0, 0x90, 0xff, 0xff, 0xff, 0xeb,
    0x0, 0x0, 0x0, 0x0, 0x0, 0x0, 0x90, 0xff,
    0xff, 0xff, 0xec, 0x0, 0x0, 0x0, 0x0, 0x0,
    0x0, 0x90, 0xff, 0xff, 0xff, 0xec, 0x0, 0x0,
    0x0, 0x0, 0x0, 0x0, 0x90, 0xff, 0xff, 0xff,
    0xec, 0x0, 0x0, 0x0, 0x0, 0x0, 0x0, 0x90,
    0xff, 0xff, 0xff, 0xec, 0x0, 0x0, 0x0, 0x0,
    0x0, 0x0, 0x90, 0xff, 0xff, 0xff, 0xec, 0x0,
    0x0, 0x0, 0x0, 0x0, 0x0, 0x8f, 0xff, 0xff,
    0xff, 0xed, 0x0, 0x0, 0x0, 0x0, 0x0, 0x0,
    0x88, 0xff, 0xff, 0xff, 0xf3, 0x0, 0x0, 0x0,
    0x0, 0x0, 0x0, 0x75, 0xff, 0xff, 0xff, 0xff,
    0x5, 0x0, 0x0, 0x0, 0x0, 0x0, 0x4e, 0xff,
    0xff, 0xff, 0xff, 0x30, 0x0, 0x0, 0x0, 0x0,
    0x0, 0xe, 0xf3, 0xff, 0xff, 0xff, 0xb1, 0x1a,
    0x0, 0x0, 0x0, 0x0, 0x0, 0x5d, 0xff, 0xff,
    0xff, 0xff, 0xff, 0x3c, 0x0, 0x0, 0x0, 0x0,
    0x0, 0x6e, 0xfe, 0xff, 0xff, 0xff, 0x3c, 0x0,
    0x0, 0x0, 0x0, 0x61, 0xfe, 0xff, 0xff, 0xff,
    0xff, 0x3c, 0x0, 0x0, 0x0, 0xc, 0xf1, 0xff,
    0xff, 0xff, 0xb5, 0x23, 0x2, 0x0, 0x0, 0x0,
    0x4b, 0xff, 0xff, 0xff, 0xff, 0x31, 0x0, 0x0,
    0x0, 0x0, 0x0, 0x74, 0xff, 0xff, 0xff, 0xff,
    0x5, 0x0, 0x0, 0x0, 0x0, 0x0, 0x88, 0xff,
    0xff, 0xff, 0xf4, 0x0, 0x0, 0x0, 0x0, 0x0,
    0x0, 0x8f, 0xff, 0xff, 0xff, 0xed, 0x0, 0x0,
    0x0, 0x0, 0x0, 0x0, 0x90, 0xff, 0xff, 0xff,
    0xec, 0x0, 0x0, 0x0, 0x0, 0x0, 0x0, 0x90,
    0xff, 0xff, 0xff, 0xec, 0x0, 0x0, 0x0, 0x0,
    0x0, 0x0, 0x90, 0xff, 0xff, 0xff, 0xec, 0x0,
    0x0, 0x0, 0x0, 0x0, 0x0, 0x90, 0xff, 0xff,
    0xff, 0xec, 0x0, 0x0, 0x0, 0x0, 0x0, 0x0,
    0x90, 0xff, 0xff, 0xff, 0xec, 0x0, 0x0, 0x0,
    0x0, 0x0, 0x0, 0x90, 0xff, 0xff, 0xff, 0xeb,
    0x0, 0x0, 0x0, 0x0, 0x0, 0x0, 0x91, 0xff,
    0xff, 0xff, 0xea, 0x0, 0x0, 0x0, 0x0, 0x0,
    0x0, 0x93, 0xff, 0xff, 0xff, 0xe6, 0x0, 0x0,
    0x0, 0x0, 0x0, 0x0, 0x9b, 0xff, 0xff, 0xff,
    0xde, 0x0, 0x0, 0x0, 0x0, 0x0, 0x0, 0xb4,
    0xff, 0xff, 0xff, 0xcf, 0x0, 0x0, 0x0, 0x0,
    0x9, 0x44, 0xf6, 0xff, 0xff, 0xff, 0xb2, 0x0,
    0x0, 0x0, 0x3c, 0xff, 0xff, 0xff, 0xff, 0xff,
    0xff, 0x7d, 0x0, 0x0, 0x0, 0x3c, 0xff, 0xff,
    0xff, 0xff, 0xff, 0xf3, 0x19, 0x0, 0x0, 0x0,
    0x3c, 0xff, 0xff, 0xff, 0xf9, 0xb6, 0x2e, 0x0,
    0x0, 0x0, 0x0, 0xe, 0x39, 0x32, 0x1f, 0x5,
    0x0, 0x0, 0x0, 0x0, 0x0, 0x0,

    /* U+007E "~" */
    0x0, 0x0, 0x1, 0x6c, 0xdc, 0xf1, 0xb0, 0x32,
    0x0, 0x0, 0x0, 0x0, 0x0, 0xe, 0x3, 0x0,
    0x0, 0x1c, 0xbf, 0xff, 0xff, 0xff, 0xff, 0xfd,
    0x95, 0x11, 0x0, 0x0, 0x29, 0xd8, 0x85, 0x0,
    0x27, 0xe5, 0xff, 0xff, 0xff, 0xff, 0xff, 0xff,
    0xff, 0xf1, 0xa2, 0xa1, 0xf7, 0xff, 0xfd, 0x3c,
    0x46, 0xfe, 0xff, 0xf3, 0x9a, 0xa2, 0xf3, 0xff,
    0xff, 0xff, 0xff, 0xff, 0xff, 0xff, 0xc4, 0xc,
    0x0, 0x8f, 0xbe, 0x1b, 0x0, 0x0, 0x13, 0x99,
    0xfd, 0xff, 0xff, 0xff, 0xff, 0xa7, 0xb, 0x0,
    0x0, 0x5, 0x2, 0x0, 0x0, 0x0, 0x0, 0x0,
    0x35, 0xb1, 0xf1, 0xdd, 0x67, 0x0, 0x0, 0x0
};

/*---------------------
 *  GLYPH DESCRIPTION
 *--------------------*/

static const lv_font_fmt_txt_glyph_dsc_t glyph_dsc[] = {
    {.bitmap_index = 0, .adv_w = 0, .box_w = 0, .box_h = 0, .ofs_x = 0, .ofs_y = 0} /* id = 0 reserved */,
    {.bitmap_index = 0, .adv_w = 147, .box_w = 0, .box_h = 0, .ofs_x = 0, .ofs_y = 0},
    {.bitmap_index = 0, .adv_w = 133, .box_w = 5, .box_h = 33, .ofs_x = 2, .ofs_y = 0},
    {.bitmap_index = 165, .adv_w = 170, .box_w = 11, .box_h = 11, .ofs_x = 0, .ofs_y = 22},
    {.bitmap_index = 286, .adv_w = 311, .box_w = 18, .box_h = 33, .ofs_x = 1, .ofs_y = 0},
    {.bitmap_index = 880, .adv_w = 314, .box_w = 17, .box_h = 40, .ofs_x = 1, .ofs_y = -3},
    {.bitmap_index = 1560, .adv_w = 570, .box_w = 34, .box_h = 33, .ofs_x = 1, .ofs_y = 0},
    {.bitmap_index = 2682, .adv_w = 388, .box_w = 20, .box_h = 33, .ofs_x = 2, .ofs_y = 0},
    {.bitmap_index = 3342, .adv_w = 81, .box_w = 5, .box_h = 11, .ofs_x = 0, .ofs_y = 22},
    {.bitmap_index = 3397, .adv_w = 191, .box_w = 9, .box_h = 41, .ofs_x = 2, .ofs_y = -8},
    {.bitmap_index = 3766, .adv_w = 166, .box_w = 8, .box_h = 41, .ofs_x = 1, .ofs_y = -8},
    {.bitmap_index = 4094, .adv_w = 255, .box_w = 15, .box_h = 14, .ofs_x = 1, .ofs_y = 19},
    {.bitmap_index = 4304, .adv_w = 266, .box_w = 15, .box_h = 17, .ofs_x = 1, .ofs_y = 9},
    {.bitmap_index = 4559, .adv_w = 120, .box_w = 6, .box_h = 11, .ofs_x = 1, .ofs_y = -6},
    {.bitmap_index = 4625, .adv_w = 194, .box_w = 10, .box_h = 4, .ofs_x = 1, .ofs_y = 10},
    {.bitmap_index = 4665, .adv_w = 120, .box_w = 6, .box_h = 5, .ofs_x = 1, .ofs_y = 0},
    {.bitmap_index = 4695, .adv_w = 236, .box_w = 13, .box_h = 33, .ofs_x = 1, .ofs_y = 0},
    {.bitmap_index = 5124, .adv_w = 331, .box_w = 17, .box_h = 33, .ofs_x = 2, .ofs_y = 0},
    {.bitmap_index = 5685, .adv_w = 242, .box_w = 11, .box_h = 33, .ofs_x = 1, .ofs_y = 0},
    {.bitmap_index = 6048, .adv_w = 306, .box_w = 17, .box_h = 33, .ofs_x = 1, .ofs_y = 0},
    {.bitmap_index = 6609, .adv_w = 305, .box_w = 17, .box_h = 33, .ofs_x = 1, .ofs_y = 0},
    {.bitmap_index = 7170, .adv_w = 309, .box_w = 18, .box_h = 33, .ofs_x = 1, .ofs_y = 0},
    {.bitmap_index = 7764, .adv_w = 305, .box_w = 17, .box_h = 33, .ofs_x = 1, .ofs_y = 0},
    {.bitmap_index = 8325, .adv_w = 322, .box_w = 17, .box_h = 33, .ofs_x = 2, .ofs_y = 0},
    {.bitmap_index = 8886, .adv_w = 247, .box_w = 14, .box_h = 33, .ofs_x = 0, .ofs_y = 0},
    {.bitmap_index = 9348, .adv_w = 319, .box_w = 16, .box_h = 33, .ofs_x = 2, .ofs_y = 0},
    {.bitmap_index = 9876, .adv_w = 321, .box_w = 17, .box_h = 33, .ofs_x = 1, .ofs_y = 0},
    {.bitmap_index = 10437, .adv_w = 126, .box_w = 5, .box_h = 18, .ofs_x = 2, .ofs_y = 4},
    {.bitmap_index = 10527, .adv_w = 138, .box_w = 5, .box_h = 25, .ofs_x = 2, .ofs_y = -2},
    {.bitmap_index = 10652, .adv_w = 239, .box_w = 12, .box_h = 18, .ofs_x = 1, .ofs_y = 8},
    {.bitmap_index = 10868, .adv_w = 266, .box_w = 13, .box_h = 11, .ofs_x = 2, .ofs_y = 12},
    {.bitmap_index = 11011, .adv_w = 239, .box_w = 12, .box_h = 18, .ofs_x = 2, .ofs_y = 8},
    {.bitmap_index = 11227, .adv_w = 309, .box_w = 16, .box_h = 33, .ofs_x = 2, .ofs_y = 0},
    {.bitmap_index = 11755, .adv_w = 579, .box_w = 33, .box_h = 39, .ofs_x = 2, .ofs_y = -6},
    {.bitmap_index = 13042, .adv_w = 315, .box_w = 19, .box_h = 33, .ofs_x = 0, .ofs_y = 0},
    {.bitmap_index = 13669, .adv_w = 335, .box_w = 18, .box_h = 33, .ofs_x = 2, .ofs_y = 0},
    {.bitmap_index = 14263, .adv_w = 330, .box_w = 18, .box_h = 33, .ofs_x = 1, .ofs_y = 0},
    {.bitmap_index = 14857, .adv_w = 337, .box_w = 18, .box_h = 33, .ofs_x = 2, .ofs_y = 0},
    {.bitmap_index = 15451, .adv_w = 260, .box_w = 14, .box_h = 33, .ofs_x = 2, .ofs_y = 0},
    {.bitmap_index = 15913, .adv_w = 250, .box_w = 14, .box_h = 33, .ofs_x = 2, .ofs_y = 0},
    {.bitmap_index = 16375, .adv_w = 342, .box_w = 19, .box_h = 33, .ofs_x = 1, .ofs_y = 0},
    {.bitmap_index = 17002, .adv_w = 359, .box_w = 18, .box_h = 33, .ofs_x = 2, .ofs_y = 0},
    {.bitmap_index = 17596, .adv_w = 159, .box_w = 6, .box_h = 33, .ofs_x = 2, .ofs_y = 0},
    {.bitmap_index = 17794, .adv_w = 193, .box_w = 10, .box_h = 33, .ofs_x = 0, .ofs_y = 0},
    {.bitmap_index = 18124, .adv_w = 317, .box_w = 18, .box_h = 33, .ofs_x = 2, .ofs_y = 0},
    {.bitmap_index = 18718, .adv_w = 254, .box_w = 14, .box_h = 33, .ofs_x = 2, .ofs_y = 0},
    {.bitmap_index = 19180, .adv_w = 422, .box_w = 22, .box_h = 33, .ofs_x = 2, .ofs_y = 0},
    {.bitmap_index = 19906, .adv_w = 338, .box_w = 17, .box_h = 33, .ofs_x = 2, .ofs_y = 0},
    {.bitmap_index = 20467, .adv_w = 345, .box_w = 19, .box_h = 33, .ofs_x = 1, .ofs_y = 0},
    {.bitmap_index = 21094, .adv_w = 307, .box_w = 17, .box_h = 33, .ofs_x = 2, .ofs_y = 0},
    {.bitmap_index = 21655, .adv_w = 346, .box_w = 19, .box_h = 40, .ofs_x = 1, .ofs_y = -7},
    {.bitmap_index = 22415, .adv_w = 332, .box_w = 18, .box_h = 33, .ofs_x = 2, .ofs_y = 0},
    {.bitmap_index = 23009, .adv_w = 303, .box_w = 17, .box_h = 33, .ofs_x = 1, .ofs_y = 0},
    {.bitmap_index = 23570, .adv_w = 264, .box_w = 16, .box_h = 33, .ofs_x = 0, .ofs_y = 0},
    {.bitmap_index = 24098, .adv_w = 348, .box_w = 18, .box_h = 33, .ofs_x = 2, .ofs_y = 0},
    {.bitmap_index = 24692, .adv_w = 323, .box_w = 20, .box_h = 33, .ofs_x = 0, .ofs_y = 0},
    {.bitmap_index = 25352, .adv_w = 467, .box_w = 27, .box_h = 33, .ofs_x = 1, .ofs_y = 0},
    {.bitmap_index = 26243, .adv_w = 308, .box_w = 19, .box_h = 33, .ofs_x = 0, .ofs_y = 0},
    {.bitmap_index = 26870, .adv_w = 308, .box_w = 19, .box_h = 33, .ofs_x = 0, .ofs_y = 0},
    {.bitmap_index = 27497, .adv_w = 267, .box_w = 15, .box_h = 33, .ofs_x = 1, .ofs_y = 0},
    {.bitmap_index = 27992, .adv_w = 218, .box_w = 10, .box_h = 41, .ofs_x = 2, .ofs_y = -8},
    {.bitmap_index = 28402, .adv_w = 236, .box_w = 13, .box_h = 33, .ofs_x = 1, .ofs_y = 0},
    {.bitmap_index = 28831, .adv_w = 198, .box_w = 9, .box_h = 41, .ofs_x = 1, .ofs_y = -8},
    {.bitmap_index = 29200, .adv_w = 284, .box_w = 16, .box_h = 13, .ofs_x = 1, .ofs_y = 20},
    {.bitmap_index = 29408, .adv_w = 220, .box_w = 14, .box_h = 4, .ofs_x = 0, .ofs_y = -5},
    {.bitmap_index = 29464, .adv_w = 178, .box_w = 7, .box_h = 8, .ofs_x = 2, .ofs_y = 25},
    {.bitmap_index = 29520, .adv_w = 262, .box_w = 14, .box_h = 24, .ofs_x = 1, .ofs_y = 0},
    {.bitmap_index = 29856, .adv_w = 286, .box_w = 15, .box_h = 33, .ofs_x = 2, .ofs_y = 0},
    {.bitmap_index = 30351, .adv_w = 263, .box_w = 14, .box_h = 24, .ofs_x = 1, .ofs_y = 0},
    {.bitmap_index = 30687, .adv_w = 283, .box_w = 15, .box_h = 33, .ofs_x = 1, .ofs_y = 0},
    {.bitmap_index = 31182, .adv_w = 269, .box_w = 15, .box_h = 24, .ofs_x = 1, .ofs_y = 0},
    {.bitmap_index = 31542, .adv_w = 184, .box_w = 12, .box_h = 32, .ofs_x = 0, .ofs_y = 0},
    {.bitmap_index = 31926, .adv_w = 282, .box_w = 19, .box_h = 33, .ofs_x = 0, .ofs_y = -8},
    {.bitmap_index = 32553, .adv_w = 285, .box_w = 14, .box_h = 33, .ofs_x = 2, .ofs_y = 0},
    {.bitmap_index = 33015, .adv_w = 147, .box_w = 5, .box_h = 32, .ofs_x = 2, .ofs_y = 0},
    {.bitmap_index = 33175, .adv_w = 147, .box_w = 9, .box_h = 38, .ofs_x = -1, .ofs_y = -6},
    {.bitmap_index = 33517, .adv_w = 275, .box_w = 16, .box_h = 33, .ofs_x = 2, .ofs_y = 0},
    {.bitmap_index = 34045, .adv_w = 147, .box_w = 5, .box_h = 33, .ofs_x = 2, .ofs_y = 0},
    {.bitmap_index = 34210, .adv_w = 435, .box_w = 24, .box_h = 24, .ofs_x = 2, .ofs_y = 0},
    {.bitmap_index = 34786, .adv_w = 281, .box_w = 14, .box_h = 24, .ofs_x = 2, .ofs_y = 0},
    {.bitmap_index = 35122, .adv_w = 272, .box_w = 15, .box_h = 24, .ofs_x = 1, .ofs_y = 0},
    {.bitmap_index = 35482, .adv_w = 285, .box_w = 15, .box_h = 32, .ofs_x = 2, .ofs_y = -8},
    {.bitmap_index = 35962, .adv_w = 284, .box_w = 15, .box_h = 32, .ofs_x = 1, .ofs_y = -8},
    {.bitmap_index = 36442, .adv_w = 205, .box_w = 11, .box_h = 24, .ofs_x = 2, .ofs_y = 0},
    {.bitmap_index = 36706, .adv_w = 239, .box_w = 13, .box_h = 24, .ofs_x = 1, .ofs_y = 0},
    {.bitmap_index = 37018, .adv_w = 197, .box_w = 12, .box_h = 31, .ofs_x = 0, .ofs_y = 0},
    {.bitmap_index = 37390, .adv_w = 282, .box_w = 14, .box_h = 24, .ofs_x = 2, .ofs_y = 0},
    {.bitmap_index = 37726, .adv_w = 246, .box_w = 15, .box_h = 24, .ofs_x = 0, .ofs_y = 0},
    {.bitmap_index = 38086, .adv_w = 376, .box_w = 22, .box_h = 24, .ofs_x = 1, .ofs_y = 0},
    {.bitmap_index = 38614, .adv_w = 249, .box_w = 16, .box_h = 24, .ofs_x = 0, .ofs_y = 0},
    {.bitmap_index = 38998, .adv_w = 251, .box_w = 16, .box_h = 30, .ofs_x = 0, .ofs_y = -6},
    {.bitmap_index = 39478, .adv_w = 222, .box_w = 12, .box_h = 24, .ofs_x = 1, .ofs_y = 0},
    {.bitmap_index = 39766, .adv_w = 192, .box_w = 11, .box_h = 42, .ofs_x = 1, .ofs_y = -9},
    {.bitmap_index = 40228, .adv_w = 153, .box_w = 5, .box_h = 39, .ofs_x = 2, .ofs_y = -6},
    {.bitmap_index = 40423, .adv_w = 205, .box_w = 11, .box_h = 42, .ofs_x = 1, .ofs_y = -9},
    {.bitmap_index = 40885, .adv_w = 286, .box_w = 16, .box_h = 6, .ofs_x = 1, .ofs_y = 14}
};

/*---------------------
 *  CHARACTER MAPPING
 *--------------------*/

/*Collect the unicode lists and glyph_id offsets*/
static const lv_font_fmt_txt_cmap_t cmaps[] =
{
    {
        .range_start = 32, .range_length = 95, .glyph_id_start = 1,
        .unicode_list = NULL, .glyph_id_ofs_list = NULL, .list_length = 0, .type = LV_FONT_FMT_TXT_CMAP_FORMAT0_TINY
    }
};

/*-----------------
 *    KERNING
 *----------------*/

/*Pair left and right glyphs for kerning*/
static const uint8_t kern_pair_glyph_ids[] =
{
    3, 34,
    3, 36,
    3, 40,
    3, 43,
    3, 48,
    3, 50,
    3, 66,
    3, 68,
    3, 69,
    3, 70,
    3, 72,
    3, 80,
    3, 82,
    3, 84,
    7, 53,
    8, 34,
    8, 36,
    8, 40,
    8, 43,
    8, 48,
    8, 50,
    8, 66,
    8, 68,
    8, 69,
    8, 70,
    8, 72,
    8, 80,
    8, 82,
    8, 84,
    11, 43,
    11, 57,
    13, 35,
    13, 36,
    13, 37,
    13, 38,
    13, 39,
    13, 40,
    13, 41,
    13, 42,
    13, 44,
    13, 45,
    13, 47,
    13, 48,
    13, 49,
    13, 50,
    13, 51,
    13, 53,
    13, 54,
    13, 55,
    13, 56,
    13, 58,
    13, 68,
    13, 69,
    13, 70,
    13, 80,
    13, 82,
    13, 85,
    13, 87,
    13, 88,
    13, 90,
    14, 53,
    14, 55,
    14, 56,
    14, 57,
    14, 58,
    15, 35,
    15, 36,
    15, 37,
    15, 38,
    15, 39,
    15, 40,
    15, 41,
    15, 42,
    15, 44,
    15, 45,
    15, 47,
    15, 48,
    15, 49,
    15, 50,
    15, 51,
    15, 53,
    15, 54,
    15, 55,
    15, 56,
    15, 58,
    15, 68,
    15, 69,
    15, 70,
    15, 80,
    15, 82,
    15, 85,
    15, 87,
    15, 88,
    15, 90,
    16, 36,
    16, 40,
    16, 48,
    16, 50,
    16, 52,
    16, 68,
    16, 69,
    16, 70,
    16, 80,
    16, 82,
    17, 24,
    17, 57,
    17, 58,
    18, 24,
    19, 21,
    21, 18,
    21, 24,
    22, 24,
    23, 18,
    23, 19,
    23, 24,
    23, 26,
    23, 58,
    24, 21,
    25, 24,
    25, 58,
    26, 24,
    27, 53,
    27, 55,
    27, 56,
    27, 58,
    28, 53,
    28, 55,
    28, 56,
    28, 58,
    34, 3,
    34, 8,
    34, 36,
    34, 40,
    34, 48,
    34, 52,
    34, 53,
    34, 54,
    34, 55,
    34, 56,
    34, 58,
    34, 71,
    34, 85,
    34, 87,
    34, 88,
    34, 90,
    35, 3,
    35, 8,
    35, 13,
    35, 15,
    35, 34,
    35, 53,
    35, 55,
    35, 56,
    35, 57,
    35, 58,
    36, 3,
    36, 8,
    36, 13,
    36, 15,
    36, 57,
    36, 58,
    37, 3,
    37, 8,
    37, 13,
    37, 15,
    37, 24,
    37, 34,
    37, 43,
    37, 53,
    37, 55,
    37, 57,
    37, 58,
    37, 59,
    37, 61,
    38, 68,
    38, 69,
    38, 70,
    38, 72,
    38, 80,
    38, 82,
    38, 84,
    39, 3,
    39, 8,
    39, 13,
    39, 15,
    39, 27,
    39, 28,
    39, 34,
    39, 43,
    39, 52,
    39, 66,
    39, 68,
    39, 69,
    39, 70,
    39, 72,
    39, 80,
    39, 82,
    39, 84,
    39, 89,
    39, 90,
    39, 91,
    40, 3,
    40, 8,
    40, 53,
    40, 55,
    40, 56,
    40, 58,
    43, 13,
    43, 15,
    44, 14,
    44, 36,
    44, 40,
    44, 48,
    44, 50,
    44, 52,
    44, 54,
    44, 66,
    44, 68,
    44, 69,
    44, 70,
    44, 72,
    44, 80,
    44, 82,
    44, 84,
    44, 85,
    44, 86,
    44, 87,
    44, 88,
    44, 90,
    45, 3,
    45, 8,
    45, 11,
    45, 14,
    45, 18,
    45, 24,
    45, 36,
    45, 40,
    45, 48,
    45, 50,
    45, 52,
    45, 53,
    45, 54,
    45, 55,
    45, 56,
    45, 58,
    45, 61,
    45, 68,
    45, 69,
    45, 70,
    45, 71,
    45, 72,
    45, 80,
    45, 82,
    45, 84,
    45, 85,
    45, 88,
    45, 90,
    46, 52,
    46, 53,
    46, 55,
    46, 58,
    48, 3,
    48, 8,
    48, 13,
    48, 15,
    48, 24,
    48, 34,
    48, 43,
    48, 53,
    48, 55,
    48, 57,
    48, 58,
    48, 59,
    48, 61,
    49, 13,
    49, 14,
    49, 15,
    49, 16,
    49, 21,
    49, 24,
    49, 34,
    49, 43,
    49, 52,
    49, 57,
    49, 59,
    49, 61,
    49, 66,
    49, 68,
    49, 69,
    49, 70,
    49, 72,
    49, 78,
    49, 79,
    49, 80,
    49, 82,
    49, 83,
    49, 84,
    49, 91,
    50, 3,
    50, 8,
    50, 13,
    50, 15,
    50, 24,
    50, 34,
    50, 43,
    50, 53,
    50, 55,
    50, 57,
    50, 58,
    50, 59,
    50, 61,
    51, 36,
    51, 40,
    51, 48,
    51, 50,
    51, 52,
    51, 53,
    51, 54,
    51, 55,
    51, 56,
    51, 58,
    51, 61,
    51, 66,
    51, 68,
    51, 69,
    51, 70,
    51, 80,
    51, 82,
    51, 88,
    51, 90,
    51, 91,
    52, 16,
    52, 34,
    52, 46,
    52, 52,
    52, 55,
    52, 57,
    52, 58,
    52, 61,
    53, 7,
    53, 13,
    53, 14,
    53, 15,
    53, 16,
    53, 27,
    53, 28,
    53, 34,
    53, 36,
    53, 40,
    53, 43,
    53, 46,
    53, 48,
    53, 50,
    53, 66,
    53, 68,
    53, 69,
    53, 70,
    53, 71,
    53, 72,
    53, 75,
    53, 78,
    53, 79,
    53, 80,
    53, 81,
    53, 82,
    53, 83,
    53, 84,
    53, 85,
    53, 86,
    53, 88,
    53, 89,
    53, 90,
    53, 91,
    54, 13,
    54, 15,
    54, 16,
    54, 34,
    55, 13,
    55, 14,
    55, 15,
    55, 16,
    55, 27,
    55, 28,
    55, 34,
    55, 36,
    55, 40,
    55, 43,
    55, 46,
    55, 48,
    55, 50,
    55, 52,
    55, 66,
    55, 68,
    55, 69,
    55, 70,
    55, 72,
    55, 78,
    55, 79,
    55, 80,
    55, 81,
    55, 82,
    55, 83,
    55, 84,
    55, 85,
    55, 86,
    55, 87,
    55, 88,
    55, 89,
    55, 90,
    55, 91,
    56, 13,
    56, 14,
    56, 15,
    56, 16,
    56, 27,
    56, 28,
    56, 34,
    56, 36,
    56, 40,
    56, 48,
    56, 50,
    56, 52,
    56, 61,
    56, 66,
    56, 68,
    56, 69,
    56, 70,
    56, 71,
    56, 72,
    56, 78,
    56, 79,
    56, 80,
    56, 81,
    56, 82,
    56, 83,
    56, 84,
    56, 87,
    56, 88,
    56, 89,
    56, 91,
    57, 11,
    57, 14,
    57, 17,
    57, 36,
    57, 40,
    57, 48,
    57, 50,
    57, 52,
    57, 61,
    57, 66,
    57, 68,
    57, 69,
    57, 70,
    57, 71,
    57, 72,
    57, 80,
    57, 82,
    57, 84,
    57, 85,
    57, 87,
    57, 88,
    57, 90,
    58, 13,
    58, 14,
    58, 15,
    58, 16,
    58, 17,
    58, 21,
    58, 23,
    58, 25,
    58, 27,
    58, 28,
    58, 34,
    58, 36,
    58, 40,
    58, 43,
    58, 46,
    58, 48,
    58, 50,
    58, 52,
    58, 66,
    58, 68,
    58, 69,
    58, 70,
    58, 71,
    58, 72,
    58, 78,
    58, 79,
    58, 80,
    58, 81,
    58, 82,
    58, 83,
    58, 84,
    58, 86,
    58, 88,
    58, 89,
    58, 90,
    58, 91,
    59, 36,
    59, 40,
    59, 48,
    59, 50,
    59, 52,
    59, 66,
    59, 68,
    59, 69,
    59, 70,
    59, 80,
    59, 82,
    61, 36,
    61, 40,
    61, 48,
    61, 50,
    61, 52,
    61, 53,
    61, 54,
    61, 55,
    61, 56,
    61, 58,
    66, 3,
    66, 8,
    66, 53,
    66, 55,
    66, 56,
    66, 58,
    66, 85,
    66, 87,
    66, 88,
    66, 90,
    67, 3,
    67, 8,
    67, 13,
    67, 15,
    67, 53,
    67, 55,
    67, 56,
    67, 58,
    67, 72,
    67, 75,
    67, 88,
    67, 89,
    68, 3,
    68, 8,
    68, 13,
    68, 15,
    68, 53,
    68, 56,
    68, 58,
    68, 68,
    68, 69,
    68, 70,
    68, 75,
    68, 80,
    68, 82,
    69, 53,
    69, 55,
    69, 56,
    69, 58,
    70, 3,
    70, 8,
    70, 53,
    70, 55,
    70, 56,
    70, 58,
    70, 75,
    70, 88,
    70, 89,
    71, 15,
    71, 27,
    71, 28,
    71, 34,
    71, 66,
    71, 68,
    71, 69,
    71, 70,
    71, 71,
    71, 74,
    71, 75,
    71, 80,
    71, 82,
    71, 86,
    72, 53,
    72, 55,
    72, 57,
    72, 58,
    72, 59,
    72, 68,
    72, 69,
    72, 70,
    72, 72,
    72, 75,
    72, 80,
    72, 82,
    72, 85,
    72, 86,
    72, 88,
    72, 90,
    73, 3,
    73, 8,
    73, 53,
    73, 55,
    73, 56,
    73, 58,
    76, 3,
    76, 8,
    76, 53,
    76, 56,
    76, 58,
    76, 68,
    76, 69,
    76, 70,
    76, 72,
    76, 80,
    76, 82,
    76, 84,
    78, 3,
    78, 8,
    78, 53,
    78, 55,
    78, 56,
    78, 58,
    79, 3,
    79, 8,
    79, 53,
    79, 55,
    79, 56,
    79, 58,
    80, 3,
    80, 8,
    80, 13,
    80, 15,
    80, 53,
    80, 55,
    80, 56,
    80, 58,
    80, 72,
    80, 75,
    80, 88,
    80, 89,
    81, 3,
    81, 8,
    81, 13,
    81, 15,
    81, 53,
    81, 55,
    81, 56,
    81, 58,
    81, 72,
    81, 75,
    81, 88,
    81, 89,
    82, 3,
    82, 8,
    82, 53,
    82, 55,
    82, 58,
    83, 13,
    83, 15,
    83, 34,
    83, 43,
    83, 53,
    83, 57,
    83, 58,
    83, 59,
    83, 66,
    83, 68,
    83, 69,
    83, 70,
    83, 72,
    83, 80,
    83, 82,
    84, 3,
    84, 8,
    84, 53,
    84, 55,
    84, 56,
    84, 57,
    84, 58,
    85, 3,
    85, 8,
    85, 52,
    85, 53,
    85, 55,
    85, 58,
    85, 72,
    86, 3,
    86, 8,
    86, 53,
    86, 55,
    86, 56,
    86, 58,
    87, 13,
    87, 15,
    87, 34,
    87, 43,
    87, 53,
    87, 55,
    87, 56,
    87, 57,
    87, 58,
    87, 59,
    87, 66,
    87, 72,
    88, 13,
    88, 15,
    88, 34,
    88, 43,
    88, 53,
    88, 55,
    88, 56,
    88, 57,
    88, 58,
    88, 59,
    88, 66,
    88, 72,
    89, 53,
    89, 55,
    89, 56,
    89, 58,
    89, 68,
    89, 69,
    89, 70,
    89, 80,
    89, 82,
    90, 13,
    90, 15,
    90, 34,
    90, 43,
    90, 53,
    90, 55,
    90, 56,
    90, 57,
    90, 58,
    90, 59,
    90, 66,
    90, 72,
    91, 53,
    91, 55,
    91, 56,
    91, 58,
    91, 68,
    91, 69,
    91, 70,
    91, 72,
    91, 80,
    91, 82
};

/* Kerning between the respective left and right glyphs
 * 4.4 format which needs to scaled with `kern_scale`*/
static const int8_t kern_pair_values[] =
{
    -40, -4, -4, -21, -4, -4, -8, -15,
    -15, -15, -21, -15, -15, -8, -8, -40,
    -4, -4, -21, -4, -4, -8, -15, -15,
    -15, -21, -15, -15, -8, -6, -4, -2,
    -4, -2, -2, -2, -4, -2, -2, -2,
    -2, -2, -4, -2, -4, -2, -34, -4,
    -28, -24, -42, -4, -4, -4, -4, -4,
    -6, -10, -4, -6, -11, -17, -2, -4,
    -11, -2, -4, -2, -2, -2, -4, -2,
    -2, -2, -2, -2, -4, -2, -4, -2,
    -34, -4, -28, -24, -42, -4, -4, -4,
    -4, -4, -6, -10, -4, -6, -4, -4,
    -4, -4, -6, -13, -13, -13, -13, -13,
    -7, -2, -4, -8, -4, -4, -11, -4,
    -2, -2, -6, -3, -2, -21, -10, -2,
    -8, -40, -4, -6, -28, -40, -4, -6,
    -28, -40, -40, -3, -3, -3, -2, -26,
    -2, -25, -17, -26, -10, -7, -4, -10,
    -9, -10, -10, -4, -4, -1, -15, -16,
    -1, -13, -4, -4, -4, -2, -2, -2,
    -1, -6, -6, -4, -4, -2, -3, -2,
    -2, -2, -4, -4, -2, -8, -3, -3,
    -3, -3, -3, -3, -3, -2, -2, -40,
    -40, -8, -8, -24, -19, -1, -12, -9,
    -9, -9, -5, -9, -9, -10, -6, -7,
    -8, -6, -6, -9, -4, -1, -8, -17,
    -17, -6, -12, -12, -12, -7, -4, -1,
    -3, -8, -8, -8, -3, -8, -8, -3,
    -4, -1, -2, -8, -17, -19, -19, -28,
    -11, -8, -2, -4, -4, -4, -5, -2,
    -50, -6, -47, -31, -57, -21, -2, -2,
    -2, -8, -2, -2, -2, -2, -6, -21,
    -30, -3, -5, -2, -2, -6, -6, -4,
    -4, -2, -3, -2, -2, -2, -4, -4,
    -2, -8, -66, -56, -71, -34, -17, -2,
    -29, -13, -2, -6, -17, -6, -16, -13,
    -13, -13, -11, -4, -4, -13, -1, -4,
    -6, -4, -6, -6, -4, -4, -2, -3,
    -2, -2, -2, -4, -4, -2, -8, -2,
    -2, -2, -2, -1, -9, -1, -2, -3,
    -10, -6, -6, -6, -6, -6, -6, -6,
    -4, -2, -4, -4, -2, -2, -4, -2,
    -2, -2, -8, -2, -34, -11, -34, -13,
    -40, -40, -26, -2, -2, -15, -5, -2,
    -2, -42, -40, -40, -40, -21, -42, -8,
    -36, -36, -40, -36, -1, -36, -42, -11,
    -31, -40, -32, -38, -34, -4, -4, -6,
    -2, -30, -17, -30, -4, -6, -6, -25,
    -3, -3, -13, -2, -3, -3, -1, -38,
    -26, -26, -26, -31, -13, -13, -26, -19,
    -21, -13, -26, -6, -18, -13, -13, -13,
    -19, -26, -24, -2, -24, -8, -6, -6,
    -17, -1, -1, -1, -1, -1, -4, -24,
    -18, -18, -18, -2, -15, -8, -8, -18,
    -6, -1, -8, -9, -6, -7, -6, -5,
    -6, -4, -2, -4, -4, -4, -4, -4,
    -4, -6, -6, -6, -6, -13, -6, -6,
    -6, -13, -13, -13, -19, -19, -42, -11,
    -42, -11, -4, -6, -2, -2, -30, -30,
    -26, -4, -4, -13, -2, -4, -4, -2,
    -45, -38, -38, -38, -17, -37, -30, -30,
    -38, -26, -10, -30, -30, -28, -22, -26,
    -19, -17, -2, -2, -2, -2, -1, -2,
    -2, -2, -2, -2, -2, -4, -4, -4,
    -4, -6, -13, -6, -13, -11, -13, -17,
    -17, -37, -31, -19, -44, -1, -2, -3,
    -1, -15, -15, -4, -4, -40, -26, -17,
    -38, -1, -2, -1, -8, -11, -11, -1,
    -1, -31, -1, -27, -3, -3, -3, -2,
    -3, -3, 19, 6, 6, 13, -4, -4,
    -40, -19, -5, -35, -2, -1, -5, -8,
    -2, -2, -2, -7, -13, -13, -13, -21,
    -6, -6, -13, -13, -6, -24, -6, -13,
    -6, -4, -3, -3, -3, -7, 6, -3,
    -3, 2, -1, 2, 3, -19, -19, -36,
    -19, -8, -30, -4, -4, -21, -2, -17,
    -4, -4, -4, -2, -4, -4, -2, -19,
    -19, -36, -19, -8, -30, -19, -19, -36,
    -19, -8, -30, -15, -15, -4, -4, -40,
    -26, -17, -38, -1, -2, -1, -8, -15,
    -15, -4, -4, -40, -26, -17, -38, -1,
    -2, -1, -8, -4, -4, -32, -15, -22,
    -47, -47, -18, -6, -34, -13, -11, -13,
    -6, -2, -2, -2, -4, -2, -7, -8,
    -8, -39, -26, -4, -6, -37, -8, -8,
    -1, -17, -6, -6, -2, -6, -6, -35,
    -13, -2, -28, -11, -12, -11, -6, -45,
    -13, -6, -13, -21, -13, -3, -3, -10,
    -12, -8, -19, -40, -13, -6, -19, -21,
    -4, -4, -2, -32, -13, -6, -26, -8,
    -8, -8, -8, -8, -19, -19, -11, -6,
    -45, -13, -6, -13, -21, -13, -3, -3,
    -33, -9, -4, -17, -5, -5, -5, -2,
    -5, -5
};

/*Collect the kern pair's data in one place*/
static const lv_font_fmt_txt_kern_pair_t kern_pairs =
{
    .glyph_ids = kern_pair_glyph_ids,
    .values = kern_pair_values,
    .pair_cnt = 746,
    .glyph_ids_size = 0
};

/*--------------------
 *  ALL CUSTOM DATA
 *--------------------*/

#if LVGL_VERSION_MAJOR == 8
/*Store all the custom data of the font*/
static  lv_font_fmt_txt_glyph_cache_t cache;
#endif

#if LVGL_VERSION_MAJOR >= 8
static const lv_font_fmt_txt_dsc_t font_dsc = {
#else
static lv_font_fmt_txt_dsc_t font_dsc = {
#endif
    .glyph_bitmap = glyph_bitmap,
    .glyph_dsc = glyph_dsc,
    .cmaps = cmaps,
    .kern_dsc = &kern_pairs,
    .kern_scale = 16,
    .cmap_num = 1,
    .bpp = 8,
    .kern_classes = 0,
    .bitmap_format = 0,
#if LVGL_VERSION_MAJOR == 8
    .cache = &cache
#endif
};

/*-----------------
 *  PUBLIC FONT
 *----------------*/

/*Initialize a public general font descriptor*/
#if LVGL_VERSION_MAJOR >= 8
const lv_font_t ui_font_oswald40 = {
#else
lv_font_t ui_font_oswald40 = {
#endif
    .get_glyph_dsc = lv_font_get_glyph_dsc_fmt_txt,    /*Function pointer to get glyph's data*/
    .get_glyph_bitmap = lv_font_get_bitmap_fmt_txt,    /*Function pointer to get glyph's bitmap*/
    .line_height = 46,          /*The maximum line height required by the font*/
    .base_line = 9,             /*Baseline measured from the bottom of the line*/
#if !(LVGL_VERSION_MAJOR == 6 && LVGL_VERSION_MINOR == 0)
    .subpx = LV_FONT_SUBPX_NONE,
#endif
#if LV_VERSION_CHECK(7, 4, 0) || LVGL_VERSION_MAJOR >= 8
    .underline_position = -4,
    .underline_thickness = 2,
#endif
    .dsc = &font_dsc,          /*The custom font data. Will be accessed by `get_glyph_bitmap/dsc` */
#if LV_VERSION_CHECK(8, 2, 0) || LVGL_VERSION_MAJOR >= 9
    .fallback = NULL,
#endif
    .user_data = NULL,
};

#endif /*#if UI_FONT_OSWALD40*/