/*******************************************************************************
 * Size: 22 px
 * Bpp: 8
 * Opts: --bpp 8 --size 22 --no-compress --font assets/fonts/JetBrains_Mono,Montserrat,Open_Sans,Oswald,Pacifico,etc/Oswald/Oswald-VariableFont_wght.ttf --range 32-127 --format lvgl
 ******************************************************************************/

#ifdef __has_include
    #if __has_include("lvgl.h")
        #ifndef LV_LVGL_H_INCLUDE_SIMPLE
            #define LV_LVGL_H_INCLUDE_SIMPLE
        #endif
    #endif
#endif

#ifdef LV_LVGL_H_INCLUDE_SIMPLE
    #include "lvgl.h"
#else
    #include "lvgl.h"
#endif

#ifndef UI_FONT_OSWALD22
#define UI_FONT_OSWALD22 1
#endif

#if UI_FONT_OSWALD22

/*-----------------
 *    BITMAPS
 *----------------*/

/*Store the image of the glyphs*/
static LV_ATTRIBUTE_LARGE_CONST const uint8_t glyph_bitmap[] = {
    /* U+0020 " " */

    /* U+0021 "!" */
    0xe2, 0xff, 0x70, 0xd4, 0xff, 0x62, 0xc6, 0xff,
    0x54, 0xb9, 0xff, 0x46, 0xab, 0xff, 0x38, 0x9e,
    0xff, 0x2a, 0x90, 0xff, 0x1b, 0x82, 0xff, 0xd,
    0x75, 0xfd, 0x1, 0x67, 0xf1, 0x0, 0x5a, 0xe3,
    0x0, 0x4c, 0xd5, 0x0, 0x3e, 0xc6, 0x0, 0x31,
    0xb8, 0x0, 0x5, 0x16, 0x0, 0x65, 0x70, 0x34,
    0xe8, 0xff, 0x78, 0xe8, 0xff, 0x78,

    /* U+0022 "\"" */
    0x90, 0xff, 0x7f, 0x80, 0xff, 0x8b, 0x90, 0xff,
    0x57, 0x80, 0xff, 0x64, 0x90, 0xff, 0x2f, 0x80,
    0xff, 0x3d, 0x90, 0xfe, 0x9, 0x80, 0xff, 0x16,
    0x90, 0xdf, 0x0, 0x80, 0xee, 0x0, 0x48, 0x60,
    0x0, 0x40, 0x68, 0x0,

    /* U+0023 "#" */
    0x0, 0x0, 0x0, 0xc6, 0xff, 0x95, 0x0, 0x6f,
    0xff, 0xe5, 0x0, 0x0, 0x0, 0x0, 0xe9, 0xff,
    0x71, 0x0, 0x93, 0xff, 0xc1, 0x0, 0x0, 0x0,
    0xd, 0xff, 0xff, 0x4d, 0x0, 0xb7, 0xff, 0x9d,
    0x0, 0x0, 0x0, 0x30, 0xff, 0xff, 0x29, 0x0,
    0xdb, 0xff, 0x79, 0x0, 0x0, 0x0, 0x53, 0xff,
    0xfd, 0x7, 0x3, 0xfa, 0xff, 0x55, 0x0, 0x0,
    0x0, 0x76, 0xff, 0xe1, 0x0, 0x22, 0xff, 0xff,
    0x31, 0x0, 0x40, 0xff, 0xff, 0xff, 0xff, 0xff,
    0xff, 0xff, 0xff, 0xff, 0x8, 0x33, 0xcc, 0xf5,
    0xff, 0xe9, 0xcc, 0xe5, 0xff, 0xf9, 0xcc, 0x6,
    0x0, 0x0, 0xe2, 0xff, 0x79, 0x0, 0x92, 0xff,
    0xc9, 0x0, 0x0, 0x0, 0x7, 0xfd, 0xff, 0x53,
    0x0, 0xb6, 0xff, 0xa3, 0x0, 0x0, 0x4c, 0xff,
    0xff, 0xff, 0xff, 0xff, 0xff, 0xff, 0xff, 0xf8,
    0x0, 0x3a, 0xd9, 0xff, 0xfe, 0xc4, 0xc7, 0xff,
    0xff, 0xd5, 0xbd, 0x0, 0x0, 0x73, 0xff, 0xe4,
    0x0, 0x25, 0xff, 0xff, 0x34, 0x0, 0x0, 0x0,
    0x99, 0xff, 0xc0, 0x0, 0x4b, 0xff, 0xff, 0xe,
    0x0, 0x0, 0x0, 0xbe, 0xff, 0x9b, 0x0, 0x72,
    0xff, 0xe8, 0x0, 0x0, 0x0, 0x0, 0xe3, 0xff,
    0x77, 0x0, 0x98, 0xff, 0xc2, 0x0, 0x0, 0x0,
    0x9, 0xfe, 0xff, 0x52, 0x0, 0xbf, 0xff, 0x9c,
    0x0, 0x0, 0x0, 0x2d, 0xff, 0xff, 0x2e, 0x0,
    0xe5, 0xff, 0x76, 0x0, 0x0, 0x0,

    /* U+0024 "$" */
    0x0, 0x0, 0x0, 0x0, 0x18, 0xac, 0x0, 0x0,
    0x0, 0x0, 0x0, 0x0, 0x0, 0x0, 0x18, 0xaf,
    0x0, 0x0, 0x0, 0x0, 0x0, 0x0, 0x51, 0xc9,
    0xf8, 0xff, 0xea, 0x88, 0x6, 0x0, 0x0, 0x59,
    0xff, 0xff, 0xeb, 0xd6, 0xfe, 0xff, 0xa2, 0x0,
    0x0, 0xda, 0xff, 0x95, 0x3, 0x0, 0x4d, 0xff,
    0xff, 0x25, 0xd, 0xff, 0xff, 0x2c, 0x0, 0x0,
    0x0, 0xd3, 0xff, 0x6a, 0x9, 0xff, 0xff, 0x37,
    0x0, 0x0, 0x0, 0xa3, 0xd1, 0x52, 0x0, 0xe5,
    0xff, 0xaa, 0x1, 0x0, 0x0, 0x4, 0x0, 0x0,
    0x0, 0x82, 0xff, 0xff, 0x9e, 0x4, 0x0, 0x0,
    0x0, 0x0, 0x0, 0x7, 0xc0, 0xff, 0xff, 0xb9,
    0xd, 0x0, 0x0, 0x0, 0x0, 0x0, 0xb, 0xb5,
    0xff, 0xff, 0xd0, 0x1a, 0x0, 0x0, 0x0, 0x0,
    0x0, 0x3, 0x9a, 0xff, 0xff, 0xd6, 0x14, 0x0,
    0x0, 0x0, 0x0, 0x0, 0x0, 0x7d, 0xff, 0xff,
    0xba, 0x0, 0x0, 0x0, 0x0, 0x0, 0x0, 0x0,
    0x79, 0xff, 0xff, 0x4e, 0x5, 0x52, 0x95, 0x16,
    0x0, 0x0, 0x0, 0xc8, 0xff, 0xaf, 0x9, 0xfd,
    0xff, 0x43, 0x0, 0x0, 0x0, 0x84, 0xff, 0xd3,
    0x0, 0xdb, 0xff, 0x86, 0x0, 0x0, 0x0, 0x87,
    0xff, 0xc9, 0x0, 0x7c, 0xff, 0xf4, 0x40, 0x0,
    0x28, 0xe4, 0xff, 0x8b, 0x0, 0xd, 0xdf, 0xff,
    0xff, 0xf9, 0xff, 0xff, 0xe7, 0x17, 0x0, 0x0,
    0x1b, 0x9f, 0xe8, 0xfe, 0xee, 0xa6, 0x20, 0x0,
    0x0, 0x0, 0x0, 0x0, 0x0, 0x90, 0x30, 0x0,
    0x0, 0x0, 0x0, 0x0, 0x0, 0x0, 0x0, 0x48,
    0x18, 0x0, 0x0, 0x0,

    /* U+0025 "%" */
    0x0, 0xe, 0x9f, 0xec, 0xf9, 0xd3, 0x51, 0x0,
    0x0, 0x0, 0x0, 0xdf, 0xff, 0x24, 0x0, 0x0,
    0x0, 0x0, 0x0, 0x0, 0x9a, 0xff, 0xe7, 0xc3,
    0xff, 0xfc, 0x22, 0x0, 0x0, 0x25, 0xff, 0xdf,
    0x0, 0x0, 0x0, 0x0, 0x0, 0x0, 0x6, 0xf7,
    0xff, 0x2d, 0x0, 0xac, 0xff, 0x81, 0x0, 0x0,
    0x6b, 0xff, 0x9a, 0x0, 0x0, 0x0, 0x0, 0x0,
    0x0, 0x22, 0xff, 0xfb, 0x0, 0x0, 0x78, 0xff,
    0xa3, 0x0, 0x0, 0xb1, 0xff, 0x54, 0x0, 0x0,
    0x0, 0x0, 0x0, 0x0, 0x33, 0xff, 0xf4, 0x0,
    0x0, 0x70, 0xff, 0xb3, 0x0, 0x4, 0xf1, 0xfd,
    0x12, 0x0, 0x0, 0x0, 0x0, 0x0, 0x0, 0x31,
    0xff, 0xf5, 0x0, 0x0, 0x71, 0xff, 0xb2, 0x0,
    0x3c, 0xff, 0xca, 0x0, 0x0, 0x0, 0x0, 0x0,
    0x0, 0x0, 0x19, 0xff, 0xff, 0x8, 0x0, 0x84,
    0xff, 0x9a, 0x0, 0x82, 0xff, 0x84, 0x0, 0x0,
    0x0, 0x0, 0x0, 0x0, 0x0, 0x1, 0xe4, 0xff,
    0x68, 0x11, 0xd6, 0xff, 0x6b, 0x0, 0xc8, 0xff,
    0x3f, 0x0, 0x0, 0x0, 0x0, 0x0, 0x0, 0x0,
    0x0, 0x6f, 0xff, 0xff, 0xff, 0xff, 0xe9, 0xc,
    0x10, 0xfc, 0xf4, 0x6, 0x0, 0x5c, 0xb4, 0xc6,
    0xa7, 0x3a, 0x0, 0x0, 0x0, 0x63, 0xb7, 0xc6,
    0x9c, 0x25, 0x0, 0x53, 0xff, 0xb4, 0x0, 0x5d,
    0xff, 0xff, 0xff, 0xff, 0xf9, 0x27, 0x0, 0x0,
    0x0, 0x0, 0x0, 0x0, 0x0, 0x0, 0x99, 0xff,
    0x6f, 0x0, 0xcf, 0xff, 0x7a, 0x10, 0xb7, 0xff,
    0x90, 0x0, 0x0, 0x0, 0x0, 0x0, 0x0, 0x0,
    0x0, 0xde, 0xff, 0x2a, 0x1, 0xfa, 0xff, 0x20,
    0x0, 0x65, 0xff, 0xb9, 0x0, 0x0, 0x0, 0x0,
    0x0, 0x0, 0x0, 0x25, 0xff, 0xe4, 0x0, 0x12,
    0xff, 0xff, 0x10, 0x0, 0x54, 0xff, 0xce, 0x0,
    0x0, 0x0, 0x0, 0x0, 0x0, 0x0, 0x6a, 0xff,
    0x9f, 0x0, 0x13, 0xff, 0xff, 0x10, 0x0, 0x54,
    0xff, 0xcf, 0x0, 0x0, 0x0, 0x0, 0x0, 0x0,
    0x0, 0xb0, 0xff, 0x5a, 0x0, 0x3, 0xfc, 0xff,
    0x1b, 0x0, 0x60, 0xff, 0xbc, 0x0, 0x0, 0x0,
    0x0, 0x0, 0x0, 0x4, 0xf1, 0xfe, 0x16, 0x0,
    0x0, 0xd8, 0xff, 0x53, 0x0, 0x98, 0xff, 0x97,
    0x0, 0x0, 0x0, 0x0, 0x0, 0x0, 0x3c, 0xff,
    0xcf, 0x0, 0x0, 0x0, 0x71, 0xff, 0xee, 0xbc,
    0xfd, 0xfe, 0x30, 0x0, 0x0, 0x0, 0x0, 0x0,
    0x0, 0x81, 0xff, 0x8a, 0x0, 0x0, 0x0, 0x3,
    0x89, 0xe7, 0xfa, 0xd8, 0x5c, 0x0,

    /* U+0026 "&" */
    0x0, 0x0, 0x51, 0xcb, 0xf7, 0xeb, 0xa4, 0x1e,
    0x0, 0x0, 0x0, 0x0, 0x0, 0x58, 0xff, 0xff,
    0xfd, 0xff, 0xff, 0xe2, 0x10, 0x0, 0x0, 0x0,
    0x0, 0xd6, 0xff, 0xbb, 0x8, 0x35, 0xf9, 0xff,
    0x68, 0x0, 0x0, 0x0, 0x6, 0xfe, 0xff, 0x5b,
    0x0, 0x0, 0xdb, 0xff, 0x7e, 0x0, 0x0, 0x0,
    0x4, 0xfd, 0xff, 0x56, 0x0, 0x4, 0xf5, 0xff,
    0x55, 0x0, 0x0, 0x0, 0x0, 0xca, 0xff, 0x80,
    0x0, 0x4e, 0xff, 0xe6, 0x9, 0x0, 0x0, 0x0,
    0x0, 0x60, 0xff, 0xd1, 0x0, 0xbc, 0xff, 0x4d,
    0x0, 0x0, 0x0, 0x0, 0x0, 0x5, 0xdf, 0xff,
    0x8e, 0xff, 0x96, 0x0, 0x0, 0x0, 0x0, 0x0,
    0x0, 0x0, 0x5c, 0xff, 0xff, 0xab, 0x2, 0x0,
    0x0, 0x0, 0x0, 0x0, 0x0, 0x3, 0xab, 0xff,
    0xff, 0x7d, 0x0, 0x0, 0x15, 0x50, 0x50, 0x4,
    0x0, 0x84, 0xff, 0xe5, 0xfe, 0xf8, 0x28, 0x0,
    0x5e, 0xff, 0xf5, 0x0, 0x22, 0xfd, 0xff, 0x4b,
    0x98, 0xff, 0xc3, 0x1, 0x92, 0xff, 0xca, 0x0,
    0x81, 0xff, 0xd9, 0x0, 0xd, 0xe1, 0xff, 0x6b,
    0xdc, 0xff, 0x71, 0x0, 0xa8, 0xff, 0xaa, 0x0,
    0x0, 0x45, 0xff, 0xfb, 0xff, 0xef, 0x13, 0x0,
    0xab, 0xff, 0xb0, 0x0, 0x0, 0x0, 0xae, 0xff,
    0xff, 0x8d, 0x0, 0x0, 0x7a, 0xff, 0xf4, 0x2b,
    0x9, 0x69, 0xfa, 0xff, 0xff, 0xfb, 0x99, 0xb,
    0x14, 0xe6, 0xff, 0xff, 0xff, 0xff, 0xff, 0xac,
    0xbe, 0xff, 0xff, 0x18, 0x0, 0x20, 0xaa, 0xed,
    0xf6, 0xcf, 0x69, 0x2, 0x8, 0x95, 0xf5, 0x18,

    /* U+0027 "'" */
    0x90, 0xff, 0x7f, 0x90, 0xff, 0x57, 0x90, 0xff,
    0x2f, 0x90, 0xfe, 0x9, 0x90, 0xdf, 0x0, 0x48,
    0x60, 0x0,

    /* U+0028 "(" */
    0x0, 0x0, 0x1f, 0xb0, 0xd5, 0x0, 0x9, 0xdb,
    0xff, 0xb2, 0x0, 0x72, 0xff, 0xbe, 0x1, 0x0,
    0xc9, 0xff, 0x5d, 0x0, 0x8, 0xfb, 0xff, 0x29,
    0x0, 0x27, 0xff, 0xff, 0xa, 0x0, 0x3c, 0xff,
    0xf6, 0x0, 0x0, 0x51, 0xff, 0xeb, 0x0, 0x0,
    0x5d, 0xff, 0xe6, 0x0, 0x0, 0x60, 0xff, 0xe4,
    0x0, 0x0, 0x62, 0xff, 0xe1, 0x0, 0x0, 0x63,
    0xff, 0xe0, 0x0, 0x0, 0x61, 0xff, 0xe2, 0x0,
    0x0, 0x5f, 0xff, 0xe4, 0x0, 0x0, 0x5a, 0xff,
    0xe7, 0x0, 0x0, 0x48, 0xff, 0xef, 0x0, 0x0,
    0x34, 0xff, 0xfb, 0x1, 0x0, 0x1c, 0xff, 0xff,
    0x12, 0x0, 0x0, 0xed, 0xff, 0x39, 0x0, 0x0,
    0xa9, 0xff, 0x78, 0x0, 0x0, 0x40, 0xff, 0xe4,
    0x24, 0x0, 0x0, 0x8f, 0xff, 0xe4, 0x0, 0x0,
    0x0, 0x42, 0x72,

    /* U+0029 ")" */
    0x59, 0xde, 0x71, 0x0, 0x0, 0x3b, 0xe7, 0xff,
    0x71, 0x0, 0x0, 0x2f, 0xff, 0xf0, 0xa, 0x0,
    0x0, 0xcd, 0xff, 0x53, 0x0, 0x0, 0x9a, 0xff,
    0x8c, 0x0, 0x0, 0x7c, 0xff, 0xb0, 0x0, 0x0,
    0x67, 0xff, 0xc6, 0x0, 0x0, 0x5c, 0xff, 0xdc,
    0x0, 0x0, 0x57, 0xff, 0xe9, 0x0, 0x0, 0x54,
    0xff, 0xed, 0x0, 0x0, 0x52, 0xff, 0xf0, 0x0,
    0x0, 0x50, 0xff, 0xf2, 0x0, 0x0, 0x53, 0xff,
    0xef, 0x0, 0x0, 0x55, 0xff, 0xeb, 0x0, 0x0,
    0x58, 0xff, 0xe6, 0x0, 0x0, 0x60, 0xff, 0xd3,
    0x0, 0x0, 0x6e, 0xff, 0xbd, 0x0, 0x0, 0x87,
    0xff, 0xa5, 0x0, 0x0, 0xae, 0xff, 0x78, 0x0,
    0x4, 0xe9, 0xff, 0x33, 0x5, 0x7a, 0xff, 0xcc,
    0x0, 0x5c, 0xff, 0xf0, 0x30, 0x0, 0x34, 0x77,
    0x19, 0x0, 0x0,

    /* U+002A "*" */
    0x0, 0x0, 0x0, 0x2d, 0xff, 0x83, 0x0, 0x0,
    0x0, 0x0, 0x14, 0x0, 0x17, 0xff, 0x6c, 0x0,
    0x14, 0x0, 0x0, 0xbb, 0xc3, 0x3e, 0xfd, 0x6c,
    0x95, 0xf5, 0x15, 0x0, 0x70, 0xd2, 0xff, 0xff,
    0xff, 0xef, 0x94, 0x19, 0x0, 0x0, 0x0, 0xaf,
    0xf9, 0xf0, 0x15, 0x0, 0x0, 0x0, 0x0, 0x4e,
    0xff, 0x56, 0xec, 0xa0, 0x0, 0x0, 0x0, 0x6,
    0xe2, 0xc5, 0x0, 0x76, 0xff, 0x3f, 0x0, 0x0,
    0x0, 0x22, 0x30, 0x0, 0xa, 0x49, 0x0, 0x0,

    /* U+002B "+" */
    0x0, 0x0, 0x0, 0x3, 0x8, 0x3, 0x0, 0x0,
    0x0, 0x0, 0x0, 0x0, 0x60, 0xff, 0x64, 0x0,
    0x0, 0x0, 0x0, 0x0, 0x0, 0x60, 0xff, 0x64,
    0x0, 0x0, 0x0, 0x0, 0x0, 0x0, 0x60, 0xff,
    0x64, 0x0, 0x0, 0x0, 0x5c, 0xcc, 0xcc, 0xdf,
    0xff, 0xe0, 0xcc, 0xcc, 0x75, 0x74, 0xff, 0xff,
    0xff, 0xff, 0xff, 0xff, 0xff, 0x94, 0x0, 0x0,
    0x0, 0x60, 0xff, 0x64, 0x0, 0x0, 0x0, 0x0,
    0x0, 0x0, 0x60, 0xff, 0x64, 0x0, 0x0, 0x0,
    0x0, 0x0, 0x0, 0x60, 0xff, 0x64, 0x0, 0x0,
    0x0, 0x0, 0x0, 0x0, 0x60, 0xff, 0x64, 0x0,
    0x0, 0x0,

    /* U+002C "," */
    0xd, 0x8c, 0x8c, 0x2d, 0x18, 0xff, 0xff, 0x54,
    0x18, 0xff, 0xff, 0x53, 0x0, 0x2, 0xec, 0x42,
    0x3, 0x89, 0xea, 0xb, 0x2, 0xae, 0x30, 0x0,

    /* U+002D "-" */
    0x19, 0xcc, 0xcc, 0xcc, 0xcc, 0x9f, 0x20, 0xff,
    0xff, 0xff, 0xff, 0xc8,

    /* U+002E "." */
    0x97, 0xa4, 0x47, 0xec, 0xff, 0x70, 0xec, 0xff,
    0x70,

    /* U+002F "/" */
    0x0, 0x0, 0x0, 0x0, 0x0, 0xb3, 0xff, 0x59,
    0x0, 0x0, 0x0, 0x0, 0x4, 0xf2, 0xfe, 0x16,
    0x0, 0x0, 0x0, 0x0, 0x3b, 0xff, 0xcf, 0x0,
    0x0, 0x0, 0x0, 0x0, 0x7f, 0xff, 0x8b, 0x0,
    0x0, 0x0, 0x0, 0x0, 0xc3, 0xff, 0x46, 0x0,
    0x0, 0x0, 0x0, 0xc, 0xfa, 0xf8, 0x9, 0x0,
    0x0, 0x0, 0x0, 0x4c, 0xff, 0xbd, 0x0, 0x0,
    0x0, 0x0, 0x0, 0x90, 0xff, 0x78, 0x0, 0x0,
    0x0, 0x0, 0x0, 0xd4, 0xff, 0x33, 0x0, 0x0,
    0x0, 0x0, 0x19, 0xff, 0xed, 0x2, 0x0, 0x0,
    0x0, 0x0, 0x5d, 0xff, 0xaa, 0x0, 0x0, 0x0,
    0x0, 0x0, 0xa1, 0xff, 0x65, 0x0, 0x0, 0x0,
    0x0, 0x0, 0xe4, 0xff, 0x21, 0x0, 0x0, 0x0,
    0x0, 0x29, 0xff, 0xdc, 0x0, 0x0, 0x0, 0x0,
    0x0, 0x6e, 0xff, 0x97, 0x0, 0x0, 0x0, 0x0,
    0x0, 0xb2, 0xff, 0x53, 0x0, 0x0, 0x0, 0x0,
    0x4, 0xf1, 0xfd, 0x11, 0x0, 0x0, 0x0, 0x0,
    0x3a, 0xff, 0xca, 0x0, 0x0, 0x0, 0x0, 0x0,

    /* U+0030 "0" */
    0x0, 0x4, 0x7a, 0xd7, 0xf6, 0xe7, 0xa7, 0x24,
    0x0, 0x0, 0x0, 0xaa, 0xff, 0xff, 0xf6, 0xff,
    0xff, 0xea, 0x1d, 0x0, 0x3d, 0xff, 0xff, 0x62,
    0x0, 0x20, 0xe2, 0xff, 0x99, 0x0, 0x89, 0xff,
    0xd8, 0x0, 0x0, 0x0, 0x7d, 0xff, 0xe7, 0x0,
    0xab, 0xff, 0xb6, 0x0, 0x0, 0x0, 0x59, 0xff,
    0xff, 0x9, 0xb7, 0xff, 0xa8, 0x0, 0x0, 0x0,
    0x48, 0xff, 0xff, 0x17, 0xb8, 0xff, 0xa8, 0x0,
    0x0, 0x0, 0x48, 0xff, 0xff, 0x18, 0xb8, 0xff,
    0xa8, 0x0, 0x0, 0x0, 0x48, 0xff, 0xff, 0x18,
    0xb8, 0xff, 0xa8, 0x0, 0x0, 0x0, 0x48, 0xff,
    0xff, 0x18, 0xb8, 0xff, 0xa8, 0x0, 0x0, 0x0,
    0x48, 0xff, 0xff, 0x18, 0xb8, 0xff, 0xa8, 0x0,
    0x0, 0x0, 0x48, 0xff, 0xff, 0x18, 0xb8, 0xff,
    0xa8, 0x0, 0x0, 0x0, 0x48, 0xff, 0xff, 0x18,
    0xb7, 0xff, 0xa8, 0x0, 0x0, 0x0, 0x48, 0xff,
    0xff, 0x17, 0xa9, 0xff, 0xba, 0x0, 0x0, 0x0,
    0x5c, 0xff, 0xff, 0x8, 0x84, 0xff, 0xe1, 0x0,
    0x0, 0x0, 0x85, 0xff, 0xe5, 0x0, 0x34, 0xff,
    0xff, 0x77, 0x3, 0x2c, 0xeb, 0xff, 0x96, 0x0,
    0x0, 0x9c, 0xff, 0xff, 0xfc, 0xff, 0xff, 0xe7,
    0x1a, 0x0, 0x0, 0x2, 0x74, 0xd6, 0xf7, 0xe8,
    0xa6, 0x22, 0x0, 0x0,

    /* U+0031 "1" */
    0x0, 0x0, 0x0, 0x40, 0xf2, 0xff, 0x1c, 0x8,
    0x4b, 0xac, 0xfe, 0xff, 0xff, 0x1c, 0x58, 0xff,
    0xff, 0xff, 0xff, 0xff, 0x1c, 0x3f, 0x96, 0x64,
    0x64, 0xff, 0xff, 0x1c, 0x0, 0x0, 0x0, 0x3c,
    0xff, 0xff, 0x1c, 0x0, 0x0, 0x0, 0x3c, 0xff,
    0xff, 0x1c, 0x0, 0x0, 0x0, 0x3c, 0xff, 0xff,
    0x1c, 0x0, 0x0, 0x0, 0x3c, 0xff, 0xff, 0x1c,
    0x0, 0x0, 0x0, 0x3c, 0xff, 0xff, 0x1c, 0x0,
    0x0, 0x0, 0x3c, 0xff, 0xff, 0x1c, 0x0, 0x0,
    0x0, 0x3c, 0xff, 0xff, 0x1c, 0x0, 0x0, 0x0,
    0x3c, 0xff, 0xff, 0x1c, 0x0, 0x0, 0x0, 0x3c,
    0xff, 0xff, 0x1c, 0x0, 0x0, 0x0, 0x3c, 0xff,
    0xff, 0x1c, 0x0, 0x0, 0x0, 0x3c, 0xff, 0xff,
    0x1c, 0x0, 0x0, 0x0, 0x3c, 0xff, 0xff, 0x1c,
    0x0, 0x0, 0x0, 0x3c, 0xff, 0xff, 0x1c, 0x0,
    0x0, 0x0, 0x3c, 0xff, 0xff, 0x1c,

    /* U+0032 "2" */
    0x0, 0x0, 0x1a, 0x9c, 0xe4, 0xf9, 0xe4, 0x96,
    0x12, 0x0, 0x0, 0xd, 0xde, 0xff, 0xff, 0xfc,
    0xff, 0xff, 0xcd, 0x6, 0x0, 0x78, 0xff, 0xfb,
    0x4e, 0x2, 0x48, 0xfe, 0xff, 0x5c, 0x0, 0xbd,
    0xff, 0xb0, 0x0, 0x0, 0x0, 0xc9, 0xff, 0x9e,
    0x0, 0xdc, 0xff, 0x87, 0x0, 0x0, 0x0, 0xad,
    0xff, 0xb3, 0x0, 0xbf, 0xd4, 0x60, 0x0, 0x0,
    0x0, 0xbf, 0xff, 0xa6, 0x0, 0x0, 0x0, 0x0,
    0x0, 0x0, 0x11, 0xf5, 0xff, 0x72, 0x0, 0x0,
    0x0, 0x0, 0x0, 0x0, 0x82, 0xff, 0xf7, 0x14,
    0x0, 0x0, 0x0, 0x0, 0x0, 0x21, 0xf6, 0xff,
    0x8d, 0x0, 0x0, 0x0, 0x0, 0x0, 0x0, 0xb8,
    0xff, 0xe0, 0xb, 0x0, 0x0, 0x0, 0x0, 0x0,
    0x5e, 0xff, 0xff, 0x46, 0x0, 0x0, 0x0, 0x0,
    0x0, 0x15, 0xec, 0xff, 0x9e, 0x0, 0x0, 0x0,
    0x0, 0x0, 0x0, 0xa6, 0xff, 0xe6, 0x10, 0x0,
    0x0, 0x0, 0x0, 0x0, 0x4a, 0xff, 0xff, 0x4f,
    0x0, 0x0, 0x0, 0x0, 0x0, 0xc, 0xe1, 0xff,
    0xa7, 0x0, 0x0, 0x0, 0x0, 0x0, 0x0, 0x93,
    0xff, 0xeb, 0x14, 0x0, 0x0, 0x0, 0x0, 0x0,
    0x12, 0xfd, 0xff, 0xff, 0xff, 0xff, 0xff, 0xff,
    0xff, 0x50, 0x18, 0xff, 0xff, 0xff, 0xff, 0xff,
    0xff, 0xff, 0xff, 0x50,

    /* U+0033 "3" */
    0x0, 0x0, 0x3b, 0xb5, 0xec, 0xf8, 0xdb, 0x86,
    0x9, 0x0, 0x0, 0x43, 0xfc, 0xff, 0xff, 0xf8,
    0xff, 0xff, 0xc0, 0x2, 0x0, 0xcb, 0xff, 0xd0,
    0x18, 0x1, 0x56, 0xff, 0xff, 0x4d, 0xa, 0xff,
    0xff, 0x63, 0x0, 0x0, 0x0, 0xd7, 0xff, 0x8c,
    0x1c, 0xf4, 0xf4, 0x3b, 0x0, 0x0, 0x0, 0xbf,
    0xff, 0x9c, 0x0, 0x0, 0x0, 0x0, 0x0, 0x0,
    0x0, 0xdd, 0xff, 0x80, 0x0, 0x0, 0x0, 0x0,
    0x0, 0x13, 0x7b, 0xff, 0xfd, 0x28, 0x0, 0x0,
    0x0, 0x0, 0x60, 0xff, 0xff, 0xf3, 0x5e, 0x0,
    0x0, 0x0, 0x0, 0x0, 0x60, 0xff, 0xff, 0xa8,
    0xe, 0x0, 0x0, 0x0, 0x0, 0x0, 0x2c, 0x95,
    0xef, 0xff, 0xc2, 0x1, 0x0, 0x0, 0x0, 0x0,
    0x0, 0x0, 0x3c, 0xff, 0xff, 0x45, 0x0, 0x0,
    0x0, 0x0, 0x0, 0x0, 0x0, 0xdc, 0xff, 0x87,
    0x7, 0x38, 0x38, 0xc, 0x0, 0x0, 0x0, 0xbf,
    0xff, 0x9e, 0x1b, 0xff, 0xff, 0x41, 0x0, 0x0,
    0x0, 0xca, 0xff, 0x94, 0x6, 0xfc, 0xff, 0x65,
    0x0, 0x0, 0x1, 0xe9, 0xff, 0x72, 0x0, 0xbf,
    0xff, 0xd4, 0x21, 0x7, 0x76, 0xff, 0xfe, 0x28,
    0x0, 0x38, 0xf9, 0xff, 0xff, 0xff, 0xff, 0xff,
    0x98, 0x0, 0x0, 0x0, 0x38, 0xb6, 0xed, 0xf6,
    0xd6, 0x74, 0x2, 0x0,

    /* U+0034 "4" */
    0x0, 0x0, 0x0, 0x0, 0x0, 0xb4, 0xff, 0xff,
    0x4c, 0x0, 0x0, 0x0, 0x0, 0x0, 0x0, 0x25,
    0xfe, 0xff, 0xff, 0x4c, 0x0, 0x0, 0x0, 0x0,
    0x0, 0x0, 0x94, 0xff, 0xff, 0xff, 0x4c, 0x0,
    0x0, 0x0, 0x0, 0x0, 0xf, 0xf3, 0xd2, 0xf4,
    0xff, 0x4c, 0x0, 0x0, 0x0, 0x0, 0x0, 0x74,
    0xff, 0x76, 0xf4, 0xff, 0x4c, 0x0, 0x0, 0x0,
    0x0, 0x3, 0xe0, 0xfe, 0x1d, 0xf4, 0xff, 0x4c,
    0x0, 0x0, 0x0, 0x0, 0x53, 0xff, 0xbf, 0x0,
    0xf4, 0xff, 0x4c, 0x0, 0x0, 0x0, 0x0, 0xc3,
    0xff, 0x64, 0x0, 0xf4, 0xff, 0x4c, 0x0, 0x0,
    0x0, 0x32, 0xff, 0xf8, 0x10, 0x0, 0xf4, 0xff,
    0x4c, 0x0, 0x0, 0x0, 0xa3, 0xff, 0xad, 0x0,
    0x0, 0xf4, 0xff, 0x4c, 0x0, 0x0, 0x10, 0xf9,
    0xff, 0x51, 0x0, 0x0, 0xf4, 0xff, 0x4c, 0x0,
    0x0, 0x20, 0xff, 0xff, 0xff, 0xff, 0xff, 0xff,
    0xff, 0xff, 0xff, 0x4c, 0x20, 0xff, 0xff, 0xff,
    0xff, 0xff, 0xff, 0xff, 0xff, 0xff, 0x4c, 0x3,
    0x1c, 0x1c, 0x1c, 0x1c, 0x1c, 0xf5, 0xff, 0x5f,
    0x1c, 0x8, 0x0, 0x0, 0x0, 0x0, 0x0, 0x0,
    0xf4, 0xff, 0x4c, 0x0, 0x0, 0x0, 0x0, 0x0,
    0x0, 0x0, 0x0, 0xf4, 0xff, 0x4c, 0x0, 0x0,
    0x0, 0x0, 0x0, 0x0, 0x0, 0x0, 0xf4, 0xff,
    0x4c, 0x0, 0x0, 0x0, 0x0, 0x0, 0x0, 0x0,
    0x0, 0xf4, 0xff, 0x4c, 0x0, 0x0,

    /* U+0035 "5" */
    0x90, 0xff, 0xff, 0xff, 0xff, 0xff, 0xff, 0xff,
    0x1c, 0x90, 0xff, 0xff, 0xff, 0xff, 0xff, 0xff,
    0xff, 0x1c, 0x90, 0xff, 0xb8, 0x60, 0x60, 0x60,
    0x60, 0x60, 0xa, 0x90, 0xff, 0x86, 0x0, 0x0,
    0x0, 0x0, 0x0, 0x0, 0x90, 0xff, 0x7e, 0x0,
    0x0, 0x0, 0x0, 0x0, 0x0, 0x90, 0xff, 0x75,
    0x0, 0x0, 0x0, 0x0, 0x0, 0x0, 0x90, 0xff,
    0x74, 0x7c, 0xc0, 0xba, 0x7e, 0xd, 0x0, 0x90,
    0xff, 0xf8, 0xff, 0xff, 0xff, 0xff, 0xc2, 0x2,
    0x90, 0xff, 0xf1, 0x47, 0xa, 0x59, 0xfe, 0xff,
    0x4c, 0x45, 0x7c, 0x46, 0x0, 0x0, 0x0, 0xcb,
    0xff, 0x90, 0x0, 0x0, 0x0, 0x0, 0x0, 0x0,
    0xa6, 0xff, 0xb4, 0x0, 0x0, 0x0, 0x0, 0x0,
    0x0, 0x9a, 0xff, 0xbf, 0x32, 0x34, 0x14, 0x0,
    0x0, 0x0, 0xa1, 0xff, 0xb0, 0xec, 0xff, 0x72,
    0x0, 0x0, 0x0, 0xad, 0xff, 0x9b, 0xd0, 0xff,
    0x92, 0x0, 0x0, 0x0, 0xce, 0xff, 0x76, 0x8f,
    0xff, 0xec, 0x23, 0x0, 0x47, 0xff, 0xff, 0x2a,
    0x1e, 0xef, 0xff, 0xfc, 0xeb, 0xff, 0xff, 0x9b,
    0x0, 0x0, 0x2d, 0xae, 0xe9, 0xf9, 0xdb, 0x7a,
    0x3, 0x0,

    /* U+0036 "6" */
    0x0, 0x1, 0x69, 0xd3, 0xf6, 0xea, 0xac, 0x2c,
    0x0, 0x0, 0x0, 0x81, 0xff, 0xff, 0xfc, 0xff,
    0xff, 0xf5, 0x2d, 0x0, 0x17, 0xfa, 0xff, 0x79,
    0x3, 0x22, 0xd9, 0xff, 0xae, 0x0, 0x66, 0xff,
    0xe4, 0x2, 0x0, 0x0, 0x76, 0xff, 0xec, 0x0,
    0x97, 0xff, 0xb2, 0x0, 0x0, 0x0, 0x2c, 0x78,
    0x77, 0x1, 0xad, 0xff, 0xa2, 0x0, 0x0, 0x0,
    0x0, 0x0, 0x0, 0x0, 0xb7, 0xff, 0xa0, 0x0,
    0x0, 0x0, 0x0, 0x0, 0x0, 0x0, 0xb8, 0xff,
    0xa3, 0x87, 0xe8, 0xf5, 0xcd, 0x51, 0x0, 0x0,
    0xb8, 0xff, 0xf9, 0xfc, 0xd9, 0xf0, 0xff, 0xfd,
    0x42, 0x0, 0xb8, 0xff, 0xe9, 0x2d, 0x0, 0xe,
    0xd4, 0xff, 0xb5, 0x0, 0xb8, 0xff, 0xa0, 0x0,
    0x0, 0x0, 0x78, 0xff, 0xef, 0x0, 0xb8, 0xff,
    0xa0, 0x0, 0x0, 0x0, 0x5e, 0xff, 0xff, 0x9,
    0xb2, 0xff, 0xa1, 0x0, 0x0, 0x0, 0x51, 0xff,
    0xff, 0xd, 0x9f, 0xff, 0xb7, 0x0, 0x0, 0x0,
    0x63, 0xff, 0xf9, 0x0, 0x6f, 0xff, 0xe1, 0x0,
    0x0, 0x0, 0x8d, 0xff, 0xc8, 0x0, 0x1f, 0xfa,
    0xff, 0x78, 0x7, 0x38, 0xf0, 0xff, 0x73, 0x0,
    0x0, 0x83, 0xff, 0xff, 0xff, 0xff, 0xff, 0xd2,
    0xb, 0x0, 0x0, 0x0, 0x6a, 0xd4, 0xf6, 0xe3,
    0x99, 0x16, 0x0, 0x0,

    /* U+0037 "7" */
    0x84, 0xff, 0xff, 0xff, 0xff, 0xff, 0xff, 0x9c,
    0x71, 0xdc, 0xdc, 0xdc, 0xdc, 0xf7, 0xff, 0x89,
    0x0, 0x0, 0x0, 0x0, 0x0, 0xdd, 0xff, 0x58,
    0x0, 0x0, 0x0, 0x0, 0x10, 0xff, 0xff, 0x26,
    0x0, 0x0, 0x0, 0x0, 0x43, 0xff, 0xf2, 0x1,
    0x0, 0x0, 0x0, 0x0, 0x76, 0xff, 0xc2, 0x0,
    0x0, 0x0, 0x0, 0x0, 0xa9, 0xff, 0x90, 0x0,
    0x0, 0x0, 0x0, 0x0, 0xdc, 0xff, 0x5e, 0x0,
    0x0, 0x0, 0x0, 0x10, 0xfe, 0xff, 0x2b, 0x0,
    0x0, 0x0, 0x0, 0x42, 0xff, 0xf6, 0x3, 0x0,
    0x0, 0x0, 0x0, 0x75, 0xff, 0xc7, 0x0, 0x0,
    0x0, 0x0, 0x0, 0xa8, 0xff, 0x95, 0x0, 0x0,
    0x0, 0x0, 0x0, 0xdb, 0xff, 0x63, 0x0, 0x0,
    0x0, 0x0, 0xf, 0xfe, 0xff, 0x31, 0x0, 0x0,
    0x0, 0x0, 0x41, 0xff, 0xf9, 0x5, 0x0, 0x0,
    0x0, 0x0, 0x74, 0xff, 0xcd, 0x0, 0x0, 0x0,
    0x0, 0x0, 0xa7, 0xff, 0x9b, 0x0, 0x0, 0x0,
    0x0, 0x0, 0xda, 0xff, 0x69, 0x0, 0x0, 0x0,

    /* U+0038 "8" */
    0x0, 0x16, 0x9a, 0xe4, 0xf9, 0xe4, 0x98, 0x12,
    0x0, 0xa, 0xda, 0xff, 0xfe, 0xe5, 0xfe, 0xff,
    0xd1, 0x5, 0x65, 0xff, 0xf9, 0x31, 0x0, 0x35,
    0xfc, 0xff, 0x55, 0x9d, 0xff, 0xb9, 0x0, 0x0,
    0x0, 0xc5, 0xff, 0x8f, 0xa8, 0xff, 0xa9, 0x0,
    0x0, 0x0, 0xb5, 0xff, 0x9c, 0x8a, 0xff, 0xd0,
    0x0, 0x0, 0x0, 0xdb, 0xff, 0x7e, 0x2f, 0xfc,
    0xff, 0x63, 0x9, 0x6a, 0xff, 0xfa, 0x25, 0x0,
    0x68, 0xfc, 0xff, 0xff, 0xff, 0xfa, 0x60, 0x0,
    0x0, 0x44, 0xf1, 0xff, 0xff, 0xff, 0xec, 0x3c,
    0x0, 0x26, 0xf4, 0xff, 0x96, 0x4f, 0x9c, 0xff,
    0xef, 0x1e, 0x93, 0xff, 0xbd, 0x0, 0x0, 0x0,
    0xc9, 0xff, 0x87, 0xcd, 0xff, 0x79, 0x0, 0x0,
    0x0, 0x86, 0xff, 0xc1, 0xe2, 0xff, 0x5f, 0x0,
    0x0, 0x0, 0x6c, 0xff, 0xd9, 0xd9, 0xff, 0x6c,
    0x0, 0x0, 0x0, 0x79, 0xff, 0xcf, 0xb6, 0xff,
    0x91, 0x0, 0x0, 0x0, 0x9c, 0xff, 0xab, 0x6e,
    0xff, 0xef, 0x2d, 0x0, 0x2f, 0xf2, 0xff, 0x62,
    0x9, 0xd7, 0xff, 0xfe, 0xed, 0xfe, 0xff, 0xd2,
    0x6, 0x0, 0x16, 0x99, 0xe3, 0xf9, 0xe3, 0x98,
    0x15, 0x0,

    /* U+0039 "9" */
    0x0, 0x0, 0x13, 0x92, 0xe1, 0xf6, 0xd5, 0x6c,
    0x1, 0x0, 0x0, 0x9, 0xcf, 0xff, 0xff, 0xfc,
    0xff, 0xff, 0x89, 0x0, 0x0, 0x6f, 0xff, 0xf3,
    0x3a, 0x2, 0x64, 0xff, 0xfc, 0x24, 0x0, 0xc3,
    0xff, 0x95, 0x0, 0x0, 0x0, 0xd5, 0xff, 0x78,
    0x0, 0xf1, 0xff, 0x6b, 0x0, 0x0, 0x0, 0xaf,
    0xff, 0xaa, 0x3, 0xff, 0xff, 0x5c, 0x0, 0x0,
    0x0, 0x9c, 0xff, 0xbe, 0x0, 0xfb, 0xff, 0x68,
    0x0, 0x0, 0x0, 0x9c, 0xff, 0xc4, 0x0, 0xde,
    0xff, 0x8b, 0x0, 0x0, 0x0, 0xa0, 0xff, 0xc4,
    0x0, 0x9c, 0xff, 0xec, 0x37, 0x9, 0x57, 0xfa,
    0xff, 0xc4, 0x0, 0x26, 0xf0, 0xff, 0xff, 0xff,
    0xff, 0xea, 0xff, 0xc4, 0x0, 0x0, 0x28, 0x99,
    0xc1, 0xb7, 0x5c, 0x9c, 0xff, 0xc4, 0x0, 0x0,
    0x0, 0x0, 0x0, 0x0, 0x0, 0x9c, 0xff, 0xc3,
    0x0, 0x0, 0x0, 0x0, 0x0, 0x0, 0x0, 0x9f,
    0xff, 0xb7, 0x0, 0x97, 0x9c, 0x3c, 0x0, 0x0,
    0x0, 0xb0, 0xff, 0x9f, 0x0, 0xe3, 0xff, 0x7f,
    0x0, 0x0, 0x1, 0xe2, 0xff, 0x6c, 0x0, 0xa2,
    0xff, 0xe1, 0x2f, 0x6, 0x74, 0xff, 0xfb, 0x1a,
    0x0, 0x25, 0xf1, 0xff, 0xff, 0xff, 0xff, 0xff,
    0x87, 0x0, 0x0, 0x0, 0x27, 0xa8, 0xe9, 0xf7,
    0xd6, 0x70, 0x2, 0x0,

    /* U+003A ":" */
    0x5d, 0x88, 0x5f, 0xb0, 0xff, 0xb4, 0xb0, 0xff,
    0xb4, 0x0, 0x0, 0x0, 0x0, 0x0, 0x0, 0x0,
    0x0, 0x0, 0x0, 0x0, 0x0, 0x5d, 0x88, 0x5f,
    0xb0, 0xff, 0xb4, 0xb0, 0xff, 0xb4,

    /* U+003B ";" */
    0xb4, 0xff, 0xac, 0xb4, 0xff, 0xac, 0x73, 0xa4,
    0x6e, 0x0, 0x0, 0x0, 0x0, 0x0, 0x0, 0x0,
    0x0, 0x0, 0x0, 0x0, 0x0, 0x0, 0x0, 0x0,
    0x5c, 0x84, 0x60, 0xb4, 0xff, 0xbc, 0xb4, 0xff,
    0xbb, 0x1, 0xa1, 0xa2, 0x88, 0xed, 0x36, 0x7,
    0x2, 0x0,

    /* U+003C "<" */
    0x0, 0x0, 0x0, 0x0, 0x0, 0x18, 0x89, 0x0,
    0x0, 0x0, 0xe, 0x84, 0xf5, 0xf0, 0x0, 0x6,
    0x70, 0xeb, 0xff, 0xff, 0xc0, 0x34, 0xdf, 0xff,
    0xff, 0xbe, 0x44, 0x0, 0x64, 0xff, 0xd2, 0x38,
    0x0, 0x0, 0x0, 0x63, 0xff, 0xff, 0xb4, 0x38,
    0x0, 0x0, 0x6, 0x6e, 0xea, 0xff, 0xff, 0xbb,
    0x3e, 0x0, 0x0, 0xd, 0x81, 0xf3, 0xff, 0xf0,
    0x0, 0x0, 0x0, 0x0, 0x16, 0x93, 0xea, 0x0,
    0x0, 0x0, 0x0, 0x0, 0x0, 0x1c,

    /* U+003D "=" */
    0xa5, 0xcc, 0xcc, 0xcc, 0xcc, 0xcc, 0xbf, 0xd0,
    0xff, 0xff, 0xff, 0xff, 0xff, 0xf0, 0x0, 0x0,
    0x0, 0x0, 0x0, 0x0, 0x0, 0x0, 0x0, 0x0,
    0x0, 0x0, 0x0, 0x0, 0xa5, 0xcc, 0xcc, 0xcc,
    0xcc, 0xcc, 0xbf, 0xd0, 0xff, 0xff, 0xff, 0xff,
    0xff, 0xf0,

    /* U+003E ">" */
    0x74, 0x2d, 0x0, 0x0, 0x0, 0x0, 0x0, 0xb8,
    0xfd, 0xa1, 0x1e, 0x0, 0x0, 0x0, 0x8a, 0xfe,
    0xff, 0xf8, 0x8d, 0x12, 0x0, 0x0, 0x2b, 0xa4,
    0xfc, 0xff, 0xf0, 0x58, 0x0, 0x0, 0x0, 0x23,
    0xb4, 0xff, 0x98, 0x0, 0x0, 0x22, 0x9b, 0xfa,
    0xff, 0x97, 0x26, 0xa0, 0xfb, 0xff, 0xf7, 0x8b,
    0x11, 0xb8, 0xff, 0xfc, 0x9e, 0x1c, 0x0, 0x0,
    0xb7, 0xb1, 0x2a, 0x0, 0x0, 0x0, 0x0, 0x1c,
    0x0, 0x0, 0x0, 0x0, 0x0, 0x0,

    /* U+003F "?" */
    0x0, 0x2c, 0xaf, 0xed, 0xfa, 0xdc, 0x87, 0xa,
    0x0, 0x29, 0xf3, 0xff, 0xff, 0xff, 0xff, 0xff,
    0xc3, 0x4, 0xa5, 0xff, 0xe5, 0x41, 0x1d, 0x7a,
    0xff, 0xff, 0x5b, 0xdd, 0xff, 0x76, 0x0, 0x0,
    0x0, 0xc7, 0xff, 0x9f, 0xda, 0xff, 0x73, 0x0,
    0x0, 0x0, 0x9f, 0xff, 0xb2, 0x3a, 0x2a, 0x3,
    0x0, 0x0, 0x0, 0xb8, 0xff, 0x9e, 0x0, 0x0,
    0x0, 0x0, 0x0, 0xe, 0xf6, 0xff, 0x63, 0x0,
    0x0, 0x0, 0x0, 0x0, 0x86, 0xff, 0xeb, 0xf,
    0x0, 0x0, 0x0, 0x0, 0x42, 0xfc, 0xff, 0x5d,
    0x0, 0x0, 0x0, 0x0, 0x3e, 0xf3, 0xff, 0x85,
    0x0, 0x0, 0x0, 0x0, 0x3e, 0xf5, 0xff, 0x7f,
    0x0, 0x0, 0x0, 0x0, 0x0, 0x88, 0xff, 0xa4,
    0x0, 0x0, 0x0, 0x0, 0x0, 0x0, 0x88, 0xff,
    0x90, 0x0, 0x0, 0x0, 0x0, 0x0, 0x0, 0x46,
    0x84, 0x4a, 0x0, 0x0, 0x0, 0x0, 0x0, 0x0,
    0x0, 0x0, 0x0, 0x0, 0x0, 0x0, 0x0, 0x0,
    0x0, 0x47, 0x70, 0x50, 0x0, 0x0, 0x0, 0x0,
    0x0, 0x0, 0xa4, 0xff, 0xb8, 0x0, 0x0, 0x0,
    0x0, 0x0, 0x0, 0xa4, 0xff, 0xb8, 0x0, 0x0,
    0x0, 0x0,

    /* U+0040 "@" */
    0x0, 0x0, 0x0, 0x0, 0x0, 0x5, 0x58, 0xa2,
    0xd8, 0xef, 0xf7, 0xdf, 0xad, 0x52, 0x0, 0x0,
    0x0, 0x0, 0x0, 0x0, 0x0, 0x0, 0x50, 0xdd,
    0xff, 0xff, 0xff, 0xec, 0xe6, 0xfc, 0xff, 0xff,
    0xbe, 0x17, 0x0, 0x0, 0x0, 0x0, 0x0, 0x79,
    0xfe, 0xff, 0xd2, 0x5d, 0xe, 0x0, 0x0, 0x7,
    0x4f, 0xd0, 0xff, 0xd1, 0xe, 0x0, 0x0, 0x0,
    0x5b, 0xff, 0xff, 0x8e, 0x5, 0x0, 0x0, 0x0,
    0x0, 0x0, 0x0, 0x4, 0xaf, 0xff, 0x95, 0x0,
    0x0, 0x19, 0xf2, 0xff, 0x96, 0x0, 0x0, 0x0,
    0x0, 0x0, 0x0, 0x0, 0x0, 0x0, 0xa, 0xe1,
    0xfd, 0x1c, 0x0, 0x85, 0xff, 0xdf, 0xa, 0x0,
    0x0, 0x4, 0x7b, 0xdf, 0xf3, 0xaf, 0xff, 0x98,
    0x0, 0x6a, 0xff, 0x78, 0x3, 0xeb, 0xff, 0x6a,
    0x0, 0x0, 0x4, 0xb6, 0xff, 0xfd, 0xd3, 0xf3,
    0xff, 0x72, 0x0, 0x17, 0xff, 0xb4, 0x31, 0xff,
    0xf9, 0xf, 0x0, 0x0, 0x81, 0xff, 0xec, 0x37,
    0x0, 0xc8, 0xff, 0x4b, 0x0, 0x0, 0xe4, 0xdb,
    0x6b, 0xff, 0xca, 0x0, 0x0, 0x17, 0xf6, 0xff,
    0x4d, 0x0, 0x0, 0xed, 0xff, 0x25, 0x0, 0x0,
    0xd0, 0xea, 0x8e, 0xff, 0x98, 0x0, 0x0, 0x71,
    0xff, 0xce, 0x0, 0x0, 0x14, 0xff, 0xfa, 0x4,
    0x0, 0x0, 0xd3, 0xe5, 0x9f, 0xff, 0x82, 0x0,
    0x0, 0xb4, 0xff, 0x81, 0x0, 0x0, 0x3a, 0xff,
    0xd8, 0x0, 0x0, 0x0, 0xf0, 0xcd, 0xaf, 0xff,
    0x73, 0x0, 0x0, 0xda, 0xff, 0x5b, 0x0, 0x0,
    0x60, 0xff, 0xb2, 0x0, 0x0, 0x1a, 0xff, 0x99,
    0xa6, 0xff, 0x7b, 0x0, 0x0, 0xe1, 0xff, 0x56,
    0x0, 0x0, 0x96, 0xff, 0x8b, 0x0, 0x0, 0x76,
    0xff, 0x46, 0x92, 0xff, 0x97, 0x0, 0x0, 0xc1,
    0xff, 0x8e, 0x0, 0x1a, 0xee, 0xff, 0x67, 0x0,
    0xc, 0xe0, 0xcc, 0x1, 0x65, 0xff, 0xce, 0x0,
    0x0, 0x6d, 0xff, 0xfb, 0xaa, 0xe5, 0xd9, 0xff,
    0x7f, 0x30, 0xc2, 0xf1, 0x2b, 0x0, 0x20, 0xff,
    0xff, 0x2c, 0x0, 0x6, 0xb1, 0xff, 0xff, 0xd0,
    0x24, 0xde, 0xff, 0xff, 0xcc, 0x2d, 0x0, 0x0,
    0x0, 0xb3, 0xff, 0xbb, 0x2, 0x0, 0x0, 0x29,
    0x35, 0x7, 0x0, 0x7, 0x32, 0x22, 0x0, 0x0,
    0x0, 0x0, 0x0, 0x2b, 0xf6, 0xff, 0x9c, 0x5,
    0x0, 0x0, 0x0, 0x0, 0x0, 0x0, 0x0, 0x0,
    0x0, 0x0, 0x0, 0x0, 0x0, 0x0, 0x53, 0xfb,
    0xff, 0xd5, 0x5f, 0x12, 0x0, 0x0, 0x0, 0x1,
    0x23, 0x30, 0x0, 0x0, 0x0, 0x0, 0x0, 0x0,
    0x0, 0x39, 0xda, 0xff, 0xff, 0xff, 0xe8, 0xda,
    0xe1, 0xf8, 0xff, 0xc2, 0x0, 0x0, 0x0, 0x0,
    0x0, 0x0, 0x0, 0x0, 0x2, 0x53, 0xa1, 0xd8,
    0xf0, 0xfb, 0xea, 0xd2, 0x9f, 0x5f, 0x0, 0x0,
    0x0, 0x0,

    /* U+0041 "A" */
    0x0, 0x0, 0x0, 0x0, 0xe7, 0xff, 0xb2, 0x0,
    0x0, 0x0, 0x0, 0x0, 0x0, 0x0, 0x1d, 0xff,
    0xff, 0xe8, 0x0, 0x0, 0x0, 0x0, 0x0, 0x0,
    0x0, 0x53, 0xff, 0xff, 0xff, 0x1f, 0x0, 0x0,
    0x0, 0x0, 0x0, 0x0, 0x89, 0xff, 0xfa, 0xff,
    0x55, 0x0, 0x0, 0x0, 0x0, 0x0, 0x0, 0xbe,
    0xff, 0xb3, 0xff, 0x8b, 0x0, 0x0, 0x0, 0x0,
    0x0, 0x2, 0xf1, 0xff, 0x58, 0xff, 0xc2, 0x0,
    0x0, 0x0, 0x0, 0x0, 0x2a, 0xff, 0xe7, 0x15,
    0xff, 0xf4, 0x3, 0x0, 0x0, 0x0, 0x0, 0x60,
    0xff, 0xba, 0x0, 0xe8, 0xff, 0x2e, 0x0, 0x0,
    0x0, 0x0, 0x96, 0xff, 0x8d, 0x0, 0xba, 0xff,
    0x64, 0x0, 0x0, 0x0, 0x0, 0xcb, 0xff, 0x60,
    0x0, 0x8c, 0xff, 0x9a, 0x0, 0x0, 0x0, 0x7,
    0xf9, 0xff, 0x33, 0x0, 0x5e, 0xff, 0xd1, 0x0,
    0x0, 0x0, 0x37, 0xff, 0xfd, 0x9, 0x0, 0x2f,
    0xff, 0xfc, 0xa, 0x0, 0x0, 0x6d, 0xff, 0xff,
    0xff, 0xff, 0xff, 0xff, 0xff, 0x3d, 0x0, 0x0,
    0xa2, 0xff, 0xea, 0xcc, 0xcc, 0xcc, 0xf2, 0xff,
    0x73, 0x0, 0x0, 0xd8, 0xff, 0x77, 0x0, 0x0,
    0x0, 0xa1, 0xff, 0xaa, 0x0, 0xf, 0xfe, 0xff,
    0x42, 0x0, 0x0, 0x0, 0x70, 0xff, 0xe0, 0x0,
    0x44, 0xff, 0xfe, 0xf, 0x0, 0x0, 0x0, 0x3e,
    0xff, 0xff, 0x16, 0x79, 0xff, 0xda, 0x0, 0x0,
    0x0, 0x0, 0xe, 0xfe, 0xff, 0x4c,

    /* U+0042 "B" */
    0x9c, 0xff, 0xff, 0xff, 0xfd, 0xee, 0xbf, 0x55,
    0x0, 0x0, 0x9c, 0xff, 0xfb, 0xdd, 0xe6, 0xfc,
    0xff, 0xff, 0x70, 0x0, 0x9c, 0xff, 0xe0, 0x0,
    0x0, 0x9, 0x87, 0xff, 0xef, 0x4, 0x9c, 0xff,
    0xe0, 0x0, 0x0, 0x0, 0x7, 0xfc, 0xff, 0x2b,
    0x9c, 0xff, 0xe0, 0x0, 0x0, 0x0, 0x0, 0xf1,
    0xff, 0x36, 0x9c, 0xff, 0xe0, 0x0, 0x0, 0x0,
    0x12, 0xfe, 0xff, 0x19, 0x9c, 0xff, 0xe0, 0x0,
    0x0, 0xe, 0x9e, 0xff, 0xbf, 0x0, 0x9c, 0xff,
    0xfd, 0xe8, 0xeb, 0xfd, 0xf7, 0xa1, 0x16, 0x0,
    0x9c, 0xff, 0xff, 0xff, 0xff, 0xff, 0xff, 0xc9,
    0x2c, 0x0, 0x9c, 0xff, 0xe0, 0x0, 0x5, 0x31,
    0xc2, 0xff, 0xe7, 0xe, 0x9c, 0xff, 0xe0, 0x0,
    0x0, 0x0, 0x16, 0xf7, 0xff, 0x69, 0x9c, 0xff,
    0xe0, 0x0, 0x0, 0x0, 0x0, 0xc3, 0xff, 0xa1,
    0x9c, 0xff, 0xe0, 0x0, 0x0, 0x0, 0x0, 0xac,
    0xff, 0xb3, 0x9c, 0xff, 0xe0, 0x0, 0x0, 0x0,
    0x0, 0xb3, 0xff, 0xaa, 0x9c, 0xff, 0xe0, 0x0,
    0x0, 0x0, 0x0, 0xde, 0xff, 0x84, 0x9c, 0xff,
    0xe0, 0x0, 0x0, 0x0, 0x69, 0xff, 0xff, 0x35,
    0x9c, 0xff, 0xf9, 0xcc, 0xcd, 0xe7, 0xff, 0xff,
    0x9c, 0x0, 0x9c, 0xff, 0xff, 0xff, 0xff, 0xf8,
    0xd3, 0x70, 0x2, 0x0,

    /* U+0043 "C" */
    0x0, 0x10, 0x86, 0xd8, 0xf5, 0xef, 0xc5, 0x54,
    0x0, 0x0, 0x6, 0xcb, 0xff, 0xff, 0xfc, 0xfe,
    0xff, 0xff, 0x64, 0x0, 0x64, 0xff, 0xfd, 0x5b,
    0x3, 0xb, 0x9e, 0xff, 0xe9, 0x2, 0xaf, 0xff,
    0xc3, 0x0, 0x0, 0x0, 0x28, 0xff, 0xff, 0x30,
    0xd9, 0xff, 0x9c, 0x0, 0x0, 0x0, 0x11, 0xff,
    0xff, 0x4c, 0xe9, 0xff, 0x91, 0x0, 0x0, 0x0,
    0x4, 0xff, 0xff, 0x57, 0xf0, 0xff, 0x90, 0x0,
    0x0, 0x0, 0x1, 0x7c, 0x7c, 0x2a, 0xf0, 0xff,
    0x90, 0x0, 0x0, 0x0, 0x0, 0x0, 0x0, 0x0,
    0xf0, 0xff, 0x90, 0x0, 0x0, 0x0, 0x0, 0x0,
    0x0, 0x0, 0xf0, 0xff, 0x90, 0x0, 0x0, 0x0,
    0x0, 0x0, 0x0, 0x0, 0xf0, 0xff, 0x90, 0x0,
    0x0, 0x0, 0x0, 0x0, 0x0, 0x0, 0xf0, 0xff,
    0x90, 0x0, 0x0, 0x0, 0x3, 0xc4, 0xc4, 0x43,
    0xe9, 0xff, 0x91, 0x0, 0x0, 0x0, 0x4, 0xff,
    0xff, 0x56, 0xd7, 0xff, 0x9d, 0x0, 0x0, 0x0,
    0xd, 0xff, 0xff, 0x47, 0xaa, 0xff, 0xc8, 0x0,
    0x0, 0x0, 0x2d, 0xff, 0xff, 0x23, 0x58, 0xff,
    0xff, 0x60, 0x7, 0x13, 0xab, 0xff, 0xdc, 0x0,
    0x3, 0xbe, 0xff, 0xff, 0xff, 0xff, 0xff, 0xfe,
    0x54, 0x0, 0x0, 0xb, 0x7f, 0xd6, 0xf5, 0xee,
    0xc3, 0x4d, 0x0, 0x0,

    /* U+0044 "D" */
    0x9c, 0xff, 0xff, 0xff, 0xf9, 0xe4, 0xb0, 0x46,
    0x0, 0x0, 0x9c, 0xff, 0xfb, 0xdc, 0xe3, 0xfb,
    0xff, 0xfe, 0x69, 0x0, 0x9c, 0xff, 0xe0, 0x0,
    0x0, 0x11, 0xb2, 0xff, 0xf4, 0xf, 0x9c, 0xff,
    0xe0, 0x0, 0x0, 0x0, 0x31, 0xff, 0xff, 0x51,
    0x9c, 0xff, 0xe0, 0x0, 0x0, 0x0, 0x8, 0xff,
    0xff, 0x74, 0x9c, 0xff, 0xe0, 0x0, 0x0, 0x0,
    0x0, 0xfb, 0xff, 0x85, 0x9c, 0xff, 0xe0, 0x0,
    0x0, 0x0, 0x0, 0xf8, 0xff, 0x88, 0x9c, 0xff,
    0xe0, 0x0, 0x0, 0x0, 0x0, 0xf8, 0xff, 0x88,
    0x9c, 0xff, 0xe0, 0x0, 0x0, 0x0, 0x0, 0xf8,
    0xff, 0x88, 0x9c, 0xff, 0xe0, 0x0, 0x0, 0x0,
    0x0, 0xf8, 0xff, 0x88, 0x9c, 0xff, 0xe0, 0x0,
    0x0, 0x0, 0x0, 0xf8, 0xff, 0x88, 0x9c, 0xff,
    0xe0, 0x0, 0x0, 0x0, 0x0, 0xf8, 0xff, 0x88,
    0x9c, 0xff, 0xe0, 0x0, 0x0, 0x0, 0x0, 0xfd,
    0xff, 0x80, 0x9c, 0xff, 0xe0, 0x0, 0x0, 0x0,
    0xb, 0xff, 0xff, 0x6e, 0x9c, 0xff, 0xe0, 0x0,
    0x0, 0x0, 0x32, 0xff, 0xff, 0x3f, 0x9c, 0xff,
    0xe0, 0x0, 0x0, 0xb, 0xb1, 0xff, 0xe6, 0x6,
    0x9c, 0xff, 0xf9, 0xcc, 0xd3, 0xf3, 0xff, 0xfb,
    0x53, 0x0, 0x9c, 0xff, 0xff, 0xff, 0xfc, 0xe6,
    0xb0, 0x3d, 0x0, 0x0,

    /* U+0045 "E" */
    0x9c, 0xff, 0xff, 0xff, 0xff, 0xff, 0xff, 0x4c,
    0x9c, 0xff, 0xfb, 0xdc, 0xdc, 0xdc, 0xdc, 0x41,
    0x9c, 0xff, 0xe0, 0x0, 0x0, 0x0, 0x0, 0x0,
    0x9c, 0xff, 0xe0, 0x0, 0x0, 0x0, 0x0, 0x0,
    0x9c, 0xff, 0xe0, 0x0, 0x0, 0x0, 0x0, 0x0,
    0x9c, 0xff, 0xe0, 0x0, 0x0, 0x0, 0x0, 0x0,
    0x9c, 0xff, 0xe0, 0x0, 0x0, 0x0, 0x0, 0x0,
    0x9c, 0xff, 0xe0, 0x0, 0x0, 0x0, 0x0, 0x0,
    0x9c, 0xff, 0xff, 0xff, 0xff, 0xff, 0x74, 0x0,
    0x9c, 0xff, 0xf8, 0xc4, 0xc4, 0xc4, 0x58, 0x0,
    0x9c, 0xff, 0xe0, 0x0, 0x0, 0x0, 0x0, 0x0,
    0x9c, 0xff, 0xe0, 0x0, 0x0, 0x0, 0x0, 0x0,
    0x9c, 0xff, 0xe0, 0x0, 0x0, 0x0, 0x0, 0x0,
    0x9c, 0xff, 0xe0, 0x0, 0x0, 0x0, 0x0, 0x0,
    0x9c, 0xff, 0xe0, 0x0, 0x0, 0x0, 0x0, 0x0,
    0x9c, 0xff, 0xe0, 0x0, 0x0, 0x0, 0x0, 0x0,
    0x9c, 0xff, 0xf9, 0xcc, 0xcc, 0xcc, 0xcc, 0x46,
    0x9c, 0xff, 0xff, 0xff, 0xff, 0xff, 0xff, 0x58,

    /* U+0046 "F" */
    0x9c, 0xff, 0xff, 0xff, 0xff, 0xff, 0xff, 0x44,
    0x9c, 0xff, 0xf9, 0xcc, 0xcc, 0xcc, 0xcc, 0x36,
    0x9c, 0xff, 0xe0, 0x0, 0x0, 0x0, 0x0, 0x0,
    0x9c, 0xff, 0xe0, 0x0, 0x0, 0x0, 0x0, 0x0,
    0x9c, 0xff, 0xe0, 0x0, 0x0, 0x0, 0x0, 0x0,
    0x9c, 0xff, 0xe0, 0x0, 0x0, 0x0, 0x0, 0x0,
    0x9c, 0xff, 0xe0, 0x0, 0x0, 0x0, 0x0, 0x0,
    0x9c, 0xff, 0xe0, 0x0, 0x0, 0x0, 0x0, 0x0,
    0x9c, 0xff, 0xff, 0xff, 0xff, 0xff, 0x48, 0x0,
    0x9c, 0xff, 0xf9, 0xc8, 0xc8, 0xc8, 0x38, 0x0,
    0x9c, 0xff, 0xe0, 0x0, 0x0, 0x0, 0x0, 0x0,
    0x9c, 0xff, 0xe0, 0x0, 0x0, 0x0, 0x0, 0x0,
    0x9c, 0xff, 0xe0, 0x0, 0x0, 0x0, 0x0, 0x0,
    0x9c, 0xff, 0xe0, 0x0, 0x0, 0x0, 0x0, 0x0,
    0x9c, 0xff, 0xe0, 0x0, 0x0, 0x0, 0x0, 0x0,
    0x9c, 0xff, 0xe0, 0x0, 0x0, 0x0, 0x0, 0x0,
    0x9c, 0xff, 0xe0, 0x0, 0x0, 0x0, 0x0, 0x0,
    0x9c, 0xff, 0xe0, 0x0, 0x0, 0x0, 0x0, 0x0,

    /* U+0047 "G" */
    0x0, 0x11, 0x89, 0xda, 0xf6, 0xf0, 0xca, 0x67,
    0x0, 0x0, 0x6, 0xcd, 0xff, 0xff, 0xfc, 0xfe,
    0xff, 0xff, 0x89, 0x0, 0x63, 0xff, 0xfe, 0x5c,
    0x4, 0x8, 0x88, 0xff, 0xfb, 0x14, 0xad, 0xff,
    0xbe, 0x0, 0x0, 0x0, 0x9, 0xfb, 0xff, 0x52,
    0xd7, 0xff, 0x9d, 0x0, 0x0, 0x0, 0x0, 0xe4,
    0xff, 0x6b, 0xe8, 0xff, 0x8f, 0x0, 0x0, 0x0,
    0x0, 0xac, 0xc8, 0x5d, 0xef, 0xff, 0x8c, 0x0,
    0x0, 0x0, 0x0, 0x0, 0x0, 0x0, 0xf0, 0xff,
    0x8c, 0x0, 0x0, 0x0, 0x0, 0x0, 0x0, 0x0,
    0xf0, 0xff, 0x8c, 0x0, 0x0, 0x0, 0x0, 0x0,
    0x0, 0x0, 0xf0, 0xff, 0x8c, 0x0, 0x0, 0xe8,
    0xff, 0xff, 0xff, 0x9c, 0xf0, 0xff, 0x8c, 0x0,
    0x0, 0xb1, 0xc4, 0xea, 0xff, 0x9c, 0xf0, 0xff,
    0x8c, 0x0, 0x0, 0x0, 0x0, 0xa4, 0xff, 0x9c,
    0xe8, 0xff, 0x8e, 0x0, 0x0, 0x0, 0x0, 0xaa,
    0xff, 0x9c, 0xd6, 0xff, 0x9d, 0x0, 0x0, 0x0,
    0x0, 0xbd, 0xff, 0x9c, 0xab, 0xff, 0xcd, 0x0,
    0x0, 0x0, 0x5, 0xee, 0xff, 0x9c, 0x5e, 0xff,
    0xff, 0x72, 0xd, 0x14, 0x97, 0xf9, 0xff, 0x9c,
    0x4, 0xc8, 0xff, 0xff, 0xff, 0xff, 0xff, 0x81,
    0xff, 0x9c, 0x0, 0xf, 0x8c, 0xde, 0xf8, 0xe0,
    0x71, 0x4, 0xfd, 0x9c,

    /* U+0048 "H" */
    0x9c, 0xff, 0xe0, 0x0, 0x0, 0x0, 0x0, 0x8c,
    0xff, 0xf0, 0x9c, 0xff, 0xe0, 0x0, 0x0, 0x0,
    0x0, 0x8c, 0xff, 0xf0, 0x9c, 0xff, 0xe0, 0x0,
    0x0, 0x0, 0x0, 0x8c, 0xff, 0xf0, 0x9c, 0xff,
    0xe0, 0x0, 0x0, 0x0, 0x0, 0x8c, 0xff, 0xf0,
    0x9c, 0xff, 0xe0, 0x0, 0x0, 0x0, 0x0, 0x8c,
    0xff, 0xf0, 0x9c, 0xff, 0xe0, 0x0, 0x0, 0x0,
    0x0, 0x8c, 0xff, 0xf0, 0x9c, 0xff, 0xe0, 0x0,
    0x0, 0x0, 0x0, 0x8c, 0xff, 0xf0, 0x9c, 0xff,
    0xe0, 0x0, 0x0, 0x0, 0x0, 0x8c, 0xff, 0xf0,
    0x9c, 0xff, 0xff, 0xff, 0xff, 0xff, 0xff, 0xff,
    0xff, 0xf0, 0x9c, 0xff, 0xf9, 0xcc, 0xcc, 0xcc,
    0xcc, 0xe8, 0xff, 0xf0, 0x9c, 0xff, 0xe0, 0x0,
    0x0, 0x0, 0x0, 0x8c, 0xff, 0xf0, 0x9c, 0xff,
    0xe0, 0x0, 0x0, 0x0, 0x0, 0x8c, 0xff, 0xf0,
    0x9c, 0xff, 0xe0, 0x0, 0x0, 0x0, 0x0, 0x8c,
    0xff, 0xf0, 0x9c, 0xff, 0xe0, 0x0, 0x0, 0x0,
    0x0, 0x8c, 0xff, 0xf0, 0x9c, 0xff, 0xe0, 0x0,
    0x0, 0x0, 0x0, 0x8c, 0xff, 0xf0, 0x9c, 0xff,
    0xe0, 0x0, 0x0, 0x0, 0x0, 0x8c, 0xff, 0xf0,
    0x9c, 0xff, 0xe0, 0x0, 0x0, 0x0, 0x0, 0x8c,
    0xff, 0xf0, 0x9c, 0xff, 0xe0, 0x0, 0x0, 0x0,
    0x0, 0x8c, 0xff, 0xf0,

    /* U+0049 "I" */
    0x7c, 0xff, 0xf4, 0x7c, 0xff, 0xf4, 0x7c, 0xff,
    0xf4, 0x7c, 0xff, 0xf4, 0x7c, 0xff, 0xf4, 0x7c,
    0xff, 0xf4, 0x7c, 0xff, 0xf4, 0x7c, 0xff, 0xf4,
    0x7c, 0xff, 0xf4, 0x7c, 0xff, 0xf4, 0x7c, 0xff,
    0xf4, 0x7c, 0xff, 0xf4, 0x7c, 0xff, 0xf4, 0x7c,
    0xff, 0xf4, 0x7c, 0xff, 0xf4, 0x7c, 0xff, 0xf4,
    0x7c, 0xff, 0xf4, 0x7c, 0xff, 0xf4,

    /* U+004A "J" */
    0x0, 0x0, 0x40, 0xff, 0xff, 0x38, 0x0, 0x0,
    0x40, 0xff, 0xff, 0x38, 0x0, 0x0, 0x40, 0xff,
    0xff, 0x38, 0x0, 0x0, 0x40, 0xff, 0xff, 0x38,
    0x0, 0x0, 0x40, 0xff, 0xff, 0x38, 0x0, 0x0,
    0x40, 0xff, 0xff, 0x38, 0x0, 0x0, 0x40, 0xff,
    0xff, 0x38, 0x0, 0x0, 0x40, 0xff, 0xff, 0x38,
    0x0, 0x0, 0x40, 0xff, 0xff, 0x38, 0x0, 0x0,
    0x40, 0xff, 0xff, 0x38, 0x0, 0x0, 0x40, 0xff,
    0xff, 0x38, 0x0, 0x0, 0x40, 0xff, 0xff, 0x38,
    0x0, 0x0, 0x40, 0xff, 0xff, 0x38, 0x0, 0x0,
    0x41, 0xff, 0xff, 0x36, 0x0, 0x0, 0x50, 0xff,
    0xff, 0x29, 0x0, 0x7, 0xb0, 0xff, 0xfa, 0x9,
    0xaf, 0xee, 0xff, 0xff, 0xa8, 0x0, 0xd8, 0xfb,
    0xe3, 0x95, 0xc, 0x0,

    /* U+004B "K" */
    0x9c, 0xff, 0xe0, 0x0, 0x0, 0x0, 0x46, 0xff,
    0xf8, 0x16, 0x9c, 0xff, 0xe0, 0x0, 0x0, 0x0,
    0xc2, 0xff, 0x9d, 0x0, 0x9c, 0xff, 0xe0, 0x0,
    0x0, 0x3d, 0xff, 0xff, 0x2c, 0x0, 0x9c, 0xff,
    0xe0, 0x0, 0x0, 0xb9, 0xff, 0xb9, 0x0, 0x0,
    0x9c, 0xff, 0xe0, 0x0, 0x34, 0xff, 0xff, 0x47,
    0x0, 0x0, 0x9c, 0xff, 0xe0, 0x0, 0xb0, 0xff,
    0xd4, 0x0, 0x0, 0x0, 0x9c, 0xff, 0xe0, 0x2c,
    0xfe, 0xff, 0x63, 0x0, 0x0, 0x0, 0x9c, 0xff,
    0xe0, 0xa7, 0xff, 0xea, 0x7, 0x0, 0x0, 0x0,
    0x9c, 0xff, 0xf4, 0xfc, 0xff, 0xef, 0xa, 0x0,
    0x0, 0x0, 0x9c, 0xff, 0xff, 0xf4, 0xf4, 0xff,
    0x62, 0x0, 0x0, 0x0, 0x9c, 0xff, 0xff, 0x80,
    0x9b, 0xff, 0xca, 0x0, 0x0, 0x0, 0x9c, 0xff,
    0xf0, 0xc, 0x34, 0xff, 0xff, 0x32, 0x0, 0x0,
    0x9c, 0xff, 0xe0, 0x0, 0x0, 0xcc, 0xff, 0x9b,
    0x0, 0x0, 0x9c, 0xff, 0xe0, 0x0, 0x0, 0x65,
    0xff, 0xf4, 0xe, 0x0, 0x9c, 0xff, 0xe0, 0x0,
    0x0, 0xc, 0xf2, 0xff, 0x6b, 0x0, 0x9c, 0xff,
    0xe0, 0x0, 0x0, 0x0, 0x97, 0xff, 0xd2, 0x0,
    0x9c, 0xff, 0xe0, 0x0, 0x0, 0x0, 0x2f, 0xff,
    0xff, 0x3b, 0x9c, 0xff, 0xe0, 0x0, 0x0, 0x0,
    0x0, 0xc8, 0xff, 0xa3,

    /* U+004C "L" */
    0x9c, 0xff, 0xe0, 0x0, 0x0, 0x0, 0x0, 0x0,
    0x9c, 0xff, 0xe0, 0x0, 0x0, 0x0, 0x0, 0x0,
    0x9c, 0xff, 0xe0, 0x0, 0x0, 0x0, 0x0, 0x0,
    0x9c, 0xff, 0xe0, 0x0, 0x0, 0x0, 0x0, 0x0,
    0x9c, 0xff, 0xe0, 0x0, 0x0, 0x0, 0x0, 0x0,
    0x9c, 0xff, 0xe0, 0x0, 0x0, 0x0, 0x0, 0x0,
    0x9c, 0xff, 0xe0, 0x0, 0x0, 0x0, 0x0, 0x0,
    0x9c, 0xff, 0xe0, 0x0, 0x0, 0x0, 0x0, 0x0,
    0x9c, 0xff, 0xe0, 0x0, 0x0, 0x0, 0x0, 0x0,
    0x9c, 0xff, 0xe0, 0x0, 0x0, 0x0, 0x0, 0x0,
    0x9c, 0xff, 0xe0, 0x0, 0x0, 0x0, 0x0, 0x0,
    0x9c, 0xff, 0xe0, 0x0, 0x0, 0x0, 0x0, 0x0,
    0x9c, 0xff, 0xe0, 0x0, 0x0, 0x0, 0x0, 0x0,
    0x9c, 0xff, 0xe0, 0x0, 0x0, 0x0, 0x0, 0x0,
    0x9c, 0xff, 0xe0, 0x0, 0x0, 0x0, 0x0, 0x0,
    0x9c, 0xff, 0xe0, 0x0, 0x0, 0x0, 0x0, 0x0,
    0x9c, 0xff, 0xf9, 0xcc, 0xcc, 0xcc, 0xcc, 0x56,
    0x9c, 0xff, 0xff, 0xff, 0xff, 0xff, 0xff, 0x6c,

    /* U+004D "M" */
    0x57, 0xff, 0xff, 0x37, 0x0, 0x0, 0x0, 0x0,
    0x0, 0xb0, 0xff, 0xd9, 0x0, 0x5b, 0xff, 0xff,
    0x6e, 0x0, 0x0, 0x0, 0x0, 0x0, 0xe7, 0xff,
    0xde, 0x0, 0x60, 0xff, 0xff, 0xa6, 0x0, 0x0,
    0x0, 0x0, 0x1f, 0xff, 0xff, 0xe3, 0x0, 0x65,
    0xff, 0xff, 0xdd, 0x0, 0x0, 0x0, 0x0, 0x56,
    0xff, 0xff, 0xe7, 0x0, 0x69, 0xff, 0xff, 0xff,
    0x15, 0x0, 0x0, 0x0, 0x8d, 0xff, 0xff, 0xec,
    0x0, 0x6e, 0xff, 0xdc, 0xff, 0x4c, 0x0, 0x0,
    0x0, 0xc5, 0xdd, 0xff, 0xf1, 0x0, 0x73, 0xff,
    0x9e, 0xff, 0x83, 0x0, 0x0, 0x5, 0xf7, 0x9f,
    0xfe, 0xf5, 0x0, 0x77, 0xff, 0x85, 0xd9, 0xba,
    0x0, 0x0, 0x33, 0xff, 0x64, 0xfb, 0xfa, 0x0,
    0x7c, 0xff, 0x81, 0x9f, 0xf0, 0x1, 0x0, 0x6b,
    0xff, 0x29, 0xf7, 0xff, 0x0, 0x81, 0xff, 0x7d,
    0x64, 0xff, 0x29, 0x0, 0xa2, 0xec, 0x1, 0xf4,
    0xff, 0x3, 0x85, 0xff, 0x79, 0x29, 0xff, 0x61,
    0x0, 0xda, 0xb2, 0x0, 0xf0, 0xff, 0x8, 0x8a,
    0xff, 0x75, 0x1, 0xed, 0x98, 0x12, 0xff, 0x77,
    0x0, 0xec, 0xff, 0xd, 0x8f, 0xff, 0x71, 0x0,
    0xb3, 0xcf, 0x48, 0xff, 0x3c, 0x0, 0xe9, 0xff,
    0x11, 0x93, 0xff, 0x6d, 0x0, 0x79, 0xfc, 0x8b,
    0xf9, 0x8, 0x0, 0xe5, 0xff, 0x16, 0x98, 0xff,
    0x69, 0x0, 0x3e, 0xff, 0xec, 0xc6, 0x0, 0x0,
    0xe1, 0xff, 0x1b, 0x9d, 0xff, 0x65, 0x0, 0x9,
    0xfa, 0xff, 0x8b, 0x0, 0x0, 0xde, 0xff, 0x1f,
    0xa1, 0xff, 0x61, 0x0, 0x0, 0xc8, 0xff, 0x50,
    0x0, 0x0, 0xda, 0xff, 0x24, 0xa6, 0xff, 0x5d,
    0x0, 0x0, 0x8d, 0xff, 0x16, 0x0, 0x0, 0xd6,
    0xff, 0x29,

    /* U+004E "N" */
    0x9c, 0xff, 0x49, 0x0, 0x0, 0x0, 0x0, 0xdc,
    0xff, 0x34, 0x9c, 0xff, 0xb6, 0x0, 0x0, 0x0,
    0x0, 0xdc, 0xff, 0x34, 0x9c, 0xff, 0xfe, 0x24,
    0x0, 0x0, 0x0, 0xdc, 0xff, 0x34, 0x9c, 0xff,
    0xff, 0x8f, 0x0, 0x0, 0x0, 0xdc, 0xff, 0x34,
    0x9c, 0xff, 0xff, 0xf0, 0xb, 0x0, 0x0, 0xdc,
    0xff, 0x34, 0x9c, 0xff, 0xfb, 0xff, 0x68, 0x0,
    0x0, 0xdc, 0xff, 0x34, 0x9c, 0xff, 0xac, 0xff,
    0xd3, 0x0, 0x0, 0xdc, 0xff, 0x34, 0x9c, 0xff,
    0x80, 0xc2, 0xff, 0x40, 0x0, 0xdc, 0xff, 0x34,
    0x9c, 0xff, 0x80, 0x57, 0xff, 0xad, 0x0, 0xdc,
    0xff, 0x34, 0x9c, 0xff, 0x80, 0x5, 0xe7, 0xfc,
    0x1d, 0xdc, 0xff, 0x34, 0x9c, 0xff, 0x80, 0x0,
    0x81, 0xff, 0x86, 0xdc, 0xff, 0x34, 0x9c, 0xff,
    0x80, 0x0, 0x1b, 0xfb, 0xea, 0xe3, 0xff, 0x34,
    0x9c, 0xff, 0x80, 0x0, 0x0, 0xac, 0xff, 0xff,
    0xff, 0x34, 0x9c, 0xff, 0x80, 0x0, 0x0, 0x41,
    0xff, 0xff, 0xff, 0x34, 0x9c, 0xff, 0x80, 0x0,
    0x0, 0x0, 0xd5, 0xff, 0xff, 0x34, 0x9c, 0xff,
    0x80, 0x0, 0x0, 0x0, 0x6b, 0xff, 0xff, 0x34,
    0x9c, 0xff, 0x80, 0x0, 0x0, 0x0, 0xd, 0xf2,
    0xff, 0x34, 0x9c, 0xff, 0x80, 0x0, 0x0, 0x0,
    0x0, 0x95, 0xff, 0x34,

    /* U+004F "O" */
    0x0, 0xa, 0x80, 0xd5, 0xf4, 0xf0, 0xce, 0x70,
    0x3, 0x0, 0x4, 0xc7, 0xff, 0xff, 0xfc, 0xfe,
    0xff, 0xff, 0xa6, 0x0, 0x64, 0xff, 0xfd, 0x5f,
    0x4, 0x7, 0x7b, 0xff, 0xff, 0x40, 0xb3, 0xff,
    0xbe, 0x0, 0x0, 0x0, 0x1, 0xe4, 0xff, 0x8f,
    0xdc, 0xff, 0x97, 0x0, 0x0, 0x0, 0x0, 0xbc,
    0xff, 0xb7, 0xed, 0xff, 0x90, 0x0, 0x0, 0x0,
    0x0, 0xb4, 0xff, 0xc8, 0xf0, 0xff, 0x90, 0x0,
    0x0, 0x0, 0x0, 0xb4, 0xff, 0xcc, 0xf0, 0xff,
    0x90, 0x0, 0x0, 0x0, 0x0, 0xb4, 0xff, 0xcc,
    0xf0, 0xff, 0x90, 0x0, 0x0, 0x0, 0x0, 0xb4,
    0xff, 0xcc, 0xf0, 0xff, 0x90, 0x0, 0x0, 0x0,
    0x0, 0xb4, 0xff, 0xcc, 0xf0, 0xff, 0x90, 0x0,
    0x0, 0x0, 0x0, 0xb4, 0xff, 0xcc, 0xf0, 0xff,
    0x90, 0x0, 0x0, 0x0, 0x0, 0xb4, 0xff, 0xcc,
    0xeb, 0xff, 0x90, 0x0, 0x0, 0x0, 0x0, 0xb4,
    0xff, 0xc7, 0xd9, 0xff, 0xa2, 0x0, 0x0, 0x0,
    0x0, 0xc8, 0xff, 0xb4, 0xae, 0xff, 0xc6, 0x0,
    0x0, 0x0, 0x2, 0xea, 0xff, 0x87, 0x5e, 0xff,
    0xff, 0x68, 0x9, 0xd, 0x84, 0xff, 0xff, 0x35,
    0x3, 0xc0, 0xff, 0xff, 0xff, 0xff, 0xff, 0xff,
    0x97, 0x0, 0x0, 0x9, 0x7d, 0xd5, 0xf4, 0xf1,
    0xcc, 0x69, 0x1, 0x0,

    /* U+0050 "P" */
    0x9c, 0xff, 0xff, 0xff, 0xff, 0xed, 0xbd, 0x44,
    0x0, 0x0, 0x9c, 0xff, 0xf9, 0xcc, 0xd3, 0xf3,
    0xff, 0xfc, 0x47, 0x0, 0x9c, 0xff, 0xe0, 0x0,
    0x0, 0x6, 0xaa, 0xff, 0xcb, 0x0, 0x9c, 0xff,
    0xe0, 0x0, 0x0, 0x0, 0x41, 0xff, 0xfe, 0x10,
    0x9c, 0xff, 0xe0, 0x0, 0x0, 0x0, 0x2a, 0xff,
    0xff, 0x29, 0x9c, 0xff, 0xe0, 0x0, 0x0, 0x0,
    0x2b, 0xff, 0xff, 0x29, 0x9c, 0xff, 0xe0, 0x0,
    0x0, 0x0, 0x51, 0xff, 0xfb, 0xc, 0x9c, 0xff,
    0xe0, 0x0, 0x8, 0x36, 0xd5, 0xff, 0xb2, 0x0,
    0x9c, 0xff, 0xff, 0xff, 0xff, 0xff, 0xff, 0xe7,
    0x24, 0x0, 0x9c, 0xff, 0xf9, 0xcc, 0xcb, 0xba,
    0x83, 0x18, 0x0, 0x0, 0x9c, 0xff, 0xe0, 0x0,
    0x0, 0x0, 0x0, 0x0, 0x0, 0x0, 0x9c, 0xff,
    0xe0, 0x0, 0x0, 0x0, 0x0, 0x0, 0x0, 0x0,
    0x9c, 0xff, 0xe0, 0x0, 0x0, 0x0, 0x0, 0x0,
    0x0, 0x0, 0x9c, 0xff, 0xe0, 0x0, 0x0, 0x0,
    0x0, 0x0, 0x0, 0x0, 0x9c, 0xff, 0xe0, 0x0,
    0x0, 0x0, 0x0, 0x0, 0x0, 0x0, 0x9c, 0xff,
    0xe0, 0x0, 0x0, 0x0, 0x0, 0x0, 0x0, 0x0,
    0x9c, 0xff, 0xe0, 0x0, 0x0, 0x0, 0x0, 0x0,
    0x0, 0x0, 0x9c, 0xff, 0xe0, 0x0, 0x0, 0x0,
    0x0, 0x0, 0x0, 0x0,

    /* U+0051 "Q" */
    0x0, 0xa, 0x80, 0xd5, 0xf4, 0xf0, 0xce, 0x71,
    0x3, 0x0, 0x4, 0xc7, 0xff, 0xff, 0xfc, 0xfe,
    0xff, 0xff, 0xaa, 0x0, 0x64, 0xff, 0xfd, 0x5f,
    0x4, 0x7, 0x76, 0xff, 0xff, 0x44, 0xb3, 0xff,
    0xbe, 0x0, 0x0, 0x0, 0x0, 0xde, 0xff, 0x95,
    0xdc, 0xff, 0x97, 0x0, 0x0, 0x0, 0x0, 0xb8,
    0xff, 0xbf, 0xed, 0xff, 0x90, 0x0, 0x0, 0x0,
    0x0, 0xb0, 0xff, 0xd0, 0xf0, 0xff, 0x90, 0x0,
    0x0, 0x0, 0x0, 0xb0, 0xff, 0xd4, 0xf0, 0xff,
    0x90, 0x0, 0x0, 0x0, 0x0, 0xb0, 0xff, 0xd4,
    0xf0, 0xff, 0x90, 0x0, 0x0, 0x0, 0x0, 0xb0,
    0xff, 0xd4, 0xf0, 0xff, 0x90, 0x0, 0x0, 0x0,
    0x0, 0xb0, 0xff, 0xd4, 0xf0, 0xff, 0x90, 0x0,
    0x0, 0x0, 0x0, 0xb0, 0xff, 0xd4, 0xf0, 0xff,
    0x90, 0x0, 0x0, 0x0, 0x0, 0xb0, 0xff, 0xd4,
    0xeb, 0xff, 0x90, 0x0, 0x0, 0x0, 0x0, 0xb0,
    0xff, 0xd0, 0xd9, 0xff, 0xa2, 0x0, 0x0, 0x0,
    0x0, 0xc3, 0xff, 0xbf, 0xae, 0xff, 0xc6, 0x0,
    0x0, 0x0, 0x1, 0xe4, 0xff, 0x92, 0x5e, 0xff,
    0xff, 0x68, 0x9, 0xd, 0x7f, 0xff, 0xff, 0x3b,
    0x3, 0xc0, 0xff, 0xff, 0xff, 0xff, 0xff, 0xff,
    0x9a, 0x0, 0x0, 0x9, 0x7d, 0xd5, 0xf4, 0xff,
    0xff, 0x8d, 0x2, 0x0, 0x0, 0x0, 0x0, 0x0,
    0x0, 0x44, 0xfe, 0xe1, 0x1a, 0x0, 0x0, 0x0,
    0x0, 0x0, 0x0, 0x0, 0x82, 0xff, 0xd1, 0x0,
    0x0, 0x0, 0x0, 0x0, 0x0, 0x0, 0x1, 0x9e,
    0xc0, 0x0, 0x0, 0x0, 0x0, 0x0, 0x0, 0x0,
    0x0, 0x1, 0x29, 0x0,

    /* U+0052 "R" */
    0x9c, 0xff, 0xff, 0xff, 0xf5, 0xdd, 0x9d, 0x29,
    0x0, 0x0, 0x9c, 0xff, 0xf9, 0xcc, 0xd5, 0xf9,
    0xff, 0xf9, 0x39, 0x0, 0x9c, 0xff, 0xe0, 0x0,
    0x0, 0x14, 0xd0, 0xff, 0xc7, 0x0, 0x9c, 0xff,
    0xe0, 0x0, 0x0, 0x0, 0x5f, 0xff, 0xff, 0x11,
    0x9c, 0xff, 0xe0, 0x0, 0x0, 0x0, 0x3a, 0xff,
    0xff, 0x2a, 0x9c, 0xff, 0xe0, 0x0, 0x0, 0x0,
    0x3b, 0xff, 0xff, 0x22, 0x9c, 0xff, 0xe0, 0x0,
    0x0, 0x0, 0x6e, 0xff, 0xfe, 0x7, 0x9c, 0xff,
    0xe0, 0x0, 0xe, 0x50, 0xeb, 0xff, 0xbe, 0x0,
    0x9c, 0xff, 0xff, 0xff, 0xff, 0xff, 0xff, 0xe8,
    0x2b, 0x0, 0x9c, 0xff, 0xf9, 0xcc, 0xd4, 0xff,
    0xff, 0x26, 0x0, 0x0, 0x9c, 0xff, 0xe0, 0x0,
    0x7, 0xf5, 0xff, 0x61, 0x0, 0x0, 0x9c, 0xff,
    0xe0, 0x0, 0x0, 0xb4, 0xff, 0xaa, 0x0, 0x0,
    0x9c, 0xff, 0xe0, 0x0, 0x0, 0x6c, 0xff, 0xef,
    0x4, 0x0, 0x9c, 0xff, 0xe0, 0x0, 0x0, 0x23,
    0xff, 0xff, 0x3d, 0x0, 0x9c, 0xff, 0xe0, 0x0,
    0x0, 0x0, 0xda, 0xff, 0x86, 0x0, 0x9c, 0xff,
    0xe0, 0x0, 0x0, 0x0, 0x92, 0xff, 0xd0, 0x0,
    0x9c, 0xff, 0xe0, 0x0, 0x0, 0x0, 0x49, 0xff,
    0xff, 0x1a, 0x9c, 0xff, 0xe0, 0x0, 0x0, 0x0,
    0x9, 0xf7, 0xff, 0x63,

    /* U+0053 "S" */
    0x0, 0x0, 0x49, 0xc2, 0xf4, 0xf8, 0xd5, 0x74,
    0x2, 0x0, 0x0, 0x54, 0xff, 0xff, 0xfc, 0xf8,
    0xff, 0xff, 0x91, 0x0, 0x0, 0xd8, 0xff, 0xa5,
    0xa, 0x2, 0x75, 0xff, 0xfc, 0x1d, 0xd, 0xff,
    0xff, 0x2e, 0x0, 0x0, 0x0, 0xda, 0xff, 0x64,
    0xf, 0xff, 0xff, 0x33, 0x0, 0x0, 0x0, 0xa7,
    0xd9, 0x55, 0x0, 0xea, 0xff, 0x9f, 0x0, 0x0,
    0x0, 0x7, 0x0, 0x0, 0x0, 0x8c, 0xff, 0xff,
    0x93, 0x2, 0x0, 0x0, 0x0, 0x0, 0x0, 0xb,
    0xc7, 0xff, 0xff, 0xb0, 0xa, 0x0, 0x0, 0x0,
    0x0, 0x0, 0xc, 0xb7, 0xff, 0xff, 0xca, 0x16,
    0x0, 0x0, 0x0, 0x0, 0x0, 0x4, 0x99, 0xff,
    0xff, 0xd6, 0x16, 0x0, 0x0, 0x0, 0x0, 0x0,
    0x0, 0x79, 0xff, 0xff, 0xbc, 0x2, 0x0, 0x0,
    0x0, 0x0, 0x0, 0x0, 0x75, 0xff, 0xff, 0x52,
    0x6, 0x56, 0x99, 0x17, 0x0, 0x0, 0x0, 0xc6,
    0xff, 0xae, 0xc, 0xff, 0xff, 0x44, 0x0, 0x0,
    0x0, 0x83, 0xff, 0xd0, 0x0, 0xdc, 0xff, 0x88,
    0x0, 0x0, 0x0, 0x89, 0xff, 0xc6, 0x0, 0x82,
    0xff, 0xf6, 0x4c, 0x6, 0x34, 0xe8, 0xff, 0x84,
    0x0, 0xb, 0xd3, 0xff, 0xff, 0xff, 0xff, 0xff,
    0xde, 0x12, 0x0, 0x0, 0x10, 0x8c, 0xde, 0xf8,
    0xe5, 0x9a, 0x15, 0x0,

    /* U+0054 "T" */
    0xac, 0xff, 0xff, 0xff, 0xff, 0xff, 0xff, 0xff,
    0xc0, 0x93, 0xdc, 0xdc, 0xf3, 0xff, 0xf9, 0xdc,
    0xdc, 0xa5, 0x0, 0x0, 0x0, 0xa8, 0xff, 0xd4,
    0x0, 0x0, 0x0, 0x0, 0x0, 0x0, 0xa8, 0xff,
    0xd4, 0x0, 0x0, 0x0, 0x0, 0x0, 0x0, 0xa8,
    0xff, 0xd4, 0x0, 0x0, 0x0, 0x0, 0x0, 0x0,
    0xa8, 0xff, 0xd4, 0x0, 0x0, 0x0, 0x0, 0x0,
    0x0, 0xa8, 0xff, 0xd4, 0x0, 0x0, 0x0, 0x0,
    0x0, 0x0, 0xa8, 0xff, 0xd4, 0x0, 0x0, 0x0,
    0x0, 0x0, 0x0, 0xa8, 0xff, 0xd4, 0x0, 0x0,
    0x0, 0x0, 0x0, 0x0, 0xa8, 0xff, 0xd4, 0x0,
    0x0, 0x0, 0x0, 0x0, 0x0, 0xa8, 0xff, 0xd4,
    0x0, 0x0, 0x0, 0x0, 0x0, 0x0, 0xa8, 0xff,
    0xd4, 0x0, 0x0, 0x0, 0x0, 0x0, 0x0, 0xa8,
    0xff, 0xd4, 0x0, 0x0, 0x0, 0x0, 0x0, 0x0,
    0xa8, 0xff, 0xd4, 0x0, 0x0, 0x0, 0x0, 0x0,
    0x0, 0xa8, 0xff, 0xd4, 0x0, 0x0, 0x0, 0x0,
    0x0, 0x0, 0xa8, 0xff, 0xd4, 0x0, 0x0, 0x0,
    0x0, 0x0, 0x0, 0xa8, 0xff, 0xd4, 0x0, 0x0,
    0x0, 0x0, 0x0, 0x0, 0xa8, 0xff, 0xd4, 0x0,
    0x0, 0x0,

    /* U+0055 "U" */
    0xc4, 0xff, 0x9c, 0x0, 0x0, 0x0, 0x0, 0xa4,
    0xff, 0xb8, 0xc4, 0xff, 0x9c, 0x0, 0x0, 0x0,
    0x0, 0xa4, 0xff, 0xb8, 0xc4, 0xff, 0x9c, 0x0,
    0x0, 0x0, 0x0, 0xa4, 0xff, 0xb8, 0xc4, 0xff,
    0x9c, 0x0, 0x0, 0x0, 0x0, 0xa4, 0xff, 0xb8,
    0xc4, 0xff, 0x9c, 0x0, 0x0, 0x0, 0x0, 0xa4,
    0xff, 0xb8, 0xc4, 0xff, 0x9c, 0x0, 0x0, 0x0,
    0x0, 0xa4, 0xff, 0xb8, 0xc4, 0xff, 0x9c, 0x0,
    0x0, 0x0, 0x0, 0xa4, 0xff, 0xb8, 0xc4, 0xff,
    0x9c, 0x0, 0x0, 0x0, 0x0, 0xa4, 0xff, 0xb8,
    0xc4, 0xff, 0x9c, 0x0, 0x0, 0x0, 0x0, 0xa4,
    0xff, 0xb8, 0xc4, 0xff, 0x9c, 0x0, 0x0, 0x0,
    0x0, 0xa4, 0xff, 0xb8, 0xc4, 0xff, 0x9c, 0x0,
    0x0, 0x0, 0x0, 0xa4, 0xff, 0xb8, 0xc3, 0xff,
    0x9c, 0x0, 0x0, 0x0, 0x0, 0xa4, 0xff, 0xb7,
    0xbb, 0xff, 0xa7, 0x0, 0x0, 0x0, 0x0, 0xb0,
    0xff, 0xae, 0xa9, 0xff, 0xba, 0x0, 0x0, 0x0,
    0x0, 0xc3, 0xff, 0x9c, 0x7f, 0xff, 0xe8, 0x3,
    0x0, 0x0, 0x4, 0xee, 0xff, 0x72, 0x33, 0xff,
    0xff, 0x8f, 0xf, 0x10, 0x93, 0xff, 0xfe, 0x28,
    0x0, 0xa5, 0xff, 0xff, 0xff, 0xff, 0xff, 0xff,
    0x98, 0x0, 0x0, 0x5, 0x75, 0xd2, 0xf2, 0xf1,
    0xd0, 0x6f, 0x3, 0x0,

    /* U+0056 "V" */
    0x64, 0xff, 0xf0, 0x1, 0x0, 0x0, 0x0, 0x0,
    0xc2, 0xff, 0x7f, 0x2b, 0xff, 0xff, 0x29, 0x0,
    0x0, 0x0, 0x2, 0xf3, 0xff, 0x47, 0x1, 0xf0,
    0xff, 0x5f, 0x0, 0x0, 0x0, 0x2a, 0xff, 0xfe,
    0x10, 0x0, 0xba, 0xff, 0x95, 0x0, 0x0, 0x0,
    0x5e, 0xff, 0xd7, 0x0, 0x0, 0x81, 0xff, 0xcc,
    0x0, 0x0, 0x0, 0x92, 0xff, 0x9f, 0x0, 0x0,
    0x49, 0xff, 0xfa, 0x7, 0x0, 0x0, 0xc6, 0xff,
    0x67, 0x0, 0x0, 0x11, 0xfe, 0xff, 0x38, 0x0,
    0x3, 0xf5, 0xff, 0x2f, 0x0, 0x0, 0x0, 0xd7,
    0xff, 0x6e, 0x0, 0x2d, 0xff, 0xf4, 0x3, 0x0,
    0x0, 0x0, 0x9f, 0xff, 0xa5, 0x0, 0x61, 0xff,
    0xbf, 0x0, 0x0, 0x0, 0x0, 0x66, 0xff, 0xdb,
    0x0, 0x95, 0xff, 0x87, 0x0, 0x0, 0x0, 0x0,
    0x2d, 0xff, 0xff, 0x12, 0xc9, 0xff, 0x4f, 0x0,
    0x0, 0x0, 0x0, 0x2, 0xf2, 0xff, 0x4c, 0xf7,
    0xff, 0x17, 0x0, 0x0, 0x0, 0x0, 0x0, 0xbc,
    0xff, 0xaf, 0xff, 0xdf, 0x0, 0x0, 0x0, 0x0,
    0x0, 0x0, 0x83, 0xff, 0xfc, 0xff, 0xa7, 0x0,
    0x0, 0x0, 0x0, 0x0, 0x0, 0x4b, 0xff, 0xff,
    0xff, 0x6f, 0x0, 0x0, 0x0, 0x0, 0x0, 0x0,
    0x13, 0xff, 0xff, 0xff, 0x37, 0x0, 0x0, 0x0,
    0x0, 0x0, 0x0, 0x0, 0xd9, 0xff, 0xf8, 0x6,
    0x0, 0x0, 0x0, 0x0, 0x0, 0x0, 0x0, 0xa0,
    0xff, 0xc7, 0x0, 0x0, 0x0, 0x0,

    /* U+0057 "W" */
    0x20, 0xff, 0xee, 0x0, 0x0, 0x0, 0x0, 0xeb,
    0xfd, 0xa, 0x0, 0x0, 0x0, 0xdb, 0xff, 0x2b,
    0x1, 0xf4, 0xff, 0x15, 0x0, 0x0, 0x1b, 0xff,
    0xff, 0x37, 0x0, 0x0, 0x4, 0xfa, 0xfc, 0x6,
    0x0, 0xcd, 0xff, 0x3b, 0x0, 0x0, 0x4a, 0xff,
    0xff, 0x67, 0x0, 0x0, 0x24, 0xff, 0xd9, 0x0,
    0x0, 0xa4, 0xff, 0x61, 0x0, 0x0, 0x7a, 0xff,
    0xff, 0x96, 0x0, 0x0, 0x48, 0xff, 0xb1, 0x0,
    0x0, 0x7a, 0xff, 0x87, 0x0, 0x0, 0xa9, 0xff,
    0xfa, 0xc6, 0x0, 0x0, 0x6d, 0xff, 0x88, 0x0,
    0x0, 0x51, 0xff, 0xad, 0x0, 0x0, 0xd8, 0xef,
    0xc1, 0xf3, 0x2, 0x0, 0x92, 0xff, 0x5f, 0x0,
    0x0, 0x28, 0xff, 0xd3, 0x0, 0xa, 0xfd, 0xc0,
    0x91, 0xff, 0x25, 0x0, 0xb6, 0xff, 0x37, 0x0,
    0x0, 0x4, 0xf9, 0xf7, 0x1, 0x37, 0xff, 0x90,
    0x61, 0xff, 0x55, 0x0, 0xdb, 0xff, 0xf, 0x0,
    0x0, 0x0, 0xd5, 0xff, 0x1f, 0x66, 0xff, 0x60,
    0x32, 0xff, 0x85, 0x4, 0xfb, 0xe5, 0x0, 0x0,
    0x0, 0x0, 0xac, 0xff, 0x45, 0x96, 0xff, 0x30,
    0x6, 0xfa, 0xb4, 0x24, 0xff, 0xbd, 0x0, 0x0,
    0x0, 0x0, 0x82, 0xff, 0x6b, 0xc5, 0xfa, 0x6,
    0x0, 0xd2, 0xe4, 0x49, 0xff, 0x94, 0x0, 0x0,
    0x0, 0x0, 0x59, 0xff, 0x92, 0xf2, 0xd0, 0x0,
    0x0, 0xa3, 0xff, 0x81, 0xff, 0x6b, 0x0, 0x0,
    0x0, 0x0, 0x30, 0xff, 0xda, 0xff, 0xa0, 0x0,
    0x0, 0x73, 0xff, 0xd6, 0xff, 0x43, 0x0, 0x0,
    0x0, 0x0, 0x8, 0xfd, 0xff, 0xff, 0x70, 0x0,
    0x0, 0x43, 0xff, 0xff, 0xff, 0x1a, 0x0, 0x0,
    0x0, 0x0, 0x0, 0xdd, 0xff, 0xff, 0x40, 0x0,
    0x0, 0x13, 0xff, 0xff, 0xf1, 0x0, 0x0, 0x0,
    0x0, 0x0, 0x0, 0xb4, 0xff, 0xff, 0x10, 0x0,
    0x0, 0x0, 0xe4, 0xff, 0xc9, 0x0, 0x0, 0x0,
    0x0, 0x0, 0x0, 0x8a, 0xff, 0xe0, 0x0, 0x0,
    0x0, 0x0, 0xb4, 0xff, 0xa0, 0x0, 0x0, 0x0,
    0x0, 0x0, 0x0, 0x61, 0xff, 0xb0, 0x0, 0x0,
    0x0, 0x0, 0x84, 0xff, 0x78, 0x0, 0x0, 0x0,

    /* U+0058 "X" */
    0x6e, 0xff, 0xdc, 0x2, 0x0, 0x0, 0x0, 0x5e,
    0xff, 0xe7, 0x5, 0xe, 0xf3, 0xff, 0x4b, 0x0,
    0x0, 0x0, 0xc0, 0xff, 0x80, 0x0, 0x0, 0x95,
    0xff, 0xb9, 0x0, 0x0, 0x24, 0xfe, 0xfa, 0x19,
    0x0, 0x0, 0x29, 0xff, 0xfe, 0x27, 0x0, 0x86,
    0xff, 0xa6, 0x0, 0x0, 0x0, 0x0, 0xbb, 0xff,
    0x94, 0x3, 0xe5, 0xff, 0x39, 0x0, 0x0, 0x0,
    0x0, 0x4f, 0xff, 0xf3, 0x59, 0xff, 0xcc, 0x0,
    0x0, 0x0, 0x0, 0x0, 0x2, 0xdf, 0xff, 0xf2,
    0xff, 0x5f, 0x0, 0x0, 0x0, 0x0, 0x0, 0x0,
    0x75, 0xff, 0xff, 0xeb, 0x7, 0x0, 0x0, 0x0,
    0x0, 0x0, 0x0, 0x1b, 0xff, 0xff, 0x8b, 0x0,
    0x0, 0x0, 0x0, 0x0, 0x0, 0x0, 0x5d, 0xff,
    0xff, 0xb5, 0x0, 0x0, 0x0, 0x0, 0x0, 0x0,
    0x0, 0xc2, 0xff, 0xff, 0xfe, 0x23, 0x0, 0x0,
    0x0, 0x0, 0x0, 0x27, 0xff, 0xf4, 0xcd, 0xff,
    0x8e, 0x0, 0x0, 0x0, 0x0, 0x0, 0x8c, 0xff,
    0xa1, 0x58, 0xff, 0xef, 0xb, 0x0, 0x0, 0x0,
    0x6, 0xea, 0xff, 0x42, 0x4, 0xe5, 0xff, 0x67,
    0x0, 0x0, 0x0, 0x56, 0xff, 0xe2, 0x2, 0x0,
    0x7c, 0xff, 0xd3, 0x0, 0x0, 0x0, 0xbb, 0xff,
    0x84, 0x0, 0x0, 0x16, 0xf8, 0xff, 0x40, 0x0,
    0x22, 0xfe, 0xff, 0x26, 0x0, 0x0, 0x0, 0xa1,
    0xff, 0xad, 0x0, 0x85, 0xff, 0xc7, 0x0, 0x0,
    0x0, 0x0, 0x33, 0xff, 0xfc, 0x1d,

    /* U+0059 "Y" */
    0x92, 0xff, 0xbb, 0x0, 0x0, 0x0, 0x0, 0x2c,
    0xff, 0xff, 0x25, 0x3d, 0xff, 0xfb, 0x10, 0x0,
    0x0, 0x0, 0x7b, 0xff, 0xd1, 0x0, 0x2, 0xe6,
    0xff, 0x5c, 0x0, 0x0, 0x0, 0xca, 0xff, 0x7d,
    0x0, 0x0, 0x94, 0xff, 0xac, 0x0, 0x0, 0x1a,
    0xfe, 0xff, 0x29, 0x0, 0x0, 0x40, 0xff, 0xf3,
    0x8, 0x0, 0x68, 0xff, 0xd5, 0x0, 0x0, 0x0,
    0x2, 0xe8, 0xff, 0x4c, 0x0, 0xb8, 0xff, 0x80,
    0x0, 0x0, 0x0, 0x0, 0x97, 0xff, 0x9c, 0xd,
    0xf9, 0xff, 0x2c, 0x0, 0x0, 0x0, 0x0, 0x42,
    0xff, 0xe9, 0x59, 0xff, 0xd8, 0x0, 0x0, 0x0,
    0x0, 0x0, 0x3, 0xea, 0xff, 0xda, 0xff, 0x84,
    0x0, 0x0, 0x0, 0x0, 0x0, 0x0, 0x99, 0xff,
    0xff, 0xff, 0x30, 0x0, 0x0, 0x0, 0x0, 0x0,
    0x0, 0x45, 0xff, 0xff, 0xdb, 0x0, 0x0, 0x0,
    0x0, 0x0, 0x0, 0x0, 0x4, 0xf1, 0xff, 0x8c,
    0x0, 0x0, 0x0, 0x0, 0x0, 0x0, 0x0, 0x0,
    0xe4, 0xff, 0x7c, 0x0, 0x0, 0x0, 0x0, 0x0,
    0x0, 0x0, 0x0, 0xe4, 0xff, 0x7c, 0x0, 0x0,
    0x0, 0x0, 0x0, 0x0, 0x0, 0x0, 0xe4, 0xff,
    0x7c, 0x0, 0x0, 0x0, 0x0, 0x0, 0x0, 0x0,
    0x0, 0xe4, 0xff, 0x7c, 0x0, 0x0, 0x0, 0x0,
    0x0, 0x0, 0x0, 0x0, 0xe4, 0xff, 0x7c, 0x0,
    0x0, 0x0, 0x0, 0x0, 0x0, 0x0, 0x0, 0xe4,
    0xff, 0x7c, 0x0, 0x0, 0x0, 0x0,

    /* U+005A "Z" */
    0x0, 0xd4, 0xff, 0xff, 0xff, 0xff, 0xff, 0xff,
    0xb8, 0x0, 0xa8, 0xcc, 0xcc, 0xcc, 0xcc, 0xfd,
    0xff, 0x91, 0x0, 0x0, 0x0, 0x0, 0x0, 0x2d,
    0xff, 0xff, 0x34, 0x0, 0x0, 0x0, 0x0, 0x0,
    0x8a, 0xff, 0xd6, 0x0, 0x0, 0x0, 0x0, 0x0,
    0x2, 0xe4, 0xff, 0x78, 0x0, 0x0, 0x0, 0x0,
    0x0, 0x44, 0xff, 0xfd, 0x1c, 0x0, 0x0, 0x0,
    0x0, 0x0, 0xa1, 0xff, 0xbd, 0x0, 0x0, 0x0,
    0x0, 0x0, 0xa, 0xf3, 0xff, 0x5f, 0x0, 0x0,
    0x0, 0x0, 0x0, 0x5c, 0xff, 0xf5, 0xc, 0x0,
    0x0, 0x0, 0x0, 0x0, 0xb9, 0xff, 0xa4, 0x0,
    0x0, 0x0, 0x0, 0x0, 0x19, 0xfc, 0xff, 0x46,
    0x0, 0x0, 0x0, 0x0, 0x0, 0x73, 0xff, 0xe5,
    0x2, 0x0, 0x0, 0x0, 0x0, 0x0, 0xd0, 0xff,
    0x8a, 0x0, 0x0, 0x0, 0x0, 0x0, 0x2c, 0xff,
    0xff, 0x2d, 0x0, 0x0, 0x0, 0x0, 0x0, 0x8a,
    0xff, 0xcf, 0x0, 0x0, 0x0, 0x0, 0x0, 0x2,
    0xe4, 0xff, 0x71, 0x0, 0x0, 0x0, 0x0, 0x0,
    0x26, 0xff, 0xff, 0xd7, 0xcc, 0xcc, 0xcc, 0xcc,
    0x92, 0x28, 0xff, 0xff, 0xff, 0xff, 0xff, 0xff,
    0xff, 0xb8,

    /* U+005B "[" */
    0x9c, 0xff, 0xff, 0xff, 0xff, 0x38, 0x9c, 0xff,
    0xca, 0x38, 0x38, 0xc, 0x9c, 0xff, 0xbc, 0x0,
    0x0, 0x0, 0x9c, 0xff, 0xbc, 0x0, 0x0, 0x0,
    0x9c, 0xff, 0xbc, 0x0, 0x0, 0x0, 0x9c, 0xff,
    0xbc, 0x0, 0x0, 0x0, 0x9c, 0xff, 0xbc, 0x0,
    0x0, 0x0, 0x9c, 0xff, 0xbc, 0x0, 0x0, 0x0,
    0x9c, 0xff, 0xbc, 0x0, 0x0, 0x0, 0x9c, 0xff,
    0xbc, 0x0, 0x0, 0x0, 0x9c, 0xff, 0xbc, 0x0,
    0x0, 0x0, 0x9c, 0xff, 0xbc, 0x0, 0x0, 0x0,
    0x9c, 0xff, 0xbc, 0x0, 0x0, 0x0, 0x9c, 0xff,
    0xbc, 0x0, 0x0, 0x0, 0x9c, 0xff, 0xbc, 0x0,
    0x0, 0x0, 0x9c, 0xff, 0xbc, 0x0, 0x0, 0x0,
    0x9c, 0xff, 0xbc, 0x0, 0x0, 0x0, 0x9c, 0xff,
    0xbc, 0x0, 0x0, 0x0, 0x9c, 0xff, 0xbc, 0x0,
    0x0, 0x0, 0x9c, 0xff, 0xbc, 0x0, 0x0, 0x0,
    0x9c, 0xff, 0xca, 0x38, 0x38, 0xc, 0x9c, 0xff,
    0xff, 0xff, 0xff, 0x38,

    /* U+005C "\\" */
    0x3a, 0xff, 0xc9, 0x0, 0x0, 0x0, 0x0, 0x0,
    0x4, 0xf1, 0xfd, 0x11, 0x0, 0x0, 0x0, 0x0,
    0x0, 0xb2, 0xff, 0x53, 0x0, 0x0, 0x0, 0x0,
    0x0, 0x6e, 0xff, 0x97, 0x0, 0x0, 0x0, 0x0,
    0x0, 0x29, 0xff, 0xdc, 0x0, 0x0, 0x0, 0x0,
    0x0, 0x0, 0xe4, 0xff, 0x21, 0x0, 0x0, 0x0,
    0x0, 0x0, 0xa1, 0xff, 0x65, 0x0, 0x0, 0x0,
    0x0, 0x0, 0x5d, 0xff, 0xaa, 0x0, 0x0, 0x0,
    0x0, 0x0, 0x19, 0xff, 0xed, 0x2, 0x0, 0x0,
    0x0, 0x0, 0x0, 0xd4, 0xff, 0x33, 0x0, 0x0,
    0x0, 0x0, 0x0, 0x90, 0xff, 0x78, 0x0, 0x0,
    0x0, 0x0, 0x0, 0x4c, 0xff, 0xbd, 0x0, 0x0,
    0x0, 0x0, 0x0, 0xc, 0xfa, 0xf8, 0x9, 0x0,
    0x0, 0x0, 0x0, 0x0, 0xc3, 0xff, 0x46, 0x0,
    0x0, 0x0, 0x0, 0x0, 0x7f, 0xff, 0x8b, 0x0,
    0x0, 0x0, 0x0, 0x0, 0x3b, 0xff, 0xcf, 0x0,
    0x0, 0x0, 0x0, 0x0, 0x4, 0xf2, 0xfe, 0x16,
    0x0, 0x0, 0x0, 0x0, 0x0, 0xb2, 0xff, 0x59,

    /* U+005D "]" */
    0x6c, 0xff, 0xff, 0xff, 0xff, 0x70, 0x19, 0x3c,
    0x3c, 0xf3, 0xff, 0x70, 0x0, 0x0, 0x0, 0xf0,
    0xff, 0x70, 0x0, 0x0, 0x0, 0xf0, 0xff, 0x70,
    0x0, 0x0, 0x0, 0xf0, 0xff, 0x70, 0x0, 0x0,
    0x0, 0xf0, 0xff, 0x70, 0x0, 0x0, 0x0, 0xf0,
    0xff, 0x70, 0x0, 0x0, 0x0, 0xf0, 0xff, 0x70,
    0x0, 0x0, 0x0, 0xf0, 0xff, 0x70, 0x0, 0x0,
    0x0, 0xf0, 0xff, 0x70, 0x0, 0x0, 0x0, 0xf0,
    0xff, 0x70, 0x0, 0x0, 0x0, 0xf0, 0xff, 0x70,
    0x0, 0x0, 0x0, 0xf0, 0xff, 0x70, 0x0, 0x0,
    0x0, 0xf0, 0xff, 0x70, 0x0, 0x0, 0x0, 0xf0,
    0xff, 0x70, 0x0, 0x0, 0x0, 0xf0, 0xff, 0x70,
    0x0, 0x0, 0x0, 0xf0, 0xff, 0x70, 0x0, 0x0,
    0x0, 0xf0, 0xff, 0x70, 0x0, 0x0, 0x0, 0xf0,
    0xff, 0x70, 0x0, 0x0, 0x0, 0xf0, 0xff, 0x70,
    0x17, 0x38, 0x38, 0xf3, 0xff, 0x70, 0x6c, 0xff,
    0xff, 0xff, 0xff, 0x70,

    /* U+005E "^" */
    0x0, 0x0, 0x0, 0x83, 0xff, 0xff, 0x49, 0x0,
    0x0, 0x0, 0x0, 0x0, 0x6, 0xe8, 0xf9, 0xff,
    0xb4, 0x0, 0x0, 0x0, 0x0, 0x0, 0x5b, 0xff,
    0x9c, 0xd5, 0xfd, 0x22, 0x0, 0x0, 0x0, 0x0,
    0xc7, 0xff, 0x3e, 0x7a, 0xff, 0x8b, 0x0, 0x0,
    0x0, 0x32, 0xff, 0xdf, 0x1, 0x1f, 0xfe, 0xed,
    0x9, 0x0, 0x0, 0x9f, 0xff, 0x83, 0x0, 0x0,
    0xc2, 0xff, 0x62, 0x0, 0x12, 0xf7, 0xff, 0x27,
    0x0, 0x0, 0x66, 0xff, 0xcd, 0x0,

    /* U+005F "_" */
    0xcc, 0xcc, 0xcc, 0xcc, 0xcc, 0xcc, 0xcc, 0x72,
    0xff, 0xff, 0xff, 0xff, 0xff, 0xff, 0xff, 0x90,

    /* U+0060 "`" */
    0x4f, 0x80, 0x56, 0x0, 0x37, 0xff, 0xe2, 0x0,
    0x0, 0xad, 0xff, 0x29, 0x0, 0x27, 0xfb, 0x70,
    0x0, 0x0, 0x99, 0xb8,

    /* U+0061 "a" */
    0x0, 0x11, 0x9b, 0xe7, 0xfa, 0xe0, 0x79, 0x0,
    0x0, 0x0, 0xbd, 0xff, 0xf7, 0xd6, 0xff, 0xff,
    0x56, 0x0, 0x29, 0xff, 0xff, 0x32, 0x0, 0xa4,
    0xff, 0xb9, 0x0, 0x57, 0xff, 0xf8, 0x0, 0x0,
    0x76, 0xff, 0xdb, 0x0, 0xd, 0x24, 0x22, 0x0,
    0x0, 0x71, 0xff, 0xeb, 0x0, 0x0, 0x0, 0x0,
    0x2b, 0x9e, 0xf7, 0xff, 0xec, 0x0, 0x0, 0x8,
    0x90, 0xfc, 0xe9, 0xb9, 0xff, 0xec, 0x0, 0x0,
    0xac, 0xff, 0xc6, 0x15, 0x70, 0xff, 0xec, 0x0,
    0x32, 0xff, 0xff, 0x1d, 0x0, 0x70, 0xff, 0xec,
    0x0, 0x67, 0xff, 0xf0, 0x0, 0x0, 0x70, 0xff,
    0xec, 0x0, 0x66, 0xff, 0xff, 0x47, 0x33, 0xdb,
    0xff, 0xef, 0x0, 0x1c, 0xf2, 0xff, 0xff, 0xff,
    0xac, 0xff, 0xfb, 0x0, 0x0, 0x47, 0xe1, 0xef,
    0x8f, 0x1c, 0xff, 0xff, 0x14,

    /* U+0062 "b" */
    0xc4, 0xff, 0x98, 0x0, 0x0, 0x0, 0x0, 0x0,
    0xc4, 0xff, 0x98, 0x0, 0x0, 0x0, 0x0, 0x0,
    0xc4, 0xff, 0x98, 0x0, 0x0, 0x0, 0x0, 0x0,
    0xc4, 0xff, 0x98, 0x0, 0x0, 0x0, 0x0, 0x0,
    0xc4, 0xff, 0x98, 0x0, 0x0, 0x0, 0x0, 0x0,
    0xc4, 0xff, 0x9b, 0x8c, 0xef, 0xeb, 0x73, 0x0,
    0xc4, 0xff, 0xfa, 0xfa, 0xee, 0xff, 0xff, 0x42,
    0xc4, 0xff, 0xbd, 0xd, 0x6, 0xd1, 0xff, 0x95,
    0xc4, 0xff, 0x98, 0x0, 0x0, 0x8f, 0xff, 0xca,
    0xc4, 0xff, 0x98, 0x0, 0x0, 0x7c, 0xff, 0xde,
    0xc4, 0xff, 0x98, 0x0, 0x0, 0x78, 0xff, 0xe4,
    0xc4, 0xff, 0x98, 0x0, 0x0, 0x78, 0xff, 0xe4,
    0xc4, 0xff, 0x98, 0x0, 0x0, 0x78, 0xff, 0xe3,
    0xc4, 0xff, 0x98, 0x0, 0x0, 0x7f, 0xff, 0xda,
    0xc4, 0xff, 0x98, 0x0, 0x0, 0x8c, 0xff, 0xc2,
    0xc4, 0xff, 0xb7, 0x8, 0x3, 0xcb, 0xff, 0x8f,
    0xc4, 0xff, 0xfe, 0xf8, 0xec, 0xff, 0xfb, 0x2e,
    0xc4, 0xff, 0xa0, 0x99, 0xf4, 0xde, 0x5a, 0x0,

    /* U+0063 "c" */
    0x0, 0x0, 0x72, 0xda, 0xf8, 0xeb, 0xa5, 0x14,
    0x0, 0x0, 0x65, 0xff, 0xfd, 0xcc, 0xf3, 0xff,
    0xb0, 0x0, 0x0, 0xc8, 0xff, 0x88, 0x0, 0x33,
    0xff, 0xf9, 0x6, 0x0, 0xf4, 0xff, 0x56, 0x0,
    0x5, 0xff, 0xff, 0x1c, 0x5, 0xff, 0xff, 0x4c,
    0x0, 0x0, 0xc0, 0xc0, 0x1b, 0xc, 0xff, 0xff,
    0x4c, 0x0, 0x0, 0x0, 0x0, 0x0, 0xc, 0xff,
    0xff, 0x4c, 0x0, 0x0, 0x0, 0x0, 0x0, 0xc,
    0xff, 0xff, 0x4c, 0x0, 0x0, 0x0, 0x0, 0x0,
    0x5, 0xff, 0xff, 0x4c, 0x0, 0x0, 0xf4, 0xf4,
    0x22, 0x0, 0xf4, 0xff, 0x57, 0x0, 0x7, 0xff,
    0xff, 0x1a, 0x0, 0xc8, 0xff, 0x91, 0x0, 0x36,
    0xff, 0xf6, 0x4, 0x0, 0x63, 0xff, 0xff, 0xce,
    0xed, 0xff, 0xa6, 0x0, 0x0, 0x0, 0x71, 0xda,
    0xf8, 0xea, 0xa0, 0xf, 0x0,

    /* U+0064 "d" */
    0x0, 0x0, 0x0, 0x0, 0x0, 0x0, 0xd0, 0xff,
    0x88, 0x0, 0x0, 0x0, 0x0, 0x0, 0x0, 0xd0,
    0xff, 0x88, 0x0, 0x0, 0x0, 0x0, 0x0, 0x0,
    0xd0, 0xff, 0x88, 0x0, 0x0, 0x0, 0x0, 0x0,
    0x0, 0xd0, 0xff, 0x88, 0x0, 0x0, 0x0, 0x0,
    0x0, 0x0, 0xd0, 0xff, 0x88, 0x0, 0x0, 0x85,
    0xe8, 0xee, 0x7f, 0xd3, 0xff, 0x88, 0x0, 0x5d,
    0xff, 0xff, 0xee, 0xfb, 0xff, 0xff, 0x88, 0x0,
    0xbb, 0xff, 0xb5, 0x1, 0x14, 0xe0, 0xff, 0x88,
    0x0, 0xe1, 0xff, 0x63, 0x0, 0x0, 0xd0, 0xff,
    0x88, 0x0, 0xf7, 0xff, 0x4e, 0x0, 0x0, 0xd0,
    0xff, 0x88, 0xa, 0xff, 0xff, 0x4c, 0x0, 0x0,
    0xd0, 0xff, 0x88, 0xc, 0xff, 0xff, 0x4c, 0x0,
    0x0, 0xd0, 0xff, 0x88, 0xb, 0xff, 0xff, 0x4c,
    0x0, 0x0, 0xd0, 0xff, 0x88, 0x6, 0xff, 0xff,
    0x52, 0x0, 0x0, 0xd0, 0xff, 0x88, 0x0, 0xf3,
    0xff, 0x64, 0x0, 0x0, 0xd0, 0xff, 0x88, 0x0,
    0xc7, 0xff, 0xb1, 0x1, 0x11, 0xde, 0xff, 0x88,
    0x0, 0x6c, 0xff, 0xff, 0xea, 0xf9, 0xff, 0xff,
    0x88, 0x0, 0x2, 0x88, 0xec, 0xf3, 0x88, 0xd3,
    0xff, 0x88,

    /* U+0065 "e" */
    0x0, 0x0, 0x67, 0xd6, 0xf7, 0xe8, 0xa5, 0x15,
    0x0, 0x0, 0x59, 0xff, 0xfd, 0xca, 0xed, 0xff,
    0xb2, 0x0, 0x0, 0xc1, 0xff, 0x85, 0x0, 0x39,
    0xff, 0xfc, 0x10, 0x0, 0xf1, 0xff, 0x54, 0x0,
    0x8, 0xff, 0xff, 0x36, 0x4, 0xff, 0xff, 0x54,
    0xc, 0xc, 0xff, 0xff, 0x47, 0xc, 0xff, 0xff,
    0xff, 0xff, 0xff, 0xff, 0xff, 0x4f, 0xc, 0xff,
    0xff, 0x76, 0x3c, 0x3c, 0x3c, 0x3c, 0x12, 0xc,
    0xff, 0xff, 0x4c, 0x0, 0x0, 0x0, 0x0, 0x0,
    0x5, 0xff, 0xff, 0x4c, 0x0, 0x0, 0xc0, 0xc0,
    0x38, 0x0, 0xf2, 0xff, 0x54, 0x0, 0x9, 0xff,
    0xff, 0x35, 0x0, 0xc4, 0xff, 0x99, 0x0, 0x3c,
    0xff, 0xfb, 0x12, 0x0, 0x5e, 0xff, 0xff, 0xd4,
    0xed, 0xff, 0xa4, 0x0, 0x0, 0x0, 0x6c, 0xd8,
    0xf8, 0xec, 0xa0, 0x10, 0x0,

    /* U+0066 "f" */
    0x0, 0x0, 0x22, 0xc2, 0xf7, 0xf2, 0x30, 0x0,
    0x0, 0xb2, 0xff, 0xf9, 0xd2, 0x31, 0x0, 0x0,
    0xf1, 0xff, 0x76, 0x0, 0x0, 0x0, 0x8, 0xff,
    0xff, 0x4f, 0x0, 0x0, 0x0, 0xf, 0xff, 0xff,
    0x4c, 0x0, 0x0, 0x94, 0xff, 0xff, 0xff, 0xff,
    0xff, 0x38, 0x6f, 0xc4, 0xff, 0xff, 0xd3, 0xc0,
    0x2a, 0x0, 0x10, 0xff, 0xff, 0x4c, 0x0, 0x0,
    0x0, 0x10, 0xff, 0xff, 0x4c, 0x0, 0x0, 0x0,
    0x10, 0xff, 0xff, 0x4c, 0x0, 0x0, 0x0, 0x10,
    0xff, 0xff, 0x4c, 0x0, 0x0, 0x0, 0x10, 0xff,
    0xff, 0x4c, 0x0, 0x0, 0x0, 0x10, 0xff, 0xff,
    0x4c, 0x0, 0x0, 0x0, 0x10, 0xff, 0xff, 0x4c,
    0x0, 0x0, 0x0, 0x10, 0xff, 0xff, 0x4c, 0x0,
    0x0, 0x0, 0x10, 0xff, 0xff, 0x4c, 0x0, 0x0,
    0x0, 0x10, 0xff, 0xff, 0x4c, 0x0, 0x0, 0x0,
    0x10, 0xff, 0xff, 0x4c, 0x0, 0x0,

    /* U+0067 "g" */
    0x0, 0x0, 0x0, 0x0, 0x0, 0x0, 0x0, 0x0,
    0x0, 0x3, 0x0, 0x0, 0x57, 0xd1, 0xf7, 0xde,
    0x6e, 0xf, 0x9c, 0x94, 0x0, 0x4f, 0xff, 0xfa,
    0xc1, 0xed, 0xff, 0xff, 0xe9, 0x86, 0x0, 0xc3,
    0xff, 0x74, 0x0, 0x32, 0xff, 0xfa, 0x6, 0x0,
    0x0, 0xf7, 0xff, 0x30, 0x0, 0x0, 0xf4, 0xff,
    0x22, 0x0, 0x7, 0xff, 0xff, 0x26, 0x0, 0x0,
    0xeb, 0xff, 0x36, 0x0, 0x0, 0xf7, 0xff, 0x32,
    0x0, 0x0, 0xf6, 0xff, 0x2a, 0x0, 0x0, 0xc1,
    0xff, 0x76, 0x0, 0x31, 0xff, 0xf5, 0x5, 0x0,
    0x0, 0x4b, 0xfe, 0xfb, 0xc5, 0xee, 0xff, 0x91,
    0x0, 0x0, 0x0, 0xd, 0xff, 0xff, 0xf7, 0xe6,
    0x8e, 0x6, 0x0, 0x0, 0x0, 0xaa, 0xfc, 0xd,
    0x0, 0x0, 0x0, 0x0, 0x0, 0x0, 0x0, 0xf8,
    0xff, 0xbe, 0x93, 0x7a, 0x54, 0x14, 0x0, 0x0,
    0x0, 0x9d, 0xff, 0xff, 0xff, 0xff, 0xff, 0xf1,
    0x46, 0x0, 0x0, 0x5f, 0xff, 0x85, 0x68, 0x8a,
    0xc9, 0xff, 0xd8, 0x0, 0x45, 0xfe, 0x9b, 0x0,
    0x0, 0x0, 0x2, 0xdf, 0xfe, 0x6, 0x87, 0xff,
    0xbb, 0x12, 0x0, 0x1, 0x3e, 0xf4, 0xf2, 0x0,
    0x4b, 0xff, 0xff, 0xff, 0xf5, 0xfc, 0xff, 0xff,
    0x85, 0x0, 0x0, 0x50, 0xba, 0xe0, 0xfa, 0xf0,
    0xc8, 0x69, 0x1, 0x0,

    /* U+0068 "h" */
    0xc0, 0xff, 0x9c, 0x0, 0x0, 0x0, 0x0, 0x0,
    0xc0, 0xff, 0x9c, 0x0, 0x0, 0x0, 0x0, 0x0,
    0xc0, 0xff, 0x9c, 0x0, 0x0, 0x0, 0x0, 0x0,
    0xc0, 0xff, 0x9c, 0x0, 0x0, 0x0, 0x0, 0x0,
    0xc0, 0xff, 0x9c, 0x0, 0x0, 0x0, 0x0, 0x0,
    0xc0, 0xff, 0x9c, 0x2f, 0xbb, 0xf5, 0xd2, 0x12,
    0xc0, 0xff, 0xdc, 0xf7, 0xeb, 0xff, 0xff, 0x7e,
    0xc0, 0xff, 0xd4, 0x24, 0x1, 0xcc, 0xff, 0xa8,
    0xc0, 0xff, 0x9c, 0x0, 0x0, 0xa9, 0xff, 0xb0,
    0xc0, 0xff, 0x9c, 0x0, 0x0, 0xa8, 0xff, 0xb0,
    0xc0, 0xff, 0x9c, 0x0, 0x0, 0xa8, 0xff, 0xb0,
    0xc0, 0xff, 0x9c, 0x0, 0x0, 0xa8, 0xff, 0xb0,
    0xc0, 0xff, 0x9c, 0x0, 0x0, 0xa8, 0xff, 0xb0,
    0xc0, 0xff, 0x9c, 0x0, 0x0, 0xa8, 0xff, 0xb0,
    0xc0, 0xff, 0x9c, 0x0, 0x0, 0xa8, 0xff, 0xb0,
    0xc0, 0xff, 0x9c, 0x0, 0x0, 0xa8, 0xff, 0xb0,
    0xc0, 0xff, 0x9c, 0x0, 0x0, 0xa8, 0xff, 0xb0,
    0xc0, 0xff, 0x9c, 0x0, 0x0, 0xa8, 0xff, 0xb0,

    /* U+0069 "i" */
    0xa8, 0xff, 0xb4, 0xa8, 0xff, 0xb4, 0x51, 0x7c,
    0x57, 0x0, 0x0, 0x0, 0x0, 0x0, 0x0, 0xa8,
    0xff, 0xb4, 0xa8, 0xff, 0xb4, 0xa8, 0xff, 0xb4,
    0xa8, 0xff, 0xb4, 0xa8, 0xff, 0xb4, 0xa8, 0xff,
    0xb4, 0xa8, 0xff, 0xb4, 0xa8, 0xff, 0xb4, 0xa8,
    0xff, 0xb4, 0xa8, 0xff, 0xb4, 0xa8, 0xff, 0xb4,
    0xa8, 0xff, 0xb4, 0xa8, 0xff, 0xb4,

    /* U+006A "j" */
    0x0, 0x0, 0x7c, 0xff, 0xe4, 0x0, 0x0, 0x7c,
    0xff, 0xe4, 0x0, 0x0, 0x3c, 0x7c, 0x6e, 0x0,
    0x0, 0x0, 0x0, 0x0, 0x0, 0x0, 0x0, 0x0,
    0x0, 0x0, 0x0, 0x7c, 0xff, 0xe0, 0x0, 0x0,
    0x7c, 0xff, 0xe0, 0x0, 0x0, 0x7c, 0xff, 0xe0,
    0x0, 0x0, 0x7c, 0xff, 0xe0, 0x0, 0x0, 0x7c,
    0xff, 0xe0, 0x0, 0x0, 0x7c, 0xff, 0xe0, 0x0,
    0x0, 0x7c, 0xff, 0xe0, 0x0, 0x0, 0x7c, 0xff,
    0xe0, 0x0, 0x0, 0x7c, 0xff, 0xe0, 0x0, 0x0,
    0x7c, 0xff, 0xe0, 0x0, 0x0, 0x7c, 0xff, 0xe0,
    0x0, 0x0, 0x7c, 0xff, 0xe0, 0x0, 0x0, 0x7c,
    0xff, 0xe0, 0x0, 0x0, 0x7f, 0xff, 0xde, 0x0,
    0x0, 0xb7, 0xff, 0xc2, 0x5b, 0xe1, 0xff, 0xff,
    0x70, 0x60, 0xfa, 0xe2, 0x82, 0x3,

    /* U+006B "k" */
    0xc4, 0xff, 0x98, 0x0, 0x0, 0x0, 0x0, 0x0,
    0x0, 0xc4, 0xff, 0x98, 0x0, 0x0, 0x0, 0x0,
    0x0, 0x0, 0xc4, 0xff, 0x98, 0x0, 0x0, 0x0,
    0x0, 0x0, 0x0, 0xc4, 0xff, 0x98, 0x0, 0x0,
    0x0, 0x0, 0x0, 0x0, 0xc4, 0xff, 0x98, 0x0,
    0x0, 0x0, 0x0, 0x0, 0x0, 0xc4, 0xff, 0x98,
    0x0, 0x0, 0x49, 0xff, 0xfd, 0x32, 0xc4, 0xff,
    0x98, 0x0, 0x8, 0xdd, 0xff, 0x98, 0x0, 0xc4,
    0xff, 0x98, 0x0, 0x82, 0xff, 0xee, 0x13, 0x0,
    0xc4, 0xff, 0x98, 0x24, 0xf8, 0xff, 0x6a, 0x0,
    0x0, 0xc4, 0xff, 0x98, 0xb8, 0xff, 0xd0, 0x3,
    0x0, 0x0, 0xc4, 0xff, 0xe1, 0xff, 0xff, 0xa4,
    0x0, 0x0, 0x0, 0xc4, 0xff, 0xff, 0xc8, 0xff,
    0xf4, 0xc, 0x0, 0x0, 0xc4, 0xff, 0xdf, 0xf,
    0xe9, 0xff, 0x5f, 0x0, 0x0, 0xc4, 0xff, 0x98,
    0x0, 0x92, 0xff, 0xbd, 0x0, 0x0, 0xc4, 0xff,
    0x98, 0x0, 0x36, 0xff, 0xfd, 0x1d, 0x0, 0xc4,
    0xff, 0x98, 0x0, 0x0, 0xd9, 0xff, 0x79, 0x0,
    0xc4, 0xff, 0x98, 0x0, 0x0, 0x7e, 0xff, 0xd6,
    0x0, 0xc4, 0xff, 0x98, 0x0, 0x0, 0x22, 0xff,
    0xff, 0x35,

    /* U+006C "l" */
    0x98, 0xff, 0xc4, 0x98, 0xff, 0xc4, 0x98, 0xff,
    0xc4, 0x98, 0xff, 0xc4, 0x98, 0xff, 0xc4, 0x98,
    0xff, 0xc4, 0x98, 0xff, 0xc4, 0x98, 0xff, 0xc4,
    0x98, 0xff, 0xc4, 0x98, 0xff, 0xc4, 0x98, 0xff,
    0xc4, 0x98, 0xff, 0xc4, 0x98, 0xff, 0xc4, 0x98,
    0xff, 0xc4, 0x98, 0xff, 0xc4, 0x98, 0xff, 0xc4,
    0x98, 0xff, 0xc4, 0x98, 0xff, 0xc4,

    /* U+006D "m" */
    0xd0, 0xff, 0x69, 0x8b, 0xe2, 0xf7, 0xb3, 0xe,
    0x6d, 0xd5, 0xf8, 0xc3, 0x18, 0xd0, 0xff, 0xf6,
    0x94, 0x63, 0xea, 0xff, 0xe0, 0xb5, 0x5f, 0xca,
    0xff, 0x98, 0xd0, 0xff, 0x75, 0x0, 0x0, 0x97,
    0xff, 0xb3, 0x0, 0x0, 0x5b, 0xff, 0xce, 0xd0,
    0xff, 0x5c, 0x0, 0x0, 0x8c, 0xff, 0x9c, 0x0,
    0x0, 0x50, 0xff, 0xd8, 0xd0, 0xff, 0x5c, 0x0,
    0x0, 0x8c, 0xff, 0x9c, 0x0, 0x0, 0x50, 0xff,
    0xd8, 0xd0, 0xff, 0x5c, 0x0, 0x0, 0x8c, 0xff,
    0x9c, 0x0, 0x0, 0x50, 0xff, 0xd8, 0xd0, 0xff,
    0x5c, 0x0, 0x0, 0x8c, 0xff, 0x9c, 0x0, 0x0,
    0x50, 0xff, 0xd8, 0xd0, 0xff, 0x5c, 0x0, 0x0,
    0x8c, 0xff, 0x9c, 0x0, 0x0, 0x50, 0xff, 0xd8,
    0xd0, 0xff, 0x5c, 0x0, 0x0, 0x8c, 0xff, 0x9c,
    0x0, 0x0, 0x50, 0xff, 0xd8, 0xd0, 0xff, 0x5c,
    0x0, 0x0, 0x8c, 0xff, 0x9c, 0x0, 0x0, 0x50,
    0xff, 0xd8, 0xd0, 0xff, 0x5c, 0x0, 0x0, 0x8c,
    0xff, 0x9c, 0x0, 0x0, 0x50, 0xff, 0xd8, 0xd0,
    0xff, 0x5c, 0x0, 0x0, 0x8c, 0xff, 0x9c, 0x0,
    0x0, 0x50, 0xff, 0xd8, 0xd0, 0xff, 0x5c, 0x0,
    0x0, 0x8c, 0xff, 0x9c, 0x0, 0x0, 0x50, 0xff,
    0xd8,

    /* U+006E "n" */
    0xd0, 0xff, 0x8c, 0x56, 0xce, 0xf7, 0xc0, 0xb,
    0xd0, 0xff, 0xf1, 0xe5, 0xc9, 0xff, 0xff, 0x61,
    0xd0, 0xff, 0xb3, 0x6, 0x0, 0xe2, 0xff, 0x88,
    0xd0, 0xff, 0x8c, 0x0, 0x0, 0xcc, 0xff, 0x90,
    0xd0, 0xff, 0x8c, 0x0, 0x0, 0xcc, 0xff, 0x90,
    0xd0, 0xff, 0x8c, 0x0, 0x0, 0xcc, 0xff, 0x90,
    0xd0, 0xff, 0x8c, 0x0, 0x0, 0xcc, 0xff, 0x90,
    0xd0, 0xff, 0x8c, 0x0, 0x0, 0xcc, 0xff, 0x90,
    0xd0, 0xff, 0x8c, 0x0, 0x0, 0xcc, 0xff, 0x90,
    0xd0, 0xff, 0x8c, 0x0, 0x0, 0xcc, 0xff, 0x90,
    0xd0, 0xff, 0x8c, 0x0, 0x0, 0xcc, 0xff, 0x90,
    0xd0, 0xff, 0x8c, 0x0, 0x0, 0xcc, 0xff, 0x90,
    0xd0, 0xff, 0x8c, 0x0, 0x0, 0xcc, 0xff, 0x90,

    /* U+006F "o" */
    0x0, 0x0, 0x60, 0xd4, 0xf7, 0xe7, 0x98, 0xc,
    0x0, 0x0, 0x54, 0xff, 0xff, 0xcd, 0xf0, 0xff,
    0xad, 0x0, 0x0, 0xc1, 0xff, 0x9d, 0x0, 0x43,
    0xff, 0xff, 0x19, 0x0, 0xf3, 0xff, 0x5e, 0x0,
    0x6, 0xff, 0xff, 0x4a, 0x4, 0xff, 0xff, 0x55,
    0x0, 0x0, 0xf9, 0xff, 0x5c, 0x8, 0xff, 0xff,
    0x54, 0x0, 0x0, 0xf8, 0xff, 0x60, 0x8, 0xff,
    0xff, 0x54, 0x0, 0x0, 0xf8, 0xff, 0x60, 0x8,
    0xff, 0xff, 0x54, 0x0, 0x0, 0xf8, 0xff, 0x60,
    0x4, 0xff, 0xff, 0x55, 0x0, 0x0, 0xf9, 0xff,
    0x5c, 0x0, 0xf3, 0xff, 0x5d, 0x0, 0x5, 0xff,
    0xff, 0x4a, 0x0, 0xc2, 0xff, 0x9b, 0x0, 0x41,
    0xff, 0xff, 0x1a, 0x0, 0x56, 0xff, 0xff, 0xcc,
    0xf0, 0xff, 0xb0, 0x0, 0x0, 0x0, 0x64, 0xd6,
    0xf8, 0xe9, 0x9b, 0xe, 0x0,

    /* U+0070 "p" */
    0xd0, 0xff, 0x9d, 0xa1, 0xf3, 0xea, 0x70, 0x0,
    0xd0, 0xff, 0xff, 0xd9, 0xca, 0xff, 0xff, 0x3e,
    0xd0, 0xff, 0xa4, 0x0, 0x0, 0xc5, 0xff, 0x90,
    0xd0, 0xff, 0x8c, 0x0, 0x0, 0x8f, 0xff, 0xc2,
    0xd0, 0xff, 0x8c, 0x0, 0x0, 0x7f, 0xff, 0xd6,
    0xd0, 0xff, 0x8c, 0x0, 0x0, 0x7c, 0xff, 0xdc,
    0xd0, 0xff, 0x8c, 0x0, 0x0, 0x7c, 0xff, 0xdc,
    0xd0, 0xff, 0x8c, 0x0, 0x0, 0x7c, 0xff, 0xdb,
    0xd0, 0xff, 0x8c, 0x0, 0x0, 0x85, 0xff, 0xd2,
    0xd0, 0xff, 0x8c, 0x0, 0x0, 0x95, 0xff, 0xba,
    0xd0, 0xff, 0xaf, 0x7, 0x5, 0xd3, 0xff, 0x87,
    0xd0, 0xff, 0xfd, 0xf7, 0xed, 0xff, 0xfa, 0x29,
    0xd0, 0xff, 0x95, 0x9e, 0xf5, 0xdc, 0x55, 0x0,
    0xd0, 0xff, 0x8c, 0x0, 0x0, 0x0, 0x0, 0x0,
    0xd0, 0xff, 0x8c, 0x0, 0x0, 0x0, 0x0, 0x0,
    0xd0, 0xff, 0x8c, 0x0, 0x0, 0x0, 0x0, 0x0,
    0xd0, 0xff, 0x8c, 0x0, 0x0, 0x0, 0x0, 0x0,

    /* U+0071 "q" */
    0x0, 0x0, 0x7f, 0xe6, 0xef, 0x82, 0xcf, 0xff,
    0x90, 0x0, 0x57, 0xff, 0xff, 0xee, 0xfb, 0xff,
    0xff, 0x90, 0x0, 0xb7, 0xff, 0xbc, 0x1, 0x13,
    0xde, 0xff, 0x90, 0x0, 0xdd, 0xff, 0x6b, 0x0,
    0x0, 0xcc, 0xff, 0x90, 0x0, 0xf4, 0xff, 0x56,
    0x0, 0x0, 0xcc, 0xff, 0x90, 0x6, 0xff, 0xff,
    0x54, 0x0, 0x0, 0xcc, 0xff, 0x90, 0x8, 0xff,
    0xff, 0x54, 0x0, 0x0, 0xcc, 0xff, 0x90, 0x7,
    0xff, 0xff, 0x54, 0x0, 0x0, 0xcc, 0xff, 0x90,
    0x2, 0xff, 0xff, 0x5a, 0x0, 0x0, 0xcc, 0xff,
    0x90, 0x0, 0xef, 0xff, 0x6c, 0x0, 0x0, 0xcc,
    0xff, 0x90, 0x0, 0xc3, 0xff, 0xb8, 0x2, 0xf,
    0xdb, 0xff, 0x90, 0x0, 0x68, 0xff, 0xff, 0xeb,
    0xf9, 0xff, 0xff, 0x90, 0x0, 0x1, 0x85, 0xeb,
    0xf3, 0x8b, 0xd0, 0xff, 0x90, 0x0, 0x0, 0x0,
    0x0, 0x0, 0x0, 0xcc, 0xff, 0x90, 0x0, 0x0,
    0x0, 0x0, 0x0, 0x0, 0xcc, 0xff, 0x90, 0x0,
    0x0, 0x0, 0x0, 0x0, 0x0, 0xcc, 0xff, 0x90,
    0x0, 0x0, 0x0, 0x0, 0x0, 0x0, 0xcc, 0xff,
    0x90,

    /* U+0072 "r" */
    0xc0, 0xff, 0x9c, 0x3d, 0xce, 0xc8, 0xc0, 0xff,
    0xc7, 0xf6, 0xff, 0xcc, 0xc0, 0xff, 0xff, 0x89,
    0x40, 0x4a, 0xc0, 0xff, 0xb1, 0x0, 0x0, 0x0,
    0xc0, 0xff, 0x9c, 0x0, 0x0, 0x0, 0xc0, 0xff,
    0x9c, 0x0, 0x0, 0x0, 0xc0, 0xff, 0x9c, 0x0,
    0x0, 0x0, 0xc0, 0xff, 0x9c, 0x0, 0x0, 0x0,
    0xc0, 0xff, 0x9c, 0x0, 0x0, 0x0, 0xc0, 0xff,
    0x9c, 0x0, 0x0, 0x0, 0xc0, 0xff, 0x9c, 0x0,
    0x0, 0x0, 0xc0, 0xff, 0x9c, 0x0, 0x0, 0x0,
    0xc0, 0xff, 0x9c, 0x0, 0x0, 0x0,

    /* U+0073 "s" */
    0x0, 0x15, 0xa4, 0xee, 0xee, 0xb2, 0x1d, 0x0,
    0x0, 0xbd, 0xff, 0xee, 0xd1, 0xff, 0xd7, 0x6,
    0x12, 0xff, 0xff, 0x24, 0x0, 0x9e, 0xff, 0x52,
    0x18, 0xff, 0xff, 0x19, 0x0, 0x3b, 0xb4, 0x37,
    0x1, 0xdb, 0xff, 0xc4, 0xf, 0x0, 0x0, 0x0,
    0x0, 0x38, 0xf6, 0xff, 0xd0, 0x18, 0x0, 0x0,
    0x0, 0x0, 0x44, 0xf0, 0xff, 0xde, 0x1d, 0x0,
    0x0, 0x0, 0x0, 0x29, 0xde, 0xff, 0xd3, 0x5,
    0x0, 0x0, 0x9, 0x0, 0x18, 0xe0, 0xff, 0x69,
    0x3f, 0xd7, 0xa8, 0x0, 0x0, 0x7b, 0xff, 0xa0,
    0x34, 0xff, 0xf3, 0x1c, 0x0, 0x87, 0xff, 0x90,
    0x0, 0xb8, 0xff, 0xf0, 0xcc, 0xfe, 0xfd, 0x38,
    0x0, 0xf, 0x97, 0xe4, 0xf7, 0xcc, 0x50, 0x0,

    /* U+0074 "t" */
    0x0, 0x2c, 0xff, 0xff, 0x30, 0x0, 0x0, 0x0,
    0x2c, 0xff, 0xff, 0x30, 0x0, 0x0, 0x0, 0x2c,
    0xff, 0xff, 0x30, 0x0, 0x0, 0x0, 0x2c, 0xff,
    0xff, 0x30, 0x0, 0x0, 0x84, 0xff, 0xff, 0xff,
    0xff, 0xff, 0x38, 0x4c, 0xa6, 0xff, 0xff, 0xa8,
    0x94, 0x20, 0x0, 0x2c, 0xff, 0xff, 0x30, 0x0,
    0x0, 0x0, 0x2c, 0xff, 0xff, 0x30, 0x0, 0x0,
    0x0, 0x2c, 0xff, 0xff, 0x30, 0x0, 0x0, 0x0,
    0x2c, 0xff, 0xff, 0x30, 0x0, 0x0, 0x0, 0x2c,
    0xff, 0xff, 0x30, 0x0, 0x0, 0x0, 0x2c, 0xff,
    0xff, 0x30, 0x0, 0x0, 0x0, 0x2c, 0xff, 0xff,
    0x30, 0x0, 0x0, 0x0, 0x2b, 0xff, 0xff, 0x30,
    0x0, 0x0, 0x0, 0x20, 0xff, 0xff, 0x50, 0x0,
    0x0, 0x0, 0x1, 0xe2, 0xff, 0xf7, 0xd6, 0x2c,
    0x0, 0x0, 0x3a, 0xd1, 0xfa, 0xf3, 0x2e,

    /* U+0075 "u" */
    0xe8, 0xff, 0x74, 0x0, 0x0, 0xe4, 0xff, 0x78,
    0xe8, 0xff, 0x74, 0x0, 0x0, 0xe4, 0xff, 0x78,
    0xe8, 0xff, 0x74, 0x0, 0x0, 0xe4, 0xff, 0x78,
    0xe8, 0xff, 0x74, 0x0, 0x0, 0xe4, 0xff, 0x78,
    0xe8, 0xff, 0x74, 0x0, 0x0, 0xe4, 0xff, 0x78,
    0xe8, 0xff, 0x74, 0x0, 0x0, 0xe4, 0xff, 0x78,
    0xe8, 0xff, 0x74, 0x0, 0x0, 0xe4, 0xff, 0x78,
    0xe8, 0xff, 0x74, 0x0, 0x0, 0xe4, 0xff, 0x78,
    0xe8, 0xff, 0x74, 0x0, 0x0, 0xe4, 0xff, 0x78,
    0xe8, 0xff, 0x74, 0x0, 0x0, 0xe4, 0xff, 0x78,
    0xe1, 0xff, 0x98, 0x0, 0x41, 0xf5, 0xff, 0x78,
    0xb7, 0xff, 0xff, 0xeb, 0xe9, 0xf4, 0xff, 0x78,
    0x35, 0xe6, 0xf0, 0xa6, 0x18, 0xe4, 0xff, 0x78,

    /* U+0076 "v" */
    0x94, 0xff, 0xc6, 0x0, 0x0, 0x38, 0xff, 0xfe,
    0xd, 0x62, 0xff, 0xed, 0x0, 0x0, 0x5f, 0xff,
    0xdc, 0x0, 0x30, 0xff, 0xff, 0x13, 0x0, 0x86,
    0xff, 0xac, 0x0, 0x5, 0xf9, 0xff, 0x39, 0x0,
    0xad, 0xff, 0x7c, 0x0, 0x0, 0xcd, 0xff, 0x60,
    0x0, 0xd4, 0xff, 0x4d, 0x0, 0x0, 0x9c, 0xff,
    0x86, 0x2, 0xf8, 0xff, 0x1d, 0x0, 0x0, 0x6a,
    0xff, 0xac, 0x22, 0xff, 0xed, 0x0, 0x0, 0x0,
    0x39, 0xff, 0xd2, 0x49, 0xff, 0xbe, 0x0, 0x0,
    0x0, 0xa, 0xfc, 0xf7, 0x72, 0xff, 0x8e, 0x0,
    0x0, 0x0, 0x0, 0xd6, 0xff, 0xb6, 0xff, 0x5e,
    0x0, 0x0, 0x0, 0x0, 0xa4, 0xff, 0xf8, 0xff,
    0x2f, 0x0, 0x0, 0x0, 0x0, 0x73, 0xff, 0xff,
    0xf9, 0x5, 0x0, 0x0, 0x0, 0x0, 0x41, 0xff,
    0xff, 0xcf, 0x0, 0x0, 0x0,

    /* U+0077 "w" */
    0x50, 0xff, 0x9d, 0x0, 0x0, 0x87, 0xff, 0x76,
    0x0, 0x0, 0xae, 0xff, 0x3a, 0x28, 0xff, 0xc0,
    0x0, 0x0, 0xb4, 0xff, 0xa3, 0x0, 0x0, 0xd2,
    0xff, 0x11, 0x4, 0xfa, 0xe4, 0x0, 0x0, 0xe1,
    0xff, 0xd0, 0x0, 0x0, 0xf4, 0xe7, 0x0, 0x0,
    0xd7, 0xfe, 0x9, 0xe, 0xff, 0xfe, 0xf9, 0x4,
    0x19, 0xff, 0xbe, 0x0, 0x0, 0xaf, 0xff, 0x2b,
    0x3b, 0xff, 0xbf, 0xff, 0x2b, 0x3d, 0xff, 0x94,
    0x0, 0x0, 0x87, 0xff, 0x4e, 0x68, 0xff, 0x5e,
    0xff, 0x58, 0x61, 0xff, 0x6b, 0x0, 0x0, 0x5e,
    0xff, 0x72, 0x95, 0xf8, 0xb, 0xfa, 0x86, 0x84,
    0xff, 0x41, 0x0, 0x0, 0x36, 0xff, 0x95, 0xc2,
    0xcd, 0x0, 0xd1, 0xb3, 0xa8, 0xff, 0x18, 0x0,
    0x0, 0xe, 0xff, 0xb9, 0xef, 0x9d, 0x0, 0xa0,
    0xe0, 0xcc, 0xee, 0x0, 0x0, 0x0, 0x0, 0xe5,
    0xf2, 0xff, 0x6e, 0x0, 0x6f, 0xff, 0xf5, 0xc5,
    0x0, 0x0, 0x0, 0x0, 0xbd, 0xff, 0xff, 0x3e,
    0x0, 0x3e, 0xff, 0xff, 0x9b, 0x0, 0x0, 0x0,
    0x0, 0x95, 0xff, 0xff, 0x10, 0x0, 0xe, 0xfe,
    0xff, 0x72, 0x0, 0x0, 0x0, 0x0, 0x6c, 0xff,
    0xdf, 0x0, 0x0, 0x0, 0xdc, 0xff, 0x48, 0x0,
    0x0,

    /* U+0078 "x" */
    0x82, 0xff, 0xbd, 0x0, 0x0, 0x2c, 0xff, 0xfc,
    0x21, 0x16, 0xf7, 0xff, 0x31, 0x0, 0x93, 0xff,
    0xaa, 0x0, 0x0, 0x9a, 0xff, 0xa5, 0xa, 0xef,
    0xff, 0x37, 0x0, 0x0, 0x27, 0xfe, 0xfb, 0x7f,
    0xff, 0xc4, 0x0, 0x0, 0x0, 0x0, 0xb1, 0xff,
    0xfe, 0xff, 0x50, 0x0, 0x0, 0x0, 0x0, 0x3d,
    0xff, 0xff, 0xdb, 0x2, 0x0, 0x0, 0x0, 0x0,
    0x19, 0xfd, 0xff, 0x8c, 0x0, 0x0, 0x0, 0x0,
    0x0, 0x80, 0xff, 0xff, 0xe3, 0x4, 0x0, 0x0,
    0x0, 0x4, 0xe5, 0xff, 0xee, 0xff, 0x5a, 0x0,
    0x0, 0x0, 0x56, 0xff, 0xc9, 0x73, 0xff, 0xcd,
    0x0, 0x0, 0x0, 0xc1, 0xff, 0x65, 0xd, 0xf0,
    0xff, 0x40, 0x0, 0x2c, 0xff, 0xf4, 0xd, 0x0,
    0x8b, 0xff, 0xb3, 0x0, 0x97, 0xff, 0x9d, 0x0,
    0x0, 0x1c, 0xfa, 0xfe, 0x27,

    /* U+0079 "y" */
    0x9f, 0xff, 0xba, 0x0, 0x0, 0x15, 0xff, 0xff,
    0x42, 0x63, 0xff, 0xe9, 0x0, 0x0, 0x42, 0xff,
    0xfc, 0xc, 0x27, 0xff, 0xff, 0x17, 0x0, 0x6e,
    0xff, 0xcf, 0x0, 0x0, 0xea, 0xff, 0x45, 0x0,
    0x9a, 0xff, 0x96, 0x0, 0x0, 0xaf, 0xff, 0x73,
    0x0, 0xc6, 0xff, 0x5c, 0x0, 0x0, 0x73, 0xff,
    0xa1, 0x0, 0xf1, 0xff, 0x23, 0x0, 0x0, 0x37,
    0xff, 0xcf, 0x1e, 0xff, 0xe9, 0x0, 0x0, 0x0,
    0x5, 0xf6, 0xf8, 0x4e, 0xff, 0xb0, 0x0, 0x0,
    0x0, 0x0, 0xc0, 0xff, 0xa1, 0xff, 0x76, 0x0,
    0x0, 0x0, 0x0, 0x84, 0xff, 0xf2, 0xff, 0x3d,
    0x0, 0x0, 0x0, 0x0, 0x47, 0xff, 0xff, 0xfa,
    0x9, 0x0, 0x0, 0x0, 0x0, 0xf, 0xfd, 0xff,
    0xc9, 0x0, 0x0, 0x0, 0x0, 0x0, 0x0, 0xd4,
    0xff, 0x90, 0x0, 0x0, 0x0, 0x0, 0x0, 0x3,
    0xd2, 0xff, 0x52, 0x0, 0x0, 0x0, 0x3, 0xd7,
    0xef, 0xff, 0xe0, 0xa, 0x0, 0x0, 0x0, 0x4,
    0xfc, 0xe7, 0xa8, 0x20, 0x0, 0x0, 0x0, 0x0,

    /* U+007A "z" */
    0x0, 0xe8, 0xff, 0xff, 0xff, 0xff, 0xff, 0x20,
    0x0, 0xb5, 0xc8, 0xc8, 0xe1, 0xff, 0xf8, 0xe,
    0x0, 0x0, 0x0, 0x0, 0xb3, 0xff, 0xa6, 0x0,
    0x0, 0x0, 0x0, 0x1d, 0xfc, 0xff, 0x41, 0x0,
    0x0, 0x0, 0x0, 0x82, 0xff, 0xdb, 0x1, 0x0,
    0x0, 0x0, 0x3, 0xe5, 0xff, 0x77, 0x0, 0x0,
    0x0, 0x0, 0x51, 0xff, 0xfb, 0x17, 0x0, 0x0,
    0x0, 0x0, 0xb8, 0xff, 0xad, 0x0, 0x0, 0x0,
    0x0, 0x21, 0xfe, 0xff, 0x48, 0x0, 0x0, 0x0,
    0x0, 0x87, 0xff, 0xe1, 0x2, 0x0, 0x0, 0x0,
    0x5, 0xe8, 0xff, 0x7e, 0x0, 0x0, 0x0, 0x0,
    0x43, 0xff, 0xff, 0xd9, 0xcc, 0xcc, 0xcc, 0x9,
    0x4c, 0xff, 0xff, 0xff, 0xff, 0xff, 0xff, 0xc,

    /* U+007B "{" */
    0x0, 0x0, 0x1c, 0xb6, 0xec, 0xfb, 0x17, 0x0,
    0x0, 0x9a, 0xff, 0xff, 0xd5, 0x12, 0x0, 0x0,
    0xc7, 0xff, 0xbc, 0x0, 0x0, 0x0, 0x0, 0xd3,
    0xff, 0xa1, 0x0, 0x0, 0x0, 0x0, 0xd7, 0xff,
    0xa0, 0x0, 0x0, 0x0, 0x0, 0xd8, 0xff, 0xa0,
    0x0, 0x0, 0x0, 0x0, 0xd8, 0xff, 0xa0, 0x0,
    0x0, 0x0, 0x0, 0xd8, 0xff, 0x9f, 0x0, 0x0,
    0x0, 0x0, 0xdf, 0xff, 0x95, 0x0, 0x0, 0x0,
    0x9, 0xf8, 0xff, 0x75, 0x0, 0x0, 0x14, 0xcd,
    0xff, 0xeb, 0x1b, 0x0, 0x0, 0x20, 0xff, 0xff,
    0xb1, 0x6, 0x0, 0x0, 0x0, 0x2f, 0xfe, 0xff,
    0x61, 0x0, 0x0, 0x0, 0x0, 0xe5, 0xff, 0x90,
    0x0, 0x0, 0x0, 0x0, 0xd9, 0xff, 0x9f, 0x0,
    0x0, 0x0, 0x0, 0xd8, 0xff, 0xa0, 0x0, 0x0,
    0x0, 0x0, 0xd8, 0xff, 0xa0, 0x0, 0x0, 0x0,
    0x0, 0xd7, 0xff, 0xa0, 0x0, 0x0, 0x0, 0x0,
    0xd4, 0xff, 0xa1, 0x0, 0x0, 0x0, 0x0, 0xc9,
    0xff, 0xb7, 0x0, 0x0, 0x0, 0x0, 0xa0, 0xff,
    0xff, 0xd2, 0x12, 0x0, 0x0, 0x21, 0xbc, 0xef,
    0xfc, 0x18,

    /* U+007C "|" */
    0x7c, 0xff, 0xb8, 0x7c, 0xff, 0xb8, 0x7c, 0xff,
    0xb8, 0x7c, 0xff, 0xb8, 0x7c, 0xff, 0xb8, 0x7c,
    0xff, 0xb8, 0x7c, 0xff, 0xb8, 0x7c, 0xff, 0xb8,
    0x7c, 0xff, 0xb8, 0x7c, 0xff, 0xb8, 0x7c, 0xff,
    0xb8, 0x7c, 0xff, 0xb8, 0x7c, 0xff, 0xb8, 0x7c,
    0xff, 0xb8, 0x7c, 0xff, 0xb8, 0x7c, 0xff, 0xb8,
    0x7c, 0xff, 0xb8, 0x7c, 0xff, 0xb8, 0x7c, 0xff,
    0xb8, 0x7c, 0xff, 0xb8, 0x7c, 0xff, 0xb8, 0x7c,
    0xff, 0xb8,

    /* U+007D "}" */
    0x7, 0xfb, 0xed, 0xbc, 0x22, 0x0, 0x0, 0x6,
    0xd1, 0xff, 0xff, 0xa6, 0x0, 0x0, 0x0, 0x0,
    0xb0, 0xff, 0xd3, 0x0, 0x0, 0x0, 0x0, 0x93,
    0xff, 0xe2, 0x0, 0x0, 0x0, 0x0, 0x90, 0xff,
    0xe7, 0x0, 0x0, 0x0, 0x0, 0x90, 0xff, 0xe8,
    0x0, 0x0, 0x0, 0x0, 0x90, 0xff, 0xe8, 0x0,
    0x0, 0x0, 0x0, 0x8f, 0xff, 0xe8, 0x0, 0x0,
    0x0, 0x0, 0x86, 0xff, 0xee, 0x0, 0x0, 0x0,
    0x0, 0x67, 0xff, 0xfe, 0x10, 0x0, 0x0, 0x0,
    0x15, 0xe3, 0xff, 0xd7, 0x1f, 0x0, 0x0, 0x3,
    0xa3, 0xff, 0xff, 0x30, 0x0, 0x0, 0x53, 0xff,
    0xff, 0x40, 0x1, 0x0, 0x0, 0x82, 0xff, 0xf2,
    0x0, 0x0, 0x0, 0x0, 0x8f, 0xff, 0xe9, 0x0,
    0x0, 0x0, 0x0, 0x90, 0xff, 0xe8, 0x0, 0x0,
    0x0, 0x0, 0x90, 0xff, 0xe8, 0x0, 0x0, 0x0,
    0x0, 0x90, 0xff, 0xe7, 0x0, 0x0, 0x0, 0x0,
    0x93, 0xff, 0xe3, 0x0, 0x0, 0x0, 0x0, 0xab,
    0xff, 0xd6, 0x0, 0x0, 0x6, 0xce, 0xff, 0xff,
    0xac, 0x0, 0x0, 0x8, 0xfd, 0xf0, 0xc1, 0x27,
    0x0, 0x0,

    /* U+007E "~" */
    0x0, 0x23, 0xb2, 0xf4, 0xb4, 0x3b, 0x0, 0x3a,
    0x52, 0x0, 0xf, 0xec, 0xff, 0xf5, 0xff, 0xff,
    0xf4, 0xff, 0xc8, 0x1, 0x0, 0x5d, 0x29, 0x2,
    0x50, 0xc4, 0xf7, 0xa1, 0xe, 0x0
};

/*---------------------
 *  GLYPH DESCRIPTION
 *--------------------*/

static const lv_font_fmt_txt_glyph_dsc_t glyph_dsc[] = {
    {.bitmap_index = 0, .adv_w = 0, .box_w = 0, .box_h = 0, .ofs_x = 0, .ofs_y = 0} /* id = 0 reserved */,
    {.bitmap_index = 0, .adv_w = 81, .box_w = 0, .box_h = 0, .ofs_x = 0, .ofs_y = 0},
    {.bitmap_index = 0, .adv_w = 73, .box_w = 3, .box_h = 18, .ofs_x = 1, .ofs_y = 0},
    {.bitmap_index = 54, .adv_w = 94, .box_w = 6, .box_h = 6, .ofs_x = 0, .ofs_y = 12},
    {.bitmap_index = 90, .adv_w = 171, .box_w = 11, .box_h = 18, .ofs_x = 0, .ofs_y = 0},
    {.bitmap_index = 288, .adv_w = 173, .box_w = 10, .box_h = 22, .ofs_x = 0, .ofs_y = -2},
    {.bitmap_index = 508, .adv_w = 314, .box_w = 19, .box_h = 18, .ofs_x = 0, .ofs_y = 0},
    {.bitmap_index = 850, .adv_w = 213, .box_w = 12, .box_h = 18, .ofs_x = 1, .ofs_y = 0},
    {.bitmap_index = 1066, .adv_w = 45, .box_w = 3, .box_h = 6, .ofs_x = 0, .ofs_y = 12},
    {.bitmap_index = 1084, .adv_w = 105, .box_w = 5, .box_h = 23, .ofs_x = 1, .ofs_y = -5},
    {.bitmap_index = 1199, .adv_w = 92, .box_w = 5, .box_h = 23, .ofs_x = 0, .ofs_y = -5},
    {.bitmap_index = 1314, .adv_w = 140, .box_w = 9, .box_h = 8, .ofs_x = 0, .ofs_y = 10},
    {.bitmap_index = 1386, .adv_w = 146, .box_w = 9, .box_h = 10, .ofs_x = 0, .ofs_y = 5},
    {.bitmap_index = 1476, .adv_w = 66, .box_w = 4, .box_h = 6, .ofs_x = 0, .ofs_y = -3},
    {.bitmap_index = 1500, .adv_w = 107, .box_w = 6, .box_h = 2, .ofs_x = 0, .ofs_y = 6},
    {.bitmap_index = 1512, .adv_w = 66, .box_w = 3, .box_h = 3, .ofs_x = 1, .ofs_y = 0},
    {.bitmap_index = 1521, .adv_w = 130, .box_w = 8, .box_h = 18, .ofs_x = 0, .ofs_y = 0},
    {.bitmap_index = 1665, .adv_w = 182, .box_w = 10, .box_h = 18, .ofs_x = 1, .ofs_y = 0},
    {.bitmap_index = 1845, .adv_w = 133, .box_w = 7, .box_h = 18, .ofs_x = 0, .ofs_y = 0},
    {.bitmap_index = 1971, .adv_w = 168, .box_w = 10, .box_h = 18, .ofs_x = 0, .ofs_y = 0},
    {.bitmap_index = 2151, .adv_w = 168, .box_w = 10, .box_h = 18, .ofs_x = 0, .ofs_y = 0},
    {.bitmap_index = 2331, .adv_w = 170, .box_w = 11, .box_h = 18, .ofs_x = 0, .ofs_y = 0},
    {.bitmap_index = 2529, .adv_w = 168, .box_w = 9, .box_h = 18, .ofs_x = 1, .ofs_y = 0},
    {.bitmap_index = 2691, .adv_w = 177, .box_w = 10, .box_h = 18, .ofs_x = 1, .ofs_y = 0},
    {.bitmap_index = 2871, .adv_w = 136, .box_w = 8, .box_h = 18, .ofs_x = 0, .ofs_y = 0},
    {.bitmap_index = 3015, .adv_w = 176, .box_w = 9, .box_h = 18, .ofs_x = 1, .ofs_y = 0},
    {.bitmap_index = 3177, .adv_w = 177, .box_w = 10, .box_h = 18, .ofs_x = 0, .ofs_y = 0},
    {.bitmap_index = 3357, .adv_w = 69, .box_w = 3, .box_h = 10, .ofs_x = 1, .ofs_y = 2},
    {.bitmap_index = 3387, .adv_w = 76, .box_w = 3, .box_h = 14, .ofs_x = 1, .ofs_y = -1},
    {.bitmap_index = 3429, .adv_w = 131, .box_w = 7, .box_h = 10, .ofs_x = 0, .ofs_y = 4},
    {.bitmap_index = 3499, .adv_w = 146, .box_w = 7, .box_h = 6, .ofs_x = 1, .ofs_y = 6},
    {.bitmap_index = 3541, .adv_w = 131, .box_w = 7, .box_h = 10, .ofs_x = 1, .ofs_y = 4},
    {.bitmap_index = 3611, .adv_w = 170, .box_w = 9, .box_h = 18, .ofs_x = 1, .ofs_y = 0},
    {.bitmap_index = 3773, .adv_w = 318, .box_w = 18, .box_h = 21, .ofs_x = 1, .ofs_y = -3},
    {.bitmap_index = 4151, .adv_w = 173, .box_w = 11, .box_h = 18, .ofs_x = 0, .ofs_y = 0},
    {.bitmap_index = 4349, .adv_w = 184, .box_w = 10, .box_h = 18, .ofs_x = 1, .ofs_y = 0},
    {.bitmap_index = 4529, .adv_w = 181, .box_w = 10, .box_h = 18, .ofs_x = 1, .ofs_y = 0},
    {.bitmap_index = 4709, .adv_w = 186, .box_w = 10, .box_h = 18, .ofs_x = 1, .ofs_y = 0},
    {.bitmap_index = 4889, .adv_w = 143, .box_w = 8, .box_h = 18, .ofs_x = 1, .ofs_y = 0},
    {.bitmap_index = 5033, .adv_w = 138, .box_w = 8, .box_h = 18, .ofs_x = 1, .ofs_y = 0},
    {.bitmap_index = 5177, .adv_w = 188, .box_w = 10, .box_h = 18, .ofs_x = 1, .ofs_y = 0},
    {.bitmap_index = 5357, .adv_w = 197, .box_w = 10, .box_h = 18, .ofs_x = 1, .ofs_y = 0},
    {.bitmap_index = 5537, .adv_w = 87, .box_w = 3, .box_h = 18, .ofs_x = 1, .ofs_y = 0},
    {.bitmap_index = 5591, .adv_w = 106, .box_w = 6, .box_h = 18, .ofs_x = 0, .ofs_y = 0},
    {.bitmap_index = 5699, .adv_w = 174, .box_w = 10, .box_h = 18, .ofs_x = 1, .ofs_y = 0},
    {.bitmap_index = 5879, .adv_w = 140, .box_w = 8, .box_h = 18, .ofs_x = 1, .ofs_y = 0},
    {.bitmap_index = 6023, .adv_w = 232, .box_w = 13, .box_h = 18, .ofs_x = 1, .ofs_y = 0},
    {.bitmap_index = 6257, .adv_w = 186, .box_w = 10, .box_h = 18, .ofs_x = 1, .ofs_y = 0},
    {.bitmap_index = 6437, .adv_w = 190, .box_w = 10, .box_h = 18, .ofs_x = 1, .ofs_y = 0},
    {.bitmap_index = 6617, .adv_w = 169, .box_w = 10, .box_h = 18, .ofs_x = 1, .ofs_y = 0},
    {.bitmap_index = 6797, .adv_w = 190, .box_w = 10, .box_h = 22, .ofs_x = 1, .ofs_y = -4},
    {.bitmap_index = 7017, .adv_w = 183, .box_w = 10, .box_h = 18, .ofs_x = 1, .ofs_y = 0},
    {.bitmap_index = 7197, .adv_w = 166, .box_w = 10, .box_h = 18, .ofs_x = 0, .ofs_y = 0},
    {.bitmap_index = 7377, .adv_w = 145, .box_w = 9, .box_h = 18, .ofs_x = 0, .ofs_y = 0},
    {.bitmap_index = 7539, .adv_w = 191, .box_w = 10, .box_h = 18, .ofs_x = 1, .ofs_y = 0},
    {.bitmap_index = 7719, .adv_w = 178, .box_w = 11, .box_h = 18, .ofs_x = 0, .ofs_y = 0},
    {.bitmap_index = 7917, .adv_w = 257, .box_w = 16, .box_h = 18, .ofs_x = 0, .ofs_y = 0},
    {.bitmap_index = 8205, .adv_w = 170, .box_w = 11, .box_h = 18, .ofs_x = 0, .ofs_y = 0},
    {.bitmap_index = 8403, .adv_w = 169, .box_w = 11, .box_h = 18, .ofs_x = 0, .ofs_y = 0},
    {.bitmap_index = 8601, .adv_w = 147, .box_w = 9, .box_h = 18, .ofs_x = 0, .ofs_y = 0},
    {.bitmap_index = 8763, .adv_w = 120, .box_w = 6, .box_h = 22, .ofs_x = 1, .ofs_y = -4},
    {.bitmap_index = 8895, .adv_w = 130, .box_w = 8, .box_h = 18, .ofs_x = 0, .ofs_y = 0},
    {.bitmap_index = 9039, .adv_w = 109, .box_w = 6, .box_h = 22, .ofs_x = 0, .ofs_y = -4},
    {.bitmap_index = 9171, .adv_w = 156, .box_w = 10, .box_h = 7, .ofs_x = 0, .ofs_y = 11},
    {.bitmap_index = 9241, .adv_w = 121, .box_w = 8, .box_h = 2, .ofs_x = 0, .ofs_y = -3},
    {.bitmap_index = 9257, .adv_w = 98, .box_w = 4, .box_h = 5, .ofs_x = 1, .ofs_y = 14},
    {.bitmap_index = 9277, .adv_w = 144, .box_w = 9, .box_h = 13, .ofs_x = 0, .ofs_y = 0},
    {.bitmap_index = 9394, .adv_w = 157, .box_w = 8, .box_h = 18, .ofs_x = 1, .ofs_y = 0},
    {.bitmap_index = 9538, .adv_w = 145, .box_w = 9, .box_h = 13, .ofs_x = 0, .ofs_y = 0},
    {.bitmap_index = 9655, .adv_w = 156, .box_w = 9, .box_h = 18, .ofs_x = 0, .ofs_y = 0},
    {.bitmap_index = 9817, .adv_w = 148, .box_w = 9, .box_h = 13, .ofs_x = 0, .ofs_y = 0},
    {.bitmap_index = 9934, .adv_w = 101, .box_w = 7, .box_h = 18, .ofs_x = 0, .ofs_y = 0},
    {.bitmap_index = 10060, .adv_w = 155, .box_w = 10, .box_h = 18, .ofs_x = 0, .ofs_y = -4},
    {.bitmap_index = 10240, .adv_w = 157, .box_w = 8, .box_h = 18, .ofs_x = 1, .ofs_y = 0},
    {.bitmap_index = 10384, .adv_w = 81, .box_w = 3, .box_h = 18, .ofs_x = 1, .ofs_y = 0},
    {.bitmap_index = 10438, .adv_w = 81, .box_w = 5, .box_h = 22, .ofs_x = -1, .ofs_y = -4},
    {.bitmap_index = 10548, .adv_w = 151, .box_w = 9, .box_h = 18, .ofs_x = 1, .ofs_y = 0},
    {.bitmap_index = 10710, .adv_w = 81, .box_w = 3, .box_h = 18, .ofs_x = 1, .ofs_y = 0},
    {.bitmap_index = 10764, .adv_w = 239, .box_w = 13, .box_h = 13, .ofs_x = 1, .ofs_y = 0},
    {.bitmap_index = 10933, .adv_w = 155, .box_w = 8, .box_h = 13, .ofs_x = 1, .ofs_y = 0},
    {.bitmap_index = 11037, .adv_w = 150, .box_w = 9, .box_h = 13, .ofs_x = 0, .ofs_y = 0},
    {.bitmap_index = 11154, .adv_w = 157, .box_w = 8, .box_h = 17, .ofs_x = 1, .ofs_y = -4},
    {.bitmap_index = 11290, .adv_w = 156, .box_w = 9, .box_h = 17, .ofs_x = 0, .ofs_y = -4},
    {.bitmap_index = 11443, .adv_w = 113, .box_w = 6, .box_h = 13, .ofs_x = 1, .ofs_y = 0},
    {.bitmap_index = 11521, .adv_w = 132, .box_w = 8, .box_h = 13, .ofs_x = 0, .ofs_y = 0},
    {.bitmap_index = 11625, .adv_w = 108, .box_w = 7, .box_h = 17, .ofs_x = 0, .ofs_y = 0},
    {.bitmap_index = 11744, .adv_w = 155, .box_w = 8, .box_h = 13, .ofs_x = 1, .ofs_y = 0},
    {.bitmap_index = 11848, .adv_w = 136, .box_w = 9, .box_h = 13, .ofs_x = 0, .ofs_y = 0},
    {.bitmap_index = 11965, .adv_w = 207, .box_w = 13, .box_h = 13, .ofs_x = 0, .ofs_y = 0},
    {.bitmap_index = 12134, .adv_w = 137, .box_w = 9, .box_h = 13, .ofs_x = 0, .ofs_y = 0},
    {.bitmap_index = 12251, .adv_w = 138, .box_w = 9, .box_h = 16, .ofs_x = 0, .ofs_y = -3},
    {.bitmap_index = 12395, .adv_w = 122, .box_w = 8, .box_h = 13, .ofs_x = 0, .ofs_y = 0},
    {.bitmap_index = 12499, .adv_w = 106, .box_w = 7, .box_h = 22, .ofs_x = 0, .ofs_y = -4},
    {.bitmap_index = 12653, .adv_w = 84, .box_w = 3, .box_h = 22, .ofs_x = 1, .ofs_y = -4},
    {.bitmap_index = 12719, .adv_w = 113, .box_w = 7, .box_h = 22, .ofs_x = 0, .ofs_y = -4},
    {.bitmap_index = 12873, .adv_w = 157, .box_w = 10, .box_h = 3, .ofs_x = 0, .ofs_y = 8}
};

/*---------------------
 *  CHARACTER MAPPING
 *--------------------*/

/*Collect the unicode lists and glyph_id offsets*/
static const lv_font_fmt_txt_cmap_t cmaps[] =
{
    {
        .range_start = 32, .range_length = 95, .glyph_id_start = 1,
        .unicode_list = NULL, .glyph_id_ofs_list = NULL, .list_length = 0, .type = LV_FONT_FMT_TXT_CMAP_FORMAT0_TINY
    }
};

/*-----------------
 *    KERNING
 *----------------*/

/*Pair left and right glyphs for kerning*/
static const uint8_t kern_pair_glyph_ids[] =
{
    3, 34,
    3, 36,
    3, 40,
    3, 43,
    3, 48,
    3, 50,
    3, 66,
    3, 68,
    3, 69,
    3, 70,
    3, 72,
    3, 80,
    3, 82,
    3, 84,
    7, 53,
    8, 34,
    8, 36,
    8, 40,
    8, 43,
    8, 48,
    8, 50,
    8, 66,
    8, 68,
    8, 69,
    8, 70,
    8, 72,
    8, 80,
    8, 82,
    8, 84,
    11, 43,
    11, 57,
    13, 35,
    13, 36,
    13, 37,
    13, 38,
    13, 39,
    13, 40,
    13, 41,
    13, 42,
    13, 44,
    13, 45,
    13, 47,
    13, 48,
    13, 49,
    13, 50,
    13, 51,
    13, 53,
    13, 54,
    13, 55,
    13, 56,
    13, 58,
    13, 68,
    13, 69,
    13, 70,
    13, 80,
    13, 82,
    13, 85,
    13, 87,
    13, 88,
    13, 90,
    14, 53,
    14, 55,
    14, 56,
    14, 57,
    14, 58,
    15, 35,
    15, 36,
    15, 37,
    15, 38,
    15, 39,
    15, 40,
    15, 41,
    15, 42,
    15, 44,
    15, 45,
    15, 47,
    15, 48,
    15, 49,
    15, 50,
    15, 51,
    15, 53,
    15, 54,
    15, 55,
    15, 56,
    15, 58,
    15, 68,
    15, 69,
    15, 70,
    15, 80,
    15, 82,
    15, 85,
    15, 87,
    15, 88,
    15, 90,
    16, 36,
    16, 40,
    16, 48,
    16, 50,
    16, 52,
    16, 68,
    16, 69,
    16, 70,
    16, 80,
    16, 82,
    17, 24,
    17, 57,
    17, 58,
    18, 24,
    19, 21,
    21, 18,
    21, 24,
    22, 24,
    23, 18,
    23, 19,
    23, 24,
    23, 26,
    23, 58,
    24, 21,
    25, 24,
    25, 58,
    26, 24,
    27, 53,
    27, 55,
    27, 56,
    27, 58,
    28, 53,
    28, 55,
    28, 56,
    28, 58,
    34, 3,
    34, 8,
    34, 36,
    34, 40,
    34, 48,
    34, 52,
    34, 53,
    34, 54,
    34, 55,
    34, 56,
    34, 58,
    34, 71,
    34, 85,
    34, 87,
    34, 88,
    34, 90,
    35, 3,
    35, 8,
    35, 13,
    35, 15,
    35, 34,
    35, 53,
    35, 55,
    35, 56,
    35, 57,
    35, 58,
    36, 3,
    36, 8,
    36, 13,
    36, 15,
    36, 57,
    36, 58,
    37, 3,
    37, 8,
    37, 13,
    37, 15,
    37, 24,
    37, 34,
    37, 43,
    37, 53,
    37, 55,
    37, 57,
    37, 58,
    37, 59,
    37, 61,
    38, 68,
    38, 69,
    38, 70,
    38, 72,
    38, 80,
    38, 82,
    38, 84,
    39, 3,
    39, 8,
    39, 13,
    39, 15,
    39, 27,
    39, 28,
    39, 34,
    39, 43,
    39, 52,
    39, 66,
    39, 68,
    39, 69,
    39, 70,
    39, 72,
    39, 80,
    39, 82,
    39, 84,
    39, 89,
    39, 90,
    39, 91,
    40, 3,
    40, 8,
    40, 53,
    40, 55,
    40, 56,
    40, 58,
    43, 13,
    43, 15,
    44, 14,
    44, 36,
    44, 40,
    44, 48,
    44, 50,
    44, 52,
    44, 54,
    44, 66,
    44, 68,
    44, 69,
    44, 70,
    44, 72,
    44, 80,
    44, 82,
    44, 84,
    44, 85,
    44, 86,
    44, 87,
    44, 88,
    44, 90,
    45, 3,
    45, 8,
    45, 11,
    45, 14,
    45, 18,
    45, 24,
    45, 36,
    45, 40,
    45, 48,
    45, 50,
    45, 52,
    45, 53,
    45, 54,
    45, 55,
    45, 56,
    45, 58,
    45, 61,
    45, 68,
    45, 69,
    45, 70,
    45, 71,
    45, 72,
    45, 80,
    45, 82,
    45, 84,
    45, 85,
    45, 88,
    45, 90,
    46, 52,
    46, 53,
    46, 55,
    46, 58,
    48, 3,
    48, 8,
    48, 13,
    48, 15,
    48, 24,
    48, 34,
    48, 43,
    48, 53,
    48, 55,
    48, 57,
    48, 58,
    48, 59,
    48, 61,
    49, 13,
    49, 14,
    49, 15,
    49, 16,
    49, 21,
    49, 24,
    49, 34,
    49, 43,
    49, 52,
    49, 57,
    49, 59,
    49, 61,
    49, 66,
    49, 68,
    49, 69,
    49, 70,
    49, 72,
    49, 78,
    49, 79,
    49, 80,
    49, 82,
    49, 83,
    49, 84,
    49, 91,
    50, 3,
    50, 8,
    50, 13,
    50, 15,
    50, 24,
    50, 34,
    50, 43,
    50, 53,
    50, 55,
    50, 57,
    50, 58,
    50, 59,
    50, 61,
    51, 36,
    51, 40,
    51, 48,
    51, 50,
    51, 52,
    51, 53,
    51, 54,
    51, 55,
    51, 56,
    51, 58,
    51, 61,
    51, 66,
    51, 68,
    51, 69,
    51, 70,
    51, 80,
    51, 82,
    51, 88,
    51, 90,
    51, 91,
    52, 16,
    52, 34,
    52, 46,
    52, 52,
    52, 55,
    52, 57,
    52, 58,
    52, 61,
    53, 7,
    53, 13,
    53, 14,
    53, 15,
    53, 16,
    53, 27,
    53, 28,
    53, 34,
    53, 36,
    53, 40,
    53, 43,
    53, 46,
    53, 48,
    53, 50,
    53, 66,
    53, 68,
    53, 69,
    53, 70,
    53, 71,
    53, 72,
    53, 75,
    53, 78,
    53, 79,
    53, 80,
    53, 81,
    53, 82,
    53, 83,
    53, 84,
    53, 85,
    53, 86,
    53, 88,
    53, 89,
    53, 90,
    53, 91,
    54, 13,
    54, 15,
    54, 16,
    54, 34,
    55, 13,
    55, 14,
    55, 15,
    55, 16,
    55, 27,
    55, 28,
    55, 34,
    55, 36,
    55, 40,
    55, 43,
    55, 46,
    55, 48,
    55, 50,
    55, 52,
    55, 66,
    55, 68,
    55, 69,
    55, 70,
    55, 72,
    55, 78,
    55, 79,
    55, 80,
    55, 81,
    55, 82,
    55, 83,
    55, 84,
    55, 85,
    55, 86,
    55, 87,
    55, 88,
    55, 89,
    55, 90,
    55, 91,
    56, 13,
    56, 14,
    56, 15,
    56, 16,
    56, 27,
    56, 28,
    56, 34,
    56, 36,
    56, 40,
    56, 48,
    56, 50,
    56, 52,
    56, 61,
    56, 66,
    56, 68,
    56, 69,
    56, 70,
    56, 71,
    56, 72,
    56, 78,
    56, 79,
    56, 80,
    56, 81,
    56, 82,
    56, 83,
    56, 84,
    56, 87,
    56, 88,
    56, 89,
    56, 91,
    57, 11,
    57, 14,
    57, 17,
    57, 36,
    57, 40,
    57, 48,
    57, 50,
    57, 52,
    57, 61,
    57, 66,
    57, 68,
    57, 69,
    57, 70,
    57, 71,
    57, 72,
    57, 80,
    57, 82,
    57, 84,
    57, 85,
    57, 87,
    57, 88,
    57, 90,
    58, 13,
    58, 14,
    58, 15,
    58, 16,
    58, 17,
    58, 21,
    58, 23,
    58, 25,
    58, 27,
    58, 28,
    58, 34,
    58, 36,
    58, 40,
    58, 43,
    58, 46,
    58, 48,
    58, 50,
    58, 52,
    58, 66,
    58, 68,
    58, 69,
    58, 70,
    58, 71,
    58, 72,
    58, 78,
    58, 79,
    58, 80,
    58, 81,
    58, 82,
    58, 83,
    58, 84,
    58, 86,
    58, 88,
    58, 89,
    58, 90,
    58, 91,
    59, 36,
    59, 40,
    59, 48,
    59, 50,
    59, 52,
    59, 66,
    59, 68,
    59, 69,
    59, 70,
    59, 80,
    59, 82,
    61, 36,
    61, 40,
    61, 48,
    61, 50,
    61, 52,
    61, 53,
    61, 54,
    61, 55,
    61, 56,
    61, 58,
    66, 3,
    66, 8,
    66, 53,
    66, 55,
    66, 56,
    66, 58,
    66, 85,
    66, 87,
    66, 88,
    66, 90,
    67, 3,
    67, 8,
    67, 13,
    67, 15,
    67, 53,
    67, 55,
    67, 56,
    67, 58,
    67, 72,
    67, 75,
    67, 88,
    67, 89,
    68, 3,
    68, 8,
    68, 13,
    68, 15,
    68, 53,
    68, 56,
    68, 58,
    68, 68,
    68, 69,
    68, 70,
    68, 75,
    68, 80,
    68, 82,
    69, 53,
    69, 55,
    69, 56,
    69, 58,
    70, 3,
    70, 8,
    70, 53,
    70, 55,
    70, 56,
    70, 58,
    70, 75,
    70, 88,
    70, 89,
    71, 15,
    71, 27,
    71, 28,
    71, 34,
    71, 66,
    71, 68,
    71, 69,
    71, 70,
    71, 71,
    71, 74,
    71, 75,
    71, 80,
    71, 82,
    71, 86,
    72, 53,
    72, 55,
    72, 57,
    72, 58,
    72, 59,
    72, 68,
    72, 69,
    72, 70,
    72, 72,
    72, 75,
    72, 80,
    72, 82,
    72, 85,
    72, 86,
    72, 88,
    72, 90,
    73, 3,
    73, 8,
    73, 53,
    73, 55,
    73, 56,
    73, 58,
    76, 3,
    76, 8,
    76, 53,
    76, 56,
    76, 58,
    76, 68,
    76, 69,
    76, 70,
    76, 72,
    76, 80,
    76, 82,
    76, 84,
    78, 3,
    78, 8,
    78, 53,
    78, 55,
    78, 56,
    78, 58,
    79, 3,
    79, 8,
    79, 53,
    79, 55,
    79, 56,
    79, 58,
    80, 3,
    80, 8,
    80, 13,
    80, 15,
    80, 53,
    80, 55,
    80, 56,
    80, 58,
    80, 72,
    80, 75,
    80, 88,
    80, 89,
    81, 3,
    81, 8,
    81, 13,
    81, 15,
    81, 53,
    81, 55,
    81, 56,
    81, 58,
    81, 72,
    81, 75,
    81, 88,
    81, 89,
    82, 3,
    82, 8,
    82, 53,
    82, 55,
    82, 58,
    83, 13,
    83, 15,
    83, 34,
    83, 43,
    83, 53,
    83, 57,
    83, 58,
    83, 59,
    83, 66,
    83, 68,
    83, 69,
    83, 70,
    83, 72,
    83, 80,
    83, 82,
    84, 3,
    84, 8,
    84, 53,
    84, 55,
    84, 56,
    84, 57,
    84, 58,
    85, 3,
    85, 8,
    85, 52,
    85, 53,
    85, 55,
    85, 58,
    85, 72,
    86, 3,
    86, 8,
    86, 53,
    86, 55,
    86, 56,
    86, 58,
    87, 13,
    87, 15,
    87, 34,
    87, 43,
    87, 53,
    87, 55,
    87, 56,
    87, 57,
    87, 58,
    87, 59,
    87, 66,
    87, 72,
    88, 13,
    88, 15,
    88, 34,
    88, 43,
    88, 53,
    88, 55,
    88, 56,
    88, 57,
    88, 58,
    88, 59,
    88, 66,
    88, 72,
    89, 53,
    89, 55,
    89, 56,
    89, 58,
    89, 68,
    89, 69,
    89, 70,
    89, 80,
    89, 82,
    90, 13,
    90, 15,
    90, 34,
    90, 43,
    90, 53,
    90, 55,
    90, 56,
    90, 57,
    90, 58,
    90, 59,
    90, 66,
    90, 72,
    91, 53,
    91, 55,
    91, 56,
    91, 58,
    91, 68,
    91, 69,
    91, 70,
    91, 72,
    91, 80,
    91, 82
};

/* Kerning between the respective left and right glyphs
 * 4.4 format which needs to scaled with `kern_scale`*/
static const int8_t kern_pair_values[] =
{
    -22, -2, -2, -12, -2, -2, -5, -8,
    -8, -8, -12, -8, -8, -5, -5, -22,
    -2, -2, -12, -2, -2, -5, -8, -8,
    -8, -12, -8, -8, -5, -4, -2, -1,
    -2, -1, -1, -1, -2, -1, -1, -1,
    -1, -1, -2, -1, -2, -1, -19, -2,
    -15, -13, -23, -2, -2, -2, -2, -2,
    -4, -6, -2, -4, -6, -10, -1, -2,
    -6, -1, -2, -1, -1, -1, -2, -1,
    -1, -1, -1, -1, -2, -1, -2, -1,
    -19, -2, -15, -13, -23, -2, -2, -2,
    -2, -2, -4, -6, -2, -4, -2, -2,
    -2, -2, -4, -7, -7, -7, -7, -7,
    -4, -1, -2, -5, -2, -2, -6, -2,
    -1, -1, -4, -2, -1, -12, -5, -1,
    -5, -22, -2, -4, -15, -22, -2, -4,
    -15, -22, -22, -2, -2, -2, -1, -14,
    -1, -14, -10, -14, -6, -4, -2, -6,
    -5, -5, -5, -2, -2, 0, -8, -9,
    -1, -7, -2, -2, -2, -1, -1, -1,
    -1, -4, -4, -2, -2, -1, -2, -1,
    -1, -1, -2, -2, -1, -5, -1, -1,
    -1, -1, -1, -1, -1, -1, -1, -22,
    -22, -5, -5, -13, -11, -1, -7, -5,
    -5, -5, -3, -5, -5, -6, -4, -4,
    -5, -4, -4, -5, -2, 0, -4, -10,
    -10, -4, -6, -6, -6, -4, -2, 0,
    -2, -5, -5, -5, -1, -5, -5, -1,
    -2, -1, -1, -5, -10, -10, -10, -15,
    -6, -5, -1, -2, -2, -2, -3, -1,
    -27, -3, -26, -17, -31, -12, -1, -1,
    -1, -5, -1, -1, -1, -1, -4, -12,
    -17, -2, -3, -1, -1, -4, -4, -2,
    -2, -1, -2, -1, -1, -1, -2, -2,
    -1, -5, -36, -31, -39, -19, -10, -1,
    -16, -7, -1, -4, -10, -4, -9, -7,
    -7, -7, -6, -2, -2, -7, 0, -2,
    -4, -2, -4, -4, -2, -2, -1, -2,
    -1, -1, -1, -2, -2, -1, -5, -1,
    -1, -1, -1, -1, -5, -1, -1, -2,
    -5, -4, -4, -3, -3, -3, -3, -3,
    -2, -1, -2, -2, -1, -1, -2, -1,
    -1, -1, -5, -1, -19, -6, -19, -7,
    -22, -22, -14, -1, -1, -8, -3, -1,
    -1, -23, -22, -22, -22, -12, -23, -5,
    -20, -20, -22, -20, 0, -20, -23, -6,
    -17, -22, -18, -21, -19, -2, -2, -4,
    -1, -17, -10, -17, -2, -4, -4, -14,
    -2, -2, -7, -1, -2, -2, -1, -21,
    -14, -14, -14, -17, -7, -7, -14, -11,
    -12, -7, -14, -4, -10, -7, -7, -7,
    -11, -14, -13, -1, -13, -5, -4, -4,
    -10, 0, 0, 0, 0, -1, -2, -13,
    -10, -10, -10, -1, -8, -5, -5, -10,
    -4, 0, -5, -5, -4, -4, -4, -3,
    -4, -2, -1, -2, -2, -2, -2, -2,
    -2, -4, -4, -4, -4, -7, -4, -4,
    -4, -7, -7, -7, -11, -11, -23, -6,
    -23, -6, -2, -4, -1, -1, -17, -17,
    -14, -2, -2, -7, -1, -2, -2, -1,
    -25, -21, -21, -21, -10, -20, -17, -17,
    -21, -14, -5, -17, -17, -15, -12, -14,
    -11, -10, -1, -1, -1, -1, -1, -1,
    -1, -1, -1, -1, -1, -2, -2, -2,
    -2, -4, -7, -4, -7, -6, -7, -10,
    -10, -20, -17, -11, -24, 0, -1, -1,
    -1, -8, -8, -2, -2, -22, -14, -10,
    -21, 0, -1, 0, -5, -6, -6, 0,
    0, -17, -1, -15, -2, -2, -2, -1,
    -2, -2, 11, 4, 4, 7, -2, -2,
    -22, -11, -3, -19, -1, 0, -3, -5,
    -1, -1, -1, -4, -7, -7, -7, -12,
    -3, -3, -7, -7, -4, -13, -4, -7,
    -4, -2, -2, -2, -2, -4, 4, -2,
    -2, 1, 0, 1, 2, -11, -11, -20,
    -10, -5, -17, -2, -2, -12, -1, -10,
    -2, -2, -2, -1, -2, -2, -1, -11,
    -11, -20, -10, -5, -17, -11, -11, -20,
    -10, -5, -17, -8, -8, -2, -2, -22,
    -14, -10, -21, 0, -1, 0, -5, -8,
    -8, -2, -2, -22, -14, -10, -21, 0,
    -1, 0, -5, -2, -2, -18, -8, -12,
    -26, -26, -10, -4, -19, -7, -6, -7,
    -3, -1, -1, -1, -2, -1, -4, -5,
    -5, -21, -14, -2, -4, -20, -5, -5,
    -1, -10, -4, -4, -1, -4, -4, -19,
    -7, -1, -15, -6, -7, -6, -4, -25,
    -7, -4, -7, -12, -7, -2, -1, -5,
    -7, -5, -11, -22, -7, -4, -11, -12,
    -2, -2, -1, -18, -7, -4, -14, -5,
    -5, -5, -5, -5, -10, -10, -6, -4,
    -25, -7, -4, -7, -12, -7, -2, -1,
    -18, -5, -2, -10, -3, -3, -3, -1,
    -3, -3
};

/*Collect the kern pair's data in one place*/
static const lv_font_fmt_txt_kern_pair_t kern_pairs =
{
    .glyph_ids = kern_pair_glyph_ids,
    .values = kern_pair_values,
    .pair_cnt = 746,
    .glyph_ids_size = 0
};

/*--------------------
 *  ALL CUSTOM DATA
 *--------------------*/

#if LVGL_VERSION_MAJOR == 8
/*Store all the custom data of the font*/
static  lv_font_fmt_txt_glyph_cache_t cache;
#endif

#if LVGL_VERSION_MAJOR >= 8
static const lv_font_fmt_txt_dsc_t font_dsc = {
#else
static lv_font_fmt_txt_dsc_t font_dsc = {
#endif
    .glyph_bitmap = glyph_bitmap,
    .glyph_dsc = glyph_dsc,
    .cmaps = cmaps,
    .kern_dsc = &kern_pairs,
    .kern_scale = 16,
    .cmap_num = 1,
    .bpp = 8,
    .kern_classes = 0,
    .bitmap_format = 0,
#if LVGL_VERSION_MAJOR == 8
    .cache = &cache
#endif
};

/*-----------------
 *  PUBLIC FONT
 *----------------*/

/*Initialize a public general font descriptor*/
#if LVGL_VERSION_MAJOR >= 8
const lv_font_t ui_font_oswald22 = {
#else
lv_font_t ui_font_oswald22 = {
#endif
    .get_glyph_dsc = lv_font_get_glyph_dsc_fmt_txt,    /*Function pointer to get glyph's data*/
    .get_glyph_bitmap = lv_font_get_bitmap_fmt_txt,    /*Function pointer to get glyph's bitmap*/
    .line_height = 25,          /*The maximum line height required by the font*/
    .base_line = 5,             /*Baseline measured from the bottom of the line*/
#if !(LVGL_VERSION_MAJOR == 6 && LVGL_VERSION_MINOR == 0)
    .subpx = LV_FONT_SUBPX_NONE,
#endif
#if LV_VERSION_CHECK(7, 4, 0) || LVGL_VERSION_MAJOR >= 8
    .underline_position = -2,
    .underline_thickness = 1,
#endif
    .dsc = &font_dsc,          /*The custom font data. Will be accessed by `get_glyph_bitmap/dsc` */
#if LV_VERSION_CHECK(8, 2, 0) || LVGL_VERSION_MAJOR >= 9
    .fallback = NULL,
#endif
    .user_data = NULL,
};

#endif /*#if UI_FONT_OSWALD22*/