/*******************************************************************************
 * Size: 24 px
 * Bpp: 8
 * Opts: --bpp 8 --size 24 --no-compress --font assets/fonts/JetBrains_Mono,Montserrat,Open_Sans,Oswald,Pacifico,etc/Oswald/static/Oswald-Regular.ttf --range 32-127 --format lvgl
 ******************************************************************************/

#ifdef __has_include
    #if __has_include("lvgl.h")
        #ifndef LV_LVGL_H_INCLUDE_SIMPLE
            #define LV_LVGL_H_INCLUDE_SIMPLE
        #endif
    #endif
#endif

#ifdef LV_LVGL_H_INCLUDE_SIMPLE
    #include "lvgl.h"
#else
    #include "lvgl.h"
#endif

#ifndef UI_FONT_OSWALD24
#define UI_FONT_OSWALD24 1
#endif

#if UI_FONT_OSWALD24

/*-----------------
 *    BITMAPS
 *----------------*/

/*Store the image of the glyphs*/
static LV_ATTRIBUTE_LARGE_CONST const uint8_t glyph_bitmap[] = {
    /* U+0020 " " */

    /* U+0021 "!" */
    0xc6, 0xff, 0xc6, 0xb7, 0xff, 0xb6, 0xaa, 0xff,
    0xa6, 0x9d, 0xff, 0x99, 0x8e, 0xff, 0x8a, 0x82,
    0xff, 0x7a, 0x73, 0xff, 0x6d, 0x66, 0xff, 0x5e,
    0x58, 0xff, 0x4e, 0x4a, 0xff, 0x40, 0x3d, 0xff,
    0x32, 0x2e, 0xff, 0x22, 0x22, 0xff, 0x14, 0x13,
    0xff, 0x6, 0x6, 0xf6, 0x0, 0x0, 0x33, 0x0,
    0x80, 0xa0, 0x80, 0xcc, 0xff, 0xcc, 0xcc, 0xff,
    0xcc,

    /* U+0022 "\"" */
    0x84, 0xff, 0xbc, 0x30, 0xff, 0xff, 0x10, 0x84,
    0xff, 0x94, 0x30, 0xff, 0xe8, 0x0, 0x84, 0xff,
    0x6b, 0x30, 0xff, 0xbf, 0x0, 0x84, 0xff, 0x42,
    0x30, 0xff, 0x96, 0x0, 0x84, 0xff, 0x1a, 0x30,
    0xff, 0x6e, 0x0, 0x7c, 0xe4, 0x0, 0x2d, 0xf0,
    0x42, 0x0,

    /* U+0023 "#" */
    0x0, 0x0, 0x0, 0x7c, 0xff, 0xff, 0x18, 0x0,
    0xc0, 0xff, 0xcc, 0x0, 0x0, 0x0, 0xa2, 0xff,
    0xf1, 0x0, 0x0, 0xe6, 0xff, 0xa5, 0x0, 0x0,
    0x0, 0xc9, 0xff, 0xca, 0x0, 0xd, 0xff, 0xff,
    0x7e, 0x0, 0x0, 0x0, 0xef, 0xff, 0xa2, 0x0,
    0x34, 0xff, 0xff, 0x56, 0x0, 0x0, 0x16, 0xff,
    0xff, 0x7a, 0x0, 0x5a, 0xff, 0xff, 0x2e, 0x0,
    0x0, 0x3e, 0xff, 0xff, 0x54, 0x0, 0x81, 0xff,
    0xfe, 0xa, 0x30, 0xff, 0xff, 0xff, 0xff, 0xff,
    0xff, 0xff, 0xff, 0xff, 0xf0, 0x2d, 0xf0, 0xf9,
    0xff, 0xff, 0xf0, 0xf0, 0xfe, 0xff, 0xfb, 0xe1,
    0x0, 0x0, 0xaa, 0xff, 0xe4, 0x0, 0x1, 0xf5,
    0xff, 0x9c, 0x0, 0x0, 0x0, 0xd2, 0xff, 0xb8,
    0x0, 0x1e, 0xff, 0xff, 0x71, 0x0, 0x37, 0xec,
    0xfe, 0xff, 0xf9, 0xec, 0xf0, 0xff, 0xff, 0xf3,
    0xcf, 0x3c, 0xff, 0xff, 0xff, 0xff, 0xff, 0xff,
    0xff, 0xff, 0xff, 0xe0, 0x0, 0x47, 0xff, 0xff,
    0x4e, 0x0, 0x92, 0xff, 0xfc, 0x5, 0x0, 0x0,
    0x6a, 0xff, 0xff, 0x2a, 0x0, 0xb7, 0xff, 0xdd,
    0x0, 0x0, 0x0, 0x8e, 0xff, 0xfe, 0x8, 0x0,
    0xdb, 0xff, 0xb7, 0x0, 0x0, 0x0, 0xb2, 0xff,
    0xe2, 0x0, 0x4, 0xfc, 0xff, 0x92, 0x0, 0x0,
    0x0, 0xd6, 0xff, 0xbe, 0x0, 0x25, 0xff, 0xff,
    0x6d, 0x0, 0x0, 0x2, 0xf8, 0xff, 0x9a, 0x0,
    0x49, 0xff, 0xff, 0x47, 0x0, 0x0, 0x1e, 0xff,
    0xff, 0x76, 0x0, 0x6e, 0xff, 0xff, 0x22, 0x0,
    0x0,

    /* U+0024 "$" */
    0x0, 0x0, 0x0, 0x0, 0x0, 0x52, 0x18, 0x0,
    0x0, 0x0, 0x0, 0x0, 0x0, 0x0, 0x0, 0x0,
    0xa4, 0x30, 0x0, 0x0, 0x0, 0x0, 0x0, 0x0,
    0x0, 0x0, 0x0, 0xa4, 0x37, 0x0, 0x0, 0x0,
    0x0, 0x0, 0x0, 0x2d, 0xaf, 0xef, 0xff, 0xff,
    0xd4, 0x58, 0x0, 0x0, 0x0, 0x32, 0xf5, 0xff,
    0xfc, 0xd8, 0xed, 0xff, 0xff, 0x65, 0x0, 0x0,
    0xb6, 0xff, 0xd8, 0x1b, 0x0, 0x6, 0xb4, 0xff,
    0xec, 0x7, 0x0, 0xf6, 0xff, 0x75, 0x0, 0x0,
    0x0, 0x31, 0xff, 0xff, 0x3f, 0x2, 0xff, 0xff,
    0x74, 0x0, 0x0, 0x0, 0x3, 0xf7, 0xf8, 0x53,
    0x0, 0xe3, 0xff, 0xca, 0x4, 0x0, 0x0, 0x0,
    0x39, 0xa, 0x0, 0x0, 0x91, 0xff, 0xff, 0xa2,
    0x5, 0x0, 0x0, 0x0, 0x0, 0x0, 0x0, 0x14,
    0xe0, 0xff, 0xff, 0xbe, 0x11, 0x0, 0x0, 0x0,
    0x0, 0x0, 0x0, 0x21, 0xd9, 0xff, 0xff, 0xd9,
    0x25, 0x0, 0x0, 0x0, 0x0, 0x0, 0x0, 0x10,
    0xbd, 0xff, 0xff, 0xed, 0x38, 0x0, 0x0, 0x0,
    0x0, 0x0, 0x0, 0x5, 0x9b, 0xff, 0xff, 0xf1,
    0x2c, 0x0, 0x0, 0x0, 0x0, 0x0, 0x0, 0x0,
    0x7c, 0xff, 0xff, 0xd5, 0x4, 0x0, 0x0, 0x0,
    0x3, 0x0, 0x0, 0x0, 0x8a, 0xff, 0xff, 0x5b,
    0x5, 0x9c, 0xdc, 0x68, 0x0, 0x0, 0x0, 0x7,
    0xf0, 0xff, 0xa4, 0x1, 0xf4, 0xff, 0x97, 0x0,
    0x0, 0x0, 0x0, 0xc9, 0xff, 0xbd, 0x0, 0xbb,
    0xff, 0xe5, 0x8, 0x0, 0x0, 0x1, 0xe0, 0xff,
    0xa9, 0x0, 0x56, 0xff, 0xff, 0xaf, 0x28, 0x1f,
    0x89, 0xff, 0xff, 0x5f, 0x0, 0x1, 0xb1, 0xff,
    0xff, 0xff, 0xff, 0xff, 0xff, 0xc1, 0x4, 0x0,
    0x0, 0x6, 0x79, 0xd6, 0xfb, 0xff, 0xdb, 0x7f,
    0x8, 0x0, 0x0, 0x0, 0x0, 0x0, 0x0, 0x14,
    0xc0, 0x0, 0x0, 0x0, 0x0, 0x0, 0x0, 0x0,
    0x0, 0x0, 0xa, 0x60, 0x0, 0x0, 0x0, 0x0,

    /* U+0025 "%" */
    0x0, 0x5, 0x86, 0xe3, 0xfd, 0xef, 0xab, 0x1e,
    0x0, 0x0, 0x0, 0x0, 0xdd, 0xff, 0x5d, 0x0,
    0x0, 0x0, 0x0, 0x0, 0x0, 0x0, 0x84, 0xff,
    0xfe, 0xd9, 0xf6, 0xff, 0xd0, 0x1, 0x0, 0x0,
    0x23, 0xff, 0xfe, 0x16, 0x0, 0x0, 0x0, 0x0,
    0x0, 0x0, 0x1, 0xec, 0xff, 0x7f, 0x0, 0x37,
    0xff, 0xff, 0x35, 0x0, 0x0, 0x6c, 0xff, 0xcc,
    0x0, 0x0, 0x0, 0x0, 0x0, 0x0, 0x0, 0x19,
    0xff, 0xff, 0x41, 0x0, 0x0, 0xf5, 0xff, 0x5e,
    0x0, 0x0, 0xb4, 0xff, 0x84, 0x0, 0x0, 0x0,
    0x0, 0x0, 0x0, 0x0, 0x24, 0xff, 0xff, 0x38,
    0x0, 0x0, 0xec, 0xff, 0x68, 0x0, 0x7, 0xf5,
    0xff, 0x3d, 0x0, 0x0, 0x0, 0x0, 0x0, 0x0,
    0x0, 0x23, 0xff, 0xff, 0x39, 0x0, 0x0, 0xed,
    0xff, 0x67, 0x0, 0x44, 0xff, 0xf1, 0x4, 0x0,
    0x0, 0x0, 0x0, 0x0, 0x0, 0x0, 0x14, 0xff,
    0xff, 0x49, 0x0, 0x5, 0xfa, 0xff, 0x59, 0x0,
    0x8c, 0xff, 0xae, 0x0, 0x0, 0x0, 0x0, 0x0,
    0x0, 0x0, 0x0, 0x0, 0xdf, 0xff, 0xa9, 0x7,
    0x65, 0xff, 0xff, 0x28, 0x0, 0xd4, 0xff, 0x67,
    0x0, 0x0, 0x0, 0x0, 0x0, 0x0, 0x0, 0x0,
    0x0, 0x69, 0xff, 0xff, 0xff, 0xff, 0xff, 0xb7,
    0x0, 0x1d, 0xff, 0xff, 0x1e, 0x0, 0x0, 0x0,
    0x0, 0x0, 0x0, 0x0, 0x0, 0x0, 0x0, 0x69,
    0xd0, 0xed, 0xde, 0x93, 0x10, 0x0, 0x63, 0xff,
    0xd6, 0x0, 0x0, 0x70, 0xdb, 0xfd, 0xf3, 0xb8,
    0x2c, 0x0, 0x0, 0x0, 0x0, 0x0, 0x0, 0x0,
    0x0, 0x0, 0x0, 0xac, 0xff, 0x8e, 0x0, 0x5c,
    0xff, 0xff, 0xf9, 0xfe, 0xff, 0xe3, 0xa, 0x0,
    0x0, 0x0, 0x0, 0x0, 0x0, 0x0, 0x0, 0x4,
    0xf0, 0xff, 0x46, 0x0, 0xc5, 0xff, 0xae, 0x4,
    0x2f, 0xfe, 0xff, 0x51, 0x0, 0x0, 0x0, 0x0,
    0x0, 0x0, 0x0, 0x0, 0x3c, 0xff, 0xf6, 0x8,
    0x0, 0xf1, 0xff, 0x65, 0x0, 0x0, 0xde, 0xff,
    0x7a, 0x0, 0x0, 0x0, 0x0, 0x0, 0x0, 0x0,
    0x0, 0x84, 0xff, 0xb6, 0x0, 0x0, 0xfc, 0xff,
    0x58, 0x0, 0x0, 0xd0, 0xff, 0x84, 0x0, 0x0,
    0x0, 0x0, 0x0, 0x0, 0x0, 0x0, 0xcc, 0xff,
    0x6f, 0x0, 0x0, 0xfb, 0xff, 0x58, 0x0, 0x0,
    0xd0, 0xff, 0x84, 0x0, 0x0, 0x0, 0x0, 0x0,
    0x0, 0x0, 0x16, 0xfe, 0xff, 0x28, 0x0, 0x0,
    0xec, 0xff, 0x64, 0x0, 0x0, 0xdb, 0xff, 0x78,
    0x0, 0x0, 0x0, 0x0, 0x0, 0x0, 0x0, 0x5d,
    0xff, 0xe0, 0x0, 0x0, 0x0, 0xbb, 0xff, 0xa9,
    0x0, 0x22, 0xfd, 0xff, 0x49, 0x0, 0x0, 0x0,
    0x0, 0x0, 0x0, 0x0, 0xa3, 0xff, 0x98, 0x0,
    0x0, 0x0, 0x4f, 0xff, 0xff, 0xde, 0xf3, 0xff,
    0xd9, 0x5, 0x0, 0x0, 0x0, 0x0, 0x0, 0x0,
    0x2, 0xea, 0xff, 0x50, 0x0, 0x0, 0x0, 0x0,
    0x64, 0xd9, 0xfd, 0xf2, 0xb1, 0x22, 0x0,

    /* U+0026 "&" */
    0x0, 0x0, 0x27, 0xae, 0xf0, 0xfd, 0xdb, 0x81,
    0x8, 0x0, 0x0, 0x0, 0x0, 0x0, 0x23, 0xef,
    0xff, 0xff, 0xff, 0xff, 0xff, 0xb9, 0x1, 0x0,
    0x0, 0x0, 0x0, 0x9d, 0xff, 0xff, 0x59, 0x22,
    0xa7, 0xff, 0xff, 0x3f, 0x0, 0x0, 0x0, 0x0,
    0xd8, 0xff, 0xcb, 0x0, 0x0, 0x32, 0xff, 0xff,
    0x60, 0x0, 0x0, 0x0, 0x0, 0xdd, 0xff, 0xb3,
    0x0, 0x0, 0x43, 0xff, 0xff, 0x43, 0x0, 0x0,
    0x0, 0x0, 0xb0, 0xff, 0xd0, 0x0, 0x0, 0x83,
    0xff, 0xe6, 0x5, 0x0, 0x0, 0x0, 0x0, 0x51,
    0xff, 0xfd, 0x16, 0x5, 0xe2, 0xff, 0x5e, 0x0,
    0x0, 0x0, 0x0, 0x0, 0x2, 0xd1, 0xff, 0x71,
    0x6e, 0xff, 0xa3, 0x0, 0x0, 0x0, 0x0, 0x0,
    0x0, 0x0, 0x45, 0xff, 0xe1, 0xf5, 0xba, 0x7,
    0x0, 0x0, 0x0, 0x0, 0x0, 0x0, 0x0, 0x15,
    0xef, 0xff, 0xec, 0xa, 0x0, 0x0, 0x0, 0x0,
    0x0, 0x0, 0x0, 0xc, 0xcf, 0xff, 0xff, 0xff,
    0x68, 0x0, 0x0, 0x56, 0xcc, 0xcc, 0x1f, 0x0,
    0x9e, 0xff, 0xe9, 0x97, 0xff, 0xf3, 0x20, 0x0,
    0x92, 0xff, 0xfd, 0xb, 0x2b, 0xff, 0xff, 0x71,
    0x6, 0xd0, 0xff, 0xbc, 0x1, 0xcd, 0xff, 0xc2,
    0x0, 0x78, 0xff, 0xff, 0x1b, 0x0, 0x2d, 0xf9,
    0xff, 0x8d, 0xff, 0xff, 0x62, 0x0, 0x96, 0xff,
    0xf8, 0x0, 0x0, 0x0, 0x79, 0xff, 0xff, 0xff,
    0xdb, 0x6, 0x0, 0x8e, 0xff, 0xff, 0xf, 0x0,
    0x0, 0xe, 0xf3, 0xff, 0xff, 0x8d, 0x0, 0x0,
    0x4e, 0xff, 0xff, 0x9c, 0x26, 0x46, 0xd0, 0xff,
    0xff, 0xff, 0xff, 0xcb, 0x22, 0x2, 0xbc, 0xff,
    0xff, 0xff, 0xff, 0xff, 0xfd, 0x72, 0xc7, 0xff,
    0xff, 0x34, 0x0, 0x9, 0x86, 0xe1, 0xfc, 0xee,
    0xb0, 0x38, 0x0, 0xa, 0x98, 0xf5, 0x34,

    /* U+0027 "'" */
    0x84, 0xff, 0xbc, 0x84, 0xff, 0x94, 0x84, 0xff,
    0x6b, 0x84, 0xff, 0x42, 0x84, 0xff, 0x1a, 0x7c,
    0xe4, 0x0,

    /* U+0028 "(" */
    0x0, 0x0, 0x3, 0x7f, 0xe4, 0x6f, 0x0, 0x0,
    0x92, 0xff, 0xf7, 0x56, 0x0, 0x29, 0xfe, 0xff,
    0x43, 0x0, 0x0, 0x86, 0xff, 0xd3, 0x0, 0x0,
    0x0, 0xc9, 0xff, 0x96, 0x0, 0x0, 0x0, 0xf4,
    0xff, 0x71, 0x0, 0x0, 0x12, 0xff, 0xff, 0x5a,
    0x0, 0x0, 0x26, 0xff, 0xff, 0x4b, 0x0, 0x0,
    0x32, 0xff, 0xff, 0x42, 0x0, 0x0, 0x38, 0xff,
    0xff, 0x3f, 0x0, 0x0, 0x3b, 0xff, 0xff, 0x3c,
    0x0, 0x0, 0x3e, 0xff, 0xff, 0x39, 0x0, 0x0,
    0x3f, 0xff, 0xff, 0x39, 0x0, 0x0, 0x3b, 0xff,
    0xff, 0x3c, 0x0, 0x0, 0x38, 0xff, 0xff, 0x3f,
    0x0, 0x0, 0x33, 0xff, 0xff, 0x41, 0x0, 0x0,
    0x26, 0xff, 0xff, 0x49, 0x0, 0x0, 0x13, 0xff,
    0xff, 0x58, 0x0, 0x0, 0x0, 0xf4, 0xff, 0x70,
    0x0, 0x0, 0x0, 0xc9, 0xff, 0x93, 0x0, 0x0,
    0x0, 0x89, 0xff, 0xcf, 0x0, 0x0, 0x0, 0x2b,
    0xff, 0xff, 0x3d, 0x0, 0x0, 0x0, 0x94, 0xff,
    0xf4, 0x52, 0x0, 0x0, 0x3, 0x80, 0xe4, 0x6f,

    /* U+0029 ")" */
    0x4b, 0xeb, 0x97, 0xc, 0x0, 0x0, 0x38, 0xed,
    0xff, 0xbb, 0x1, 0x0, 0x0, 0x20, 0xf6, 0xff,
    0x4f, 0x0, 0x0, 0x0, 0xa7, 0xff, 0xad, 0x0,
    0x0, 0x0, 0x6b, 0xff, 0xed, 0x0, 0x0, 0x0,
    0x48, 0xff, 0xff, 0x18, 0x0, 0x0, 0x31, 0xff,
    0xff, 0x37, 0x0, 0x0, 0x23, 0xff, 0xff, 0x4a,
    0x0, 0x0, 0x1c, 0xff, 0xff, 0x59, 0x0, 0x0,
    0x19, 0xff, 0xff, 0x5e, 0x0, 0x0, 0x18, 0xff,
    0xff, 0x62, 0x0, 0x0, 0x15, 0xff, 0xff, 0x66,
    0x0, 0x0, 0x15, 0xff, 0xff, 0x66, 0x0, 0x0,
    0x18, 0xff, 0xff, 0x62, 0x0, 0x0, 0x1a, 0xff,
    0xff, 0x5e, 0x0, 0x0, 0x1d, 0xff, 0xff, 0x59,
    0x0, 0x0, 0x23, 0xff, 0xff, 0x4a, 0x0, 0x0,
    0x32, 0xff, 0xff, 0x36, 0x0, 0x0, 0x49, 0xff,
    0xff, 0x18, 0x0, 0x0, 0x6c, 0xff, 0xed, 0x0,
    0x0, 0x0, 0xaa, 0xff, 0xad, 0x0, 0x0, 0x21,
    0xf7, 0xff, 0x4f, 0x0, 0x38, 0xed, 0xff, 0xbb,
    0x1, 0x0, 0x4b, 0xeb, 0x97, 0xc, 0x0, 0x0,

    /* U+002A "*" */
    0x0, 0x0, 0x0, 0xd4, 0xff, 0x8, 0x0, 0x0,
    0x0, 0x6, 0x0, 0x0, 0xbe, 0xf0, 0x0, 0x0,
    0x6, 0x0, 0x8c, 0xb8, 0x32, 0xa6, 0xd8, 0x1f,
    0x9e, 0xb8, 0x0, 0x8f, 0xf7, 0xff, 0xec, 0xf2,
    0xf9, 0xfd, 0xb5, 0x3, 0x0, 0x10, 0x84, 0xff,
    0xff, 0xa7, 0x1d, 0x0, 0x0, 0x0, 0x2, 0xbf,
    0xe1, 0xbd, 0xdf, 0xf, 0x0, 0x0, 0x0, 0x79,
    0xff, 0x62, 0x37, 0xff, 0xab, 0x0, 0x0, 0x0,
    0x7d, 0xd0, 0x4, 0x0, 0xaf, 0x9e, 0x8, 0x0,
    0x0, 0x0, 0x4, 0x0, 0x0, 0x5, 0x0, 0x0,
    0x0,

    /* U+002B "+" */
    0x0, 0x0, 0x0, 0x9, 0xbc, 0xa5, 0x0, 0x0,
    0x0, 0x0, 0x0, 0x0, 0x0, 0xc, 0xff, 0xe0,
    0x0, 0x0, 0x0, 0x0, 0x0, 0x0, 0x0, 0xc,
    0xff, 0xe0, 0x0, 0x0, 0x0, 0x0, 0x0, 0x0,
    0x0, 0xc, 0xff, 0xe0, 0x0, 0x0, 0x0, 0x0,
    0x62, 0xf0, 0xf0, 0xf1, 0xff, 0xfe, 0xf0, 0xf0,
    0xf0, 0x56, 0x68, 0xff, 0xff, 0xff, 0xff, 0xff,
    0xff, 0xff, 0xff, 0x5c, 0x0, 0x0, 0x0, 0xc,
    0xff, 0xe0, 0x0, 0x0, 0x0, 0x0, 0x0, 0x0,
    0x0, 0xc, 0xff, 0xe0, 0x0, 0x0, 0x0, 0x0,
    0x0, 0x0, 0x0, 0xc, 0xff, 0xe0, 0x0, 0x0,
    0x0, 0x0, 0x0, 0x0, 0x0, 0xc, 0xff, 0xe0,
    0x0, 0x0, 0x0, 0x0,

    /* U+002C "," */
    0x3, 0xc0, 0xc0, 0x78, 0x4, 0xff, 0xff, 0xa0,
    0x4, 0xff, 0xff, 0xa0, 0x0, 0x0, 0xb7, 0x94,
    0x0, 0x4a, 0xfb, 0x4f, 0x1, 0xd6, 0x80, 0x0,
    0x0, 0x6, 0x0, 0x0,

    /* U+002D "-" */
    0xb, 0xf0, 0xf0, 0xf0, 0xf0, 0xf0, 0x4b, 0xc,
    0xff, 0xff, 0xff, 0xff, 0xff, 0x50,

    /* U+002E "." */
    0xb3, 0xd8, 0xa2, 0xd4, 0xff, 0xc0, 0xd4, 0xff,
    0xc0,

    /* U+002F "/" */
    0x0, 0x0, 0x0, 0x0, 0x0, 0x37, 0xff, 0xfa,
    0xb, 0x0, 0x0, 0x0, 0x0, 0x0, 0x7e, 0xff,
    0xbe, 0x0, 0x0, 0x0, 0x0, 0x0, 0x0, 0xc4,
    0xff, 0x77, 0x0, 0x0, 0x0, 0x0, 0x0, 0xf,
    0xfc, 0xff, 0x30, 0x0, 0x0, 0x0, 0x0, 0x0,
    0x51, 0xff, 0xe9, 0x1, 0x0, 0x0, 0x0, 0x0,
    0x0, 0x97, 0xff, 0xa3, 0x0, 0x0, 0x0, 0x0,
    0x0, 0x0, 0xde, 0xff, 0x5d, 0x0, 0x0, 0x0,
    0x0, 0x0, 0x23, 0xff, 0xff, 0x17, 0x0, 0x0,
    0x0, 0x0, 0x0, 0x6a, 0xff, 0xcf, 0x0, 0x0,
    0x0, 0x0, 0x0, 0x0, 0xb0, 0xff, 0x87, 0x0,
    0x0, 0x0, 0x0, 0x0, 0x4, 0xf1, 0xff, 0x42,
    0x0, 0x0, 0x0, 0x0, 0x0, 0x3d, 0xff, 0xf4,
    0x6, 0x0, 0x0, 0x0, 0x0, 0x0, 0x82, 0xff,
    0xb4, 0x0, 0x0, 0x0, 0x0, 0x0, 0x0, 0xcb,
    0xff, 0x6d, 0x0, 0x0, 0x0, 0x0, 0x0, 0x13,
    0xfd, 0xff, 0x27, 0x0, 0x0, 0x0, 0x0, 0x0,
    0x56, 0xff, 0xdf, 0x0, 0x0, 0x0, 0x0, 0x0,
    0x0, 0x9d, 0xff, 0x98, 0x0, 0x0, 0x0, 0x0,
    0x0, 0x0, 0xe2, 0xff, 0x52, 0x0, 0x0, 0x0,
    0x0, 0x0, 0x29, 0xff, 0xfc, 0xf, 0x0, 0x0,
    0x0, 0x0, 0x0,

    /* U+0030 "0" */
    0x0, 0x0, 0x4e, 0xc2, 0xf4, 0xfc, 0xdd, 0x8a,
    0xc, 0x0, 0x0, 0x0, 0x6a, 0xff, 0xff, 0xff,
    0xff, 0xff, 0xff, 0xcd, 0x8, 0x0, 0x14, 0xf6,
    0xff, 0xd0, 0x32, 0x1c, 0x84, 0xff, 0xff, 0x74,
    0x0, 0x61, 0xff, 0xff, 0x41, 0x0, 0x0, 0x0,
    0xd8, 0xff, 0xc9, 0x0, 0x8e, 0xff, 0xff, 0xd,
    0x0, 0x0, 0x0, 0xa5, 0xff, 0xf4, 0x0, 0x9b,
    0xff, 0xfd, 0x0, 0x0, 0x0, 0x0, 0x95, 0xff,
    0xff, 0x3, 0x9c, 0xff, 0xfc, 0x0, 0x0, 0x0,
    0x0, 0x94, 0xff, 0xff, 0x4, 0x9c, 0xff, 0xfc,
    0x0, 0x0, 0x0, 0x0, 0x94, 0xff, 0xff, 0x4,
    0x9c, 0xff, 0xfc, 0x0, 0x0, 0x0, 0x0, 0x94,
    0xff, 0xff, 0x4, 0x9c, 0xff, 0xfc, 0x0, 0x0,
    0x0, 0x0, 0x94, 0xff, 0xff, 0x4, 0x9c, 0xff,
    0xfc, 0x0, 0x0, 0x0, 0x0, 0x94, 0xff, 0xff,
    0x4, 0x9c, 0xff, 0xfc, 0x0, 0x0, 0x0, 0x0,
    0x94, 0xff, 0xff, 0x4, 0x9c, 0xff, 0xfc, 0x0,
    0x0, 0x0, 0x0, 0x94, 0xff, 0xff, 0x4, 0x9b,
    0xff, 0xfd, 0x0, 0x0, 0x0, 0x0, 0x96, 0xff,
    0xff, 0x3, 0x8b, 0xff, 0xff, 0x11, 0x0, 0x0,
    0x0, 0xa9, 0xff, 0xf3, 0x0, 0x5b, 0xff, 0xff,
    0x4d, 0x0, 0x0, 0x3, 0xe2, 0xff, 0xc4, 0x0,
    0x10, 0xf2, 0xff, 0xdd, 0x3e, 0x25, 0x94, 0xff,
    0xff, 0x69, 0x0, 0x0, 0x5e, 0xff, 0xff, 0xff,
    0xff, 0xff, 0xff, 0xc1, 0x5, 0x0, 0x0, 0x0,
    0x45, 0xbf, 0xf4, 0xfc, 0xdc, 0x83, 0x9, 0x0,
    0x0,

    /* U+0031 "1" */
    0x0, 0x0, 0x0, 0xf, 0xb8, 0xff, 0xac, 0x0,
    0x27, 0x7d, 0xe9, 0xff, 0xff, 0xac, 0x46, 0xff,
    0xff, 0xff, 0xff, 0xff, 0xac, 0x45, 0xd9, 0xa6,
    0x72, 0xed, 0xff, 0xac, 0x0, 0x0, 0x0, 0x0,
    0xe4, 0xff, 0xac, 0x0, 0x0, 0x0, 0x0, 0xe4,
    0xff, 0xac, 0x0, 0x0, 0x0, 0x0, 0xe4, 0xff,
    0xac, 0x0, 0x0, 0x0, 0x0, 0xe4, 0xff, 0xac,
    0x0, 0x0, 0x0, 0x0, 0xe4, 0xff, 0xac, 0x0,
    0x0, 0x0, 0x0, 0xe4, 0xff, 0xac, 0x0, 0x0,
    0x0, 0x0, 0xe4, 0xff, 0xac, 0x0, 0x0, 0x0,
    0x0, 0xe4, 0xff, 0xac, 0x0, 0x0, 0x0, 0x0,
    0xe4, 0xff, 0xac, 0x0, 0x0, 0x0, 0x0, 0xe4,
    0xff, 0xac, 0x0, 0x0, 0x0, 0x0, 0xe4, 0xff,
    0xac, 0x0, 0x0, 0x0, 0x0, 0xe4, 0xff, 0xac,
    0x0, 0x0, 0x0, 0x0, 0xe4, 0xff, 0xac, 0x0,
    0x0, 0x0, 0x0, 0xe4, 0xff, 0xac, 0x0, 0x0,
    0x0, 0x0, 0xe4, 0xff, 0xac,

    /* U+0032 "2" */
    0x0, 0x0, 0x6, 0x7d, 0xd8, 0xfa, 0xf9, 0xd2,
    0x6f, 0x3, 0x0, 0x0, 0x1, 0xb1, 0xff, 0xff,
    0xff, 0xff, 0xff, 0xff, 0x9d, 0x0, 0x0, 0x49,
    0xff, 0xff, 0xbc, 0x2d, 0x27, 0xb7, 0xff, 0xff,
    0x32, 0x0, 0x98, 0xff, 0xfd, 0x1a, 0x0, 0x0,
    0x2a, 0xff, 0xff, 0x7c, 0x0, 0xbf, 0xff, 0xd9,
    0x0, 0x0, 0x0, 0x2, 0xff, 0xff, 0x99, 0x0,
    0xcb, 0xff, 0xc6, 0x0, 0x0, 0x0, 0x6, 0xff,
    0xff, 0x94, 0x0, 0x20, 0x28, 0x1f, 0x0, 0x0,
    0x0, 0x3b, 0xff, 0xff, 0x6e, 0x0, 0x0, 0x0,
    0x0, 0x0, 0x0, 0x0, 0xa6, 0xff, 0xfc, 0x1c,
    0x0, 0x0, 0x0, 0x0, 0x0, 0x0, 0x3e, 0xff,
    0xff, 0x9b, 0x0, 0x0, 0x0, 0x0, 0x0, 0x0,
    0xb, 0xdb, 0xff, 0xe9, 0x13, 0x0, 0x0, 0x0,
    0x0, 0x0, 0x0, 0x91, 0xff, 0xff, 0x50, 0x0,
    0x0, 0x0, 0x0, 0x0, 0x0, 0x3e, 0xfe, 0xff,
    0xa2, 0x0, 0x0, 0x0, 0x0, 0x0, 0x0, 0xb,
    0xdc, 0xff, 0xe5, 0x10, 0x0, 0x0, 0x0, 0x0,
    0x0, 0x0, 0x91, 0xff, 0xff, 0x48, 0x0, 0x0,
    0x0, 0x0, 0x0, 0x0, 0x3e, 0xfe, 0xff, 0x9a,
    0x0, 0x0, 0x0, 0x0, 0x0, 0x0, 0xb, 0xdc,
    0xff, 0xe0, 0xd, 0x0, 0x0, 0x0, 0x0, 0x0,
    0x0, 0x91, 0xff, 0xff, 0x68, 0x28, 0x28, 0x28,
    0x28, 0x28, 0x6, 0x3, 0xfe, 0xff, 0xff, 0xff,
    0xff, 0xff, 0xff, 0xff, 0xff, 0x28, 0x4, 0xff,
    0xff, 0xff, 0xff, 0xff, 0xff, 0xff, 0xff, 0xff,
    0x28,

    /* U+0033 "3" */
    0x0, 0x0, 0x24, 0xa1, 0xe5, 0xfd, 0xf4, 0xc8,
    0x63, 0x1, 0x0, 0x0, 0x2c, 0xf1, 0xff, 0xff,
    0xff, 0xff, 0xff, 0xff, 0x91, 0x0, 0x0, 0xb3,
    0xff, 0xfd, 0x64, 0x1c, 0x2d, 0xbd, 0xff, 0xff,
    0x29, 0x1, 0xf6, 0xff, 0xb7, 0x0, 0x0, 0x0,
    0x33, 0xff, 0xff, 0x6d, 0xb, 0xff, 0xff, 0x87,
    0x0, 0x0, 0x0, 0x13, 0xff, 0xff, 0x80, 0x0,
    0x4, 0x4, 0x2, 0x0, 0x0, 0x0, 0x2f, 0xff,
    0xff, 0x68, 0x0, 0x0, 0x0, 0x0, 0x0, 0x3,
    0x28, 0xbd, 0xff, 0xf5, 0x1b, 0x0, 0x0, 0x0,
    0x0, 0x0, 0xf4, 0xff, 0xff, 0xf1, 0x4d, 0x0,
    0x0, 0x0, 0x0, 0x0, 0x0, 0xf4, 0xff, 0xfa,
    0x63, 0x0, 0x0, 0x0, 0x0, 0x0, 0x0, 0x0,
    0xa3, 0xdf, 0xff, 0xff, 0x6d, 0x0, 0x0, 0x0,
    0x0, 0x0, 0x0, 0x0, 0x6, 0xc1, 0xff, 0xf4,
    0x10, 0x0, 0x0, 0x0, 0x0, 0x0, 0x0, 0x0,
    0x4b, 0xff, 0xff, 0x54, 0x0, 0x0, 0x0, 0x0,
    0x0, 0x0, 0x0, 0x1c, 0xff, 0xff, 0x7b, 0x8,
    0xb0, 0xb0, 0x59, 0x0, 0x0, 0x0, 0x13, 0xff,
    0xff, 0x82, 0x6, 0xff, 0xff, 0x92, 0x0, 0x0,
    0x0, 0x24, 0xff, 0xff, 0x70, 0x0, 0xe2, 0xff,
    0xc8, 0x0, 0x0, 0x0, 0x59, 0xff, 0xff, 0x42,
    0x0, 0x91, 0xff, 0xff, 0x7c, 0x26, 0x43, 0xdf,
    0xff, 0xe7, 0x6, 0x0, 0x15, 0xdf, 0xff, 0xff,
    0xff, 0xff, 0xff, 0xfe, 0x53, 0x0, 0x0, 0x0,
    0x16, 0x96, 0xe2, 0xfd, 0xf2, 0xbc, 0x44, 0x0,
    0x0,

    /* U+0034 "4" */
    0x0, 0x0, 0x0, 0x0, 0x0, 0x32, 0xff, 0xff,
    0xff, 0xc, 0x0, 0x0, 0x0, 0x0, 0x0, 0x0,
    0x0, 0xa4, 0xff, 0xff, 0xff, 0xc, 0x0, 0x0,
    0x0, 0x0, 0x0, 0x0, 0x1b, 0xfb, 0xff, 0xff,
    0xff, 0xc, 0x0, 0x0, 0x0, 0x0, 0x0, 0x0,
    0x89, 0xff, 0xd6, 0xff, 0xff, 0xc, 0x0, 0x0,
    0x0, 0x0, 0x0, 0xd, 0xf0, 0xfc, 0x7e, 0xff,
    0xff, 0xc, 0x0, 0x0, 0x0, 0x0, 0x0, 0x70,
    0xff, 0xb4, 0x68, 0xff, 0xff, 0xc, 0x0, 0x0,
    0x0, 0x0, 0x3, 0xdf, 0xff, 0x57, 0x68, 0xff,
    0xff, 0xc, 0x0, 0x0, 0x0, 0x0, 0x55, 0xff,
    0xf2, 0x9, 0x68, 0xff, 0xff, 0xc, 0x0, 0x0,
    0x0, 0x0, 0xc7, 0xff, 0x9c, 0x0, 0x68, 0xff,
    0xff, 0xc, 0x0, 0x0, 0x0, 0x3a, 0xff, 0xff,
    0x40, 0x0, 0x68, 0xff, 0xff, 0xc, 0x0, 0x0,
    0x0, 0xac, 0xff, 0xe2, 0x2, 0x0, 0x68, 0xff,
    0xff, 0xc, 0x0, 0x0, 0x9, 0xfd, 0xff, 0xaf,
    0x44, 0x44, 0x90, 0xff, 0xff, 0x4d, 0x44, 0x10,
    0xc, 0xff, 0xff, 0xff, 0xff, 0xff, 0xff, 0xff,
    0xff, 0xff, 0xff, 0x3c, 0xc, 0xff, 0xff, 0xff,
    0xff, 0xff, 0xff, 0xff, 0xff, 0xff, 0xff, 0x3c,
    0x0, 0x0, 0x0, 0x0, 0x0, 0x0, 0x68, 0xff,
    0xff, 0xc, 0x0, 0x0, 0x0, 0x0, 0x0, 0x0,
    0x0, 0x0, 0x68, 0xff, 0xff, 0xc, 0x0, 0x0,
    0x0, 0x0, 0x0, 0x0, 0x0, 0x0, 0x68, 0xff,
    0xff, 0xc, 0x0, 0x0, 0x0, 0x0, 0x0, 0x0,
    0x0, 0x0, 0x68, 0xff, 0xff, 0xc, 0x0, 0x0,
    0x0, 0x0, 0x0, 0x0, 0x0, 0x0, 0x68, 0xff,
    0xff, 0xc, 0x0, 0x0,

    /* U+0035 "5" */
    0x70, 0xff, 0xff, 0xff, 0xff, 0xff, 0xff, 0xff,
    0xf0, 0x0, 0x70, 0xff, 0xff, 0xff, 0xff, 0xff,
    0xff, 0xff, 0xf0, 0x0, 0x70, 0xff, 0xf3, 0x90,
    0x90, 0x90, 0x90, 0x90, 0x87, 0x0, 0x70, 0xff,
    0xdb, 0x0, 0x0, 0x0, 0x0, 0x0, 0x0, 0x0,
    0x70, 0xff, 0xd1, 0x0, 0x0, 0x0, 0x0, 0x0,
    0x0, 0x0, 0x70, 0xff, 0xc8, 0x0, 0x0, 0x0,
    0x0, 0x0, 0x0, 0x0, 0x70, 0xff, 0xbf, 0x6f,
    0xd2, 0xee, 0xd7, 0x7c, 0x4, 0x0, 0x70, 0xff,
    0xfd, 0xff, 0xff, 0xff, 0xff, 0xff, 0x9a, 0x0,
    0x70, 0xff, 0xff, 0x99, 0x11, 0x15, 0xb2, 0xff,
    0xfe, 0x25, 0x48, 0xa4, 0x94, 0x2, 0x0, 0x0,
    0x2b, 0xff, 0xff, 0x6b, 0x0, 0x0, 0x0, 0x0,
    0x0, 0x0, 0x2, 0xfb, 0xff, 0x93, 0x0, 0x0,
    0x0, 0x0, 0x0, 0x0, 0x0, 0xec, 0xff, 0xa5,
    0x0, 0x0, 0x0, 0x0, 0x0, 0x0, 0x0, 0xe9,
    0xff, 0xa2, 0x9b, 0xb4, 0x81, 0x0, 0x0, 0x0,
    0x0, 0xf2, 0xff, 0x94, 0xcf, 0xff, 0xc8, 0x0,
    0x0, 0x0, 0x6, 0xff, 0xff, 0x77, 0xa9, 0xff,
    0xf3, 0x8, 0x0, 0x0, 0x38, 0xff, 0xff, 0x42,
    0x5d, 0xff, 0xff, 0x96, 0x13, 0x21, 0xc1, 0xff,
    0xe3, 0x4, 0x5, 0xc9, 0xff, 0xff, 0xff, 0xff,
    0xff, 0xfd, 0x50, 0x0, 0x0, 0xe, 0x8d, 0xdf,
    0xfc, 0xf4, 0xc0, 0x44, 0x0, 0x0,

    /* U+0036 "6" */
    0x0, 0x0, 0x3f, 0xbc, 0xf4, 0xfc, 0xe0, 0x93,
    0x16, 0x0, 0x0, 0x45, 0xfb, 0xff, 0xff, 0xff,
    0xff, 0xff, 0xe0, 0x15, 0x2, 0xdd, 0xff, 0xdc,
    0x3c, 0x20, 0x70, 0xff, 0xff, 0x90, 0x3b, 0xff,
    0xff, 0x4b, 0x0, 0x0, 0x0, 0xc7, 0xff, 0xd5,
    0x71, 0xff, 0xff, 0xb, 0x0, 0x0, 0x0, 0x62,
    0x94, 0x88, 0x90, 0xff, 0xf6, 0x0, 0x0, 0x0,
    0x0, 0x0, 0x0, 0x0, 0x9b, 0xff, 0xf4, 0x0,
    0x0, 0x0, 0x0, 0x0, 0x0, 0x0, 0x9c, 0xff,
    0xf4, 0x34, 0xbb, 0xeb, 0xe2, 0xa6, 0x23, 0x0,
    0x9c, 0xff, 0xfb, 0xf4, 0xff, 0xff, 0xff, 0xff,
    0xe9, 0x16, 0x9c, 0xff, 0xff, 0xb0, 0x1f, 0x9,
    0x72, 0xff, 0xff, 0x83, 0x9c, 0xff, 0xf8, 0x6,
    0x0, 0x0, 0x0, 0xd9, 0xff, 0xc9, 0x9c, 0xff,
    0xf4, 0x0, 0x0, 0x0, 0x0, 0xad, 0xff, 0xed,
    0x9c, 0xff, 0xf4, 0x0, 0x0, 0x0, 0x0, 0x9e,
    0xff, 0xfa, 0x95, 0xff, 0xf8, 0x0, 0x0, 0x0,
    0x0, 0x9b, 0xff, 0xf2, 0x7a, 0xff, 0xff, 0x11,
    0x0, 0x0, 0x0, 0xb3, 0xff, 0xd5, 0x41, 0xff,
    0xff, 0x53, 0x0, 0x0, 0x9, 0xee, 0xff, 0x9c,
    0x3, 0xdd, 0xff, 0xe0, 0x41, 0x2b, 0xa7, 0xff,
    0xff, 0x3c, 0x0, 0x44, 0xfa, 0xff, 0xff, 0xff,
    0xff, 0xff, 0x99, 0x0, 0x0, 0x0, 0x39, 0xba,
    0xf3, 0xfa, 0xd6, 0x70, 0x2, 0x0,

    /* U+0037 "7" */
    0x78, 0xff, 0xff, 0xff, 0xff, 0xff, 0xff, 0xff,
    0x4c, 0x78, 0xff, 0xff, 0xff, 0xff, 0xff, 0xff,
    0xff, 0x3d, 0x2, 0x4, 0x4, 0x4, 0x4, 0x60,
    0xff, 0xfe, 0xd, 0x0, 0x0, 0x0, 0x0, 0x0,
    0x92, 0xff, 0xd7, 0x0, 0x0, 0x0, 0x0, 0x0,
    0x0, 0xc7, 0xff, 0xa4, 0x0, 0x0, 0x0, 0x0,
    0x0, 0x5, 0xf7, 0xff, 0x70, 0x0, 0x0, 0x0,
    0x0, 0x0, 0x31, 0xff, 0xff, 0x3c, 0x0, 0x0,
    0x0, 0x0, 0x0, 0x65, 0xff, 0xfd, 0xc, 0x0,
    0x0, 0x0, 0x0, 0x0, 0x9b, 0xff, 0xd5, 0x0,
    0x0, 0x0, 0x0, 0x0, 0x0, 0xcf, 0xff, 0xa0,
    0x0, 0x0, 0x0, 0x0, 0x0, 0x9, 0xfb, 0xff,
    0x6d, 0x0, 0x0, 0x0, 0x0, 0x0, 0x37, 0xff,
    0xff, 0x38, 0x0, 0x0, 0x0, 0x0, 0x0, 0x6e,
    0xff, 0xfb, 0x9, 0x0, 0x0, 0x0, 0x0, 0x0,
    0xa2, 0xff, 0xd1, 0x0, 0x0, 0x0, 0x0, 0x0,
    0x0, 0xd7, 0xff, 0x9d, 0x0, 0x0, 0x0, 0x0,
    0x0, 0xe, 0xfe, 0xff, 0x69, 0x0, 0x0, 0x0,
    0x0, 0x0, 0x40, 0xff, 0xff, 0x36, 0x0, 0x0,
    0x0, 0x0, 0x0, 0x75, 0xff, 0xfb, 0x7, 0x0,
    0x0, 0x0, 0x0, 0x0, 0xa9, 0xff, 0xce, 0x0,
    0x0, 0x0, 0x0,

    /* U+0038 "8" */
    0x0, 0x4, 0x73, 0xd2, 0xf9, 0xf9, 0xd2, 0x6d,
    0x2, 0x0, 0x0, 0xa1, 0xff, 0xff, 0xff, 0xff,
    0xff, 0xff, 0x97, 0x0, 0x32, 0xff, 0xff, 0xa7,
    0xe, 0xf, 0xac, 0xff, 0xff, 0x27, 0x76, 0xff,
    0xff, 0x1c, 0x0, 0x0, 0x2b, 0xff, 0xff, 0x6a,
    0x8d, 0xff, 0xf8, 0x0, 0x0, 0x0, 0x8, 0xff,
    0xff, 0x80, 0x80, 0xff, 0xff, 0xc, 0x0, 0x0,
    0x19, 0xff, 0xff, 0x74, 0x42, 0xff, 0xff, 0x54,
    0x0, 0x0, 0x60, 0xff, 0xff, 0x39, 0x0, 0xb6,
    0xff, 0xef, 0x85, 0x85, 0xf1, 0xff, 0xb0, 0x0,
    0x0, 0xc, 0xc4, 0xff, 0xff, 0xff, 0xff, 0xbe,
    0xa, 0x0, 0x0, 0x60, 0xfc, 0xff, 0xff, 0xff,
    0xff, 0xf9, 0x57, 0x0, 0x2a, 0xfb, 0xff, 0x9f,
    0x12, 0x13, 0xa6, 0xff, 0xf8, 0x22, 0x90, 0xff,
    0xef, 0x9, 0x0, 0x0, 0xe, 0xf6, 0xff, 0x85,
    0xbe, 0xff, 0xb8, 0x0, 0x0, 0x0, 0x0, 0xc8,
    0xff, 0xb8, 0xca, 0xff, 0xa7, 0x0, 0x0, 0x0,
    0x0, 0xb7, 0xff, 0xc5, 0xbb, 0xff, 0xb7, 0x0,
    0x0, 0x0, 0x0, 0xc6, 0xff, 0xb7, 0x93, 0xff,
    0xe9, 0x5, 0x0, 0x0, 0x8, 0xf1, 0xff, 0x8f,
    0x42, 0xff, 0xff, 0x98, 0x18, 0x19, 0x9c, 0xff,
    0xff, 0x3e, 0x0, 0xab, 0xff, 0xff, 0xff, 0xff,
    0xff, 0xff, 0xa8, 0x0, 0x0, 0x4, 0x78, 0xd4,
    0xfa, 0xfa, 0xd4, 0x77, 0x4, 0x0,

    /* U+0039 "9" */
    0x0, 0x4, 0x75, 0xd5, 0xfa, 0xf4, 0xbe, 0x42,
    0x0, 0x0, 0x0, 0xa9, 0xff, 0xff, 0xff, 0xff,
    0xff, 0xfc, 0x4f, 0x0, 0x4b, 0xff, 0xff, 0xa2,
    0x24, 0x31, 0xcc, 0xff, 0xe8, 0x8, 0xa6, 0xff,
    0xea, 0x6, 0x0, 0x0, 0x35, 0xff, 0xff, 0x4f,
    0xd8, 0xff, 0xb5, 0x0, 0x0, 0x0, 0x3, 0xfd,
    0xff, 0x87, 0xed, 0xff, 0xa7, 0x0, 0x0, 0x0,
    0x0, 0xf1, 0xff, 0xa1, 0xe9, 0xff, 0xb2, 0x0,
    0x0, 0x0, 0x0, 0xf0, 0xff, 0xa8, 0xcd, 0xff,
    0xd5, 0x0, 0x0, 0x0, 0x0, 0xf1, 0xff, 0xa8,
    0x90, 0xff, 0xff, 0x61, 0x2, 0x9, 0x8c, 0xff,
    0xff, 0xa8, 0x22, 0xf3, 0xff, 0xff, 0xf7, 0xfc,
    0xfa, 0xfb, 0xff, 0xa8, 0x0, 0x31, 0xb9, 0xf2,
    0xfc, 0xcf, 0x46, 0xf0, 0xff, 0xa8, 0x0, 0x0,
    0x0, 0x0, 0x0, 0x0, 0x0, 0xf0, 0xff, 0xa8,
    0x0, 0x0, 0x0, 0x0, 0x0, 0x0, 0x0, 0xf0,
    0xff, 0xa6, 0x15, 0x18, 0x10, 0x0, 0x0, 0x0,
    0x0, 0xf7, 0xff, 0x99, 0xde, 0xff, 0xb4, 0x0,
    0x0, 0x0, 0x13, 0xff, 0xff, 0x79, 0xbd, 0xff,
    0xe3, 0x2, 0x0, 0x0, 0x58, 0xff, 0xff, 0x43,
    0x6c, 0xff, 0xff, 0x8f, 0x2a, 0x41, 0xe1, 0xff,
    0xe3, 0x4, 0x7, 0xc7, 0xff, 0xff, 0xff, 0xff,
    0xff, 0xfd, 0x4e, 0x0, 0x0, 0xb, 0x81, 0xd9,
    0xfa, 0xf5, 0xc1, 0x47, 0x0, 0x0,

    /* U+003A ":" */
    0x90, 0xff, 0xff, 0x8, 0x90, 0xff, 0xff, 0x8,
    0x68, 0xb8, 0xb8, 0x6, 0x0, 0x0, 0x0, 0x0,
    0x0, 0x0, 0x0, 0x0, 0x0, 0x0, 0x0, 0x0,
    0x0, 0x0, 0x0, 0x0, 0x68, 0xb8, 0xb8, 0x6,
    0x90, 0xff, 0xff, 0x8, 0x90, 0xff, 0xff, 0x8,

    /* U+003B ";" */
    0x94, 0xff, 0xff, 0x4, 0x94, 0xff, 0xff, 0x4,
    0x7d, 0xd8, 0xd8, 0x3, 0x0, 0x0, 0x0, 0x0,
    0x0, 0x0, 0x0, 0x0, 0x0, 0x0, 0x0, 0x0,
    0x0, 0x0, 0x0, 0x0, 0x0, 0x0, 0x0, 0x0,
    0x0, 0x0, 0x0, 0x0, 0x6a, 0xb8, 0xb8, 0xe,
    0x94, 0xff, 0xff, 0x14, 0x94, 0xff, 0xff, 0x13,
    0x1, 0x6c, 0xf7, 0x4, 0x6b, 0xff, 0x83, 0x0,
    0x8, 0x14, 0x0, 0x0,

    /* U+003C "<" */
    0x0, 0x0, 0x0, 0x0, 0x0, 0x1, 0x53, 0x6b,
    0x0, 0x0, 0x0, 0x0, 0x43, 0xcb, 0xff, 0x90,
    0x0, 0x0, 0x36, 0xbd, 0xff, 0xff, 0xff, 0x76,
    0x1b, 0xad, 0xff, 0xff, 0xfd, 0xab, 0x31, 0x0,
    0x54, 0xff, 0xfa, 0x9d, 0x26, 0x0, 0x0, 0x0,
    0x54, 0xff, 0xf4, 0x89, 0x18, 0x0, 0x0, 0x0,
    0x23, 0xc4, 0xff, 0xff, 0xf7, 0x92, 0x1e, 0x0,
    0x0, 0x0, 0x4c, 0xd2, 0xff, 0xff, 0xfa, 0x67,
    0x0, 0x0, 0x0, 0x2, 0x5c, 0xde, 0xff, 0x90,
    0x0, 0x0, 0x0, 0x0, 0x0, 0x6, 0x6c, 0x78,

    /* U+003D "=" */
    0xb4, 0xff, 0xff, 0xff, 0xff, 0xff, 0xff, 0xa8,
    0xa6, 0xec, 0xec, 0xec, 0xec, 0xec, 0xec, 0x9b,
    0x0, 0x0, 0x0, 0x0, 0x0, 0x0, 0x0, 0x0,
    0x0, 0x0, 0x0, 0x0, 0x0, 0x0, 0x0, 0x0,
    0xa9, 0xf0, 0xf0, 0xf0, 0xf0, 0xf0, 0xf0, 0x9e,
    0xb4, 0xff, 0xff, 0xff, 0xff, 0xff, 0xff, 0xa8,

    /* U+003E ">" */
    0x72, 0x4e, 0x0, 0x0, 0x0, 0x0, 0x0, 0x0,
    0x9c, 0xff, 0xc6, 0x3e, 0x0, 0x0, 0x0, 0x0,
    0x82, 0xff, 0xff, 0xff, 0xb5, 0x30, 0x0, 0x0,
    0x0, 0x37, 0xaf, 0xfe, 0xff, 0xfe, 0xa6, 0x16,
    0x0, 0x0, 0x0, 0x2a, 0xa2, 0xfb, 0xff, 0x48,
    0x0, 0x0, 0x0, 0x1b, 0x90, 0xf6, 0xff, 0x48,
    0x0, 0x21, 0x99, 0xf9, 0xff, 0xff, 0xbe, 0x1d,
    0x71, 0xfc, 0xff, 0xff, 0xce, 0x46, 0x0, 0x0,
    0x9c, 0xff, 0xda, 0x56, 0x1, 0x0, 0x0, 0x0,
    0x80, 0x65, 0x4, 0x0, 0x0, 0x0, 0x0, 0x0,

    /* U+003F "?" */
    0x0, 0xf, 0x8d, 0xdf, 0xfd, 0xf5, 0xc6, 0x5d,
    0x0, 0x0, 0xb, 0xd3, 0xff, 0xff, 0xff, 0xff,
    0xff, 0xff, 0x8d, 0x0, 0x78, 0xff, 0xff, 0x9d,
    0x41, 0x56, 0xdc, 0xff, 0xff, 0x2f, 0xbd, 0xff,
    0xd3, 0x0, 0x0, 0x0, 0x2f, 0xff, 0xff, 0x7c,
    0xc6, 0xff, 0xbd, 0x0, 0x0, 0x0, 0x0, 0xf0,
    0xff, 0x99, 0x6a, 0x83, 0x4b, 0x0, 0x0, 0x0,
    0x2, 0xf6, 0xff, 0x8f, 0x0, 0x0, 0x0, 0x0,
    0x0, 0x0, 0x34, 0xff, 0xff, 0x62, 0x0, 0x0,
    0x0, 0x0, 0x0, 0x0, 0xa9, 0xff, 0xf4, 0x12,
    0x0, 0x0, 0x0, 0x0, 0x0, 0x54, 0xff, 0xff,
    0x79, 0x0, 0x0, 0x0, 0x0, 0x0, 0x3f, 0xf6,
    0xff, 0xb5, 0x3, 0x0, 0x0, 0x0, 0x0, 0x46,
    0xf5, 0xff, 0xb7, 0x9, 0x0, 0x0, 0x0, 0x0,
    0x25, 0xfb, 0xff, 0xa2, 0x6, 0x0, 0x0, 0x0,
    0x0, 0x0, 0x34, 0xff, 0xff, 0x14, 0x0, 0x0,
    0x0, 0x0, 0x0, 0x0, 0x34, 0xff, 0xff, 0x14,
    0x0, 0x0, 0x0, 0x0, 0x0, 0x0, 0xc, 0x3c,
    0x3c, 0x5, 0x0, 0x0, 0x0, 0x0, 0x0, 0x0,
    0x0, 0x0, 0x0, 0x0, 0x0, 0x0, 0x0, 0x0,
    0x0, 0x0, 0x35, 0xa0, 0xa0, 0x26, 0x0, 0x0,
    0x0, 0x0, 0x0, 0x0, 0x54, 0xff, 0xff, 0x3c,
    0x0, 0x0, 0x0, 0x0, 0x0, 0x0, 0x54, 0xff,
    0xff, 0x3c, 0x0, 0x0, 0x0, 0x0,

    /* U+0040 "@" */
    0x0, 0x0, 0x0, 0x0, 0x0, 0x0, 0x13, 0x6b,
    0xb1, 0xe0, 0xf8, 0xfd, 0xeb, 0xbf, 0x71, 0xd,
    0x0, 0x0, 0x0, 0x0, 0x0, 0x0, 0x0, 0x0,
    0x6, 0x80, 0xf5, 0xff, 0xff, 0xff, 0xff, 0xff,
    0xff, 0xff, 0xff, 0xe8, 0x49, 0x0, 0x0, 0x0,
    0x0, 0x0, 0x0, 0x12, 0xc7, 0xff, 0xff, 0xdb,
    0x71, 0x2d, 0xd, 0x9, 0x23, 0x62, 0xcf, 0xff,
    0xfc, 0x53, 0x0, 0x0, 0x0, 0x0, 0x7, 0xc8,
    0xff, 0xff, 0x80, 0x5, 0x0, 0x0, 0x0, 0x0,
    0x0, 0x0, 0x3, 0x89, 0xff, 0xf2, 0x1e, 0x0,
    0x0, 0x0, 0x88, 0xff, 0xff, 0x68, 0x0, 0x0,
    0x0, 0x0, 0x0, 0x0, 0x0, 0x0, 0x0, 0x0,
    0xa5, 0xff, 0xa0, 0x0, 0x0, 0x1e, 0xfa, 0xff,
    0xa3, 0x0, 0x0, 0x0, 0xb, 0x89, 0xe6, 0xf7,
    0xa7, 0xfa, 0xf1, 0x0, 0x18, 0xf8, 0xf9, 0x11,
    0x0, 0x86, 0xff, 0xf7, 0x18, 0x0, 0x0, 0x10,
    0xcd, 0xff, 0xff, 0xef, 0xfb, 0xff, 0xca, 0x0,
    0x0, 0xaa, 0xff, 0x54, 0x0, 0xdf, 0xff, 0xa1,
    0x0, 0x0, 0x0, 0xb1, 0xff, 0xf2, 0x4d, 0x1,
    0xa3, 0xff, 0xa3, 0x0, 0x0, 0x68, 0xff, 0x87,
    0x23, 0xff, 0xff, 0x4d, 0x0, 0x0, 0x47, 0xff,
    0xff, 0x4c, 0x0, 0x0, 0xca, 0xff, 0x7e, 0x0,
    0x0, 0x43, 0xff, 0xa0, 0x53, 0xff, 0xff, 0x10,
    0x0, 0x0, 0xb6, 0xff, 0xbb, 0x0, 0x0, 0x0,
    0xf1, 0xff, 0x56, 0x0, 0x0, 0x36, 0xff, 0xa7,
    0x73, 0xff, 0xe6, 0x0, 0x0, 0xc, 0xfa, 0xff,
    0x5e, 0x0, 0x0, 0x18, 0xff, 0xff, 0x2f, 0x0,
    0x0, 0x3d, 0xff, 0x9b, 0x89, 0xff, 0xcd, 0x0,
    0x0, 0x3d, 0xff, 0xff, 0x25, 0x0, 0x0, 0x3e,
    0xff, 0xff, 0xb, 0x0, 0x0, 0x5e, 0xff, 0x78,
    0x92, 0xff, 0xc2, 0x0, 0x0, 0x57, 0xff, 0xff,
    0xf, 0x0, 0x0, 0x67, 0xff, 0xe2, 0x0, 0x0,
    0x0, 0x9a, 0xff, 0x3d, 0x8e, 0xff, 0xc7, 0x0,
    0x0, 0x55, 0xff, 0xff, 0x1e, 0x0, 0x0, 0xab,
    0xff, 0xbc, 0x0, 0x0, 0xc, 0xef, 0xdf, 0x3,
    0x7c, 0xff, 0xdd, 0x0, 0x0, 0x2a, 0xff, 0xff,
    0x79, 0x0, 0x51, 0xfd, 0xff, 0x9c, 0x0, 0x0,
    0x8c, 0xff, 0x62, 0x0, 0x57, 0xff, 0xfd, 0xf,
    0x0, 0x0, 0xcd, 0xff, 0xff, 0xea, 0xff, 0xce,
    0xff, 0xb4, 0x2c, 0x8e, 0xff, 0xa9, 0x1, 0x0,
    0x1c, 0xff, 0xff, 0x5a, 0x0, 0x0, 0x2b, 0xe6,
    0xff, 0xff, 0xd5, 0x1c, 0xda, 0xff, 0xff, 0xf8,
    0x86, 0x4, 0x0, 0x0, 0x0, 0xc4, 0xff, 0xca,
    0x2, 0x0, 0x0, 0xb, 0x47, 0x47, 0xa, 0x0,
    0x9, 0x45, 0x43, 0x10, 0x0, 0x0, 0x0, 0x0,
    0x0, 0x4a, 0xff, 0xff, 0x7b, 0x0, 0x0, 0x0,
    0x0, 0x0, 0x0, 0x0, 0x0, 0x0, 0x0, 0x0,
    0x0, 0x0, 0x0, 0x0, 0x0, 0x0, 0xa5, 0xff,
    0xff, 0x83, 0x5, 0x0, 0x0, 0x0, 0x0, 0x0,
    0x0, 0x0, 0x0, 0x0, 0x0, 0x0, 0x0, 0x0,
    0x0, 0x0, 0x8, 0xb5, 0xff, 0xff, 0xdd, 0x77,
    0x33, 0xd, 0x2, 0xa, 0x26, 0x55, 0x89, 0x0,
    0x0, 0x0, 0x0, 0x0, 0x0, 0x0, 0x0, 0x3,
    0x75, 0xf2, 0xff, 0xff, 0xff, 0xff, 0xff, 0xff,
    0xff, 0xff, 0xff, 0x24, 0x0, 0x0, 0x0, 0x0,
    0x0, 0x0, 0x0, 0x0, 0x0, 0x10, 0x66, 0xae,
    0xdc, 0xf4, 0xf9, 0xed, 0xd0, 0xa6, 0x6c, 0x13,
    0x0, 0x0, 0x0, 0x0,

    /* U+0041 "A" */
    0x0, 0x0, 0x0, 0x0, 0x89, 0xff, 0xff, 0x50,
    0x0, 0x0, 0x0, 0x0, 0x0, 0x0, 0x0, 0x0,
    0xc0, 0xff, 0xff, 0x89, 0x0, 0x0, 0x0, 0x0,
    0x0, 0x0, 0x0, 0x3, 0xf4, 0xff, 0xff, 0xc0,
    0x0, 0x0, 0x0, 0x0, 0x0, 0x0, 0x0, 0x2e,
    0xff, 0xfb, 0xff, 0xf4, 0x3, 0x0, 0x0, 0x0,
    0x0, 0x0, 0x0, 0x66, 0xff, 0xbf, 0xee, 0xff,
    0x30, 0x0, 0x0, 0x0, 0x0, 0x0, 0x0, 0x9e,
    0xff, 0x8e, 0xbe, 0xff, 0x68, 0x0, 0x0, 0x0,
    0x0, 0x0, 0x0, 0xd6, 0xff, 0x5e, 0x8c, 0xff,
    0xa0, 0x0, 0x0, 0x0, 0x0, 0x0, 0xe, 0xfe,
    0xff, 0x2b, 0x5a, 0xff, 0xd8, 0x0, 0x0, 0x0,
    0x0, 0x0, 0x44, 0xff, 0xf7, 0x4, 0x2a, 0xff,
    0xff, 0x11, 0x0, 0x0, 0x0, 0x0, 0x7c, 0xff,
    0xca, 0x0, 0x2, 0xf4, 0xff, 0x49, 0x0, 0x0,
    0x0, 0x0, 0xb4, 0xff, 0x9a, 0x0, 0x0, 0xc6,
    0xff, 0x80, 0x0, 0x0, 0x0, 0x0, 0xec, 0xff,
    0x66, 0x0, 0x0, 0x95, 0xff, 0xb7, 0x0, 0x0,
    0x0, 0x23, 0xff, 0xff, 0xf5, 0xf0, 0xf0, 0xf8,
    0xff, 0xef, 0x1, 0x0, 0x0, 0x5a, 0xff, 0xff,
    0xff, 0xff, 0xff, 0xff, 0xff, 0xff, 0x28, 0x0,
    0x0, 0x92, 0xff, 0xd6, 0x0, 0x0, 0x0, 0x9,
    0xfd, 0xff, 0x60, 0x0, 0x0, 0xca, 0xff, 0xa6,
    0x0, 0x0, 0x0, 0x0, 0xd8, 0xff, 0x98, 0x0,
    0x8, 0xfa, 0xff, 0x76, 0x0, 0x0, 0x0, 0x0,
    0xaa, 0xff, 0xd0, 0x0, 0x38, 0xff, 0xff, 0x47,
    0x0, 0x0, 0x0, 0x0, 0x7d, 0xff, 0xfd, 0xc,
    0x70, 0xff, 0xff, 0x16, 0x0, 0x0, 0x0, 0x0,
    0x4e, 0xff, 0xff, 0x40,

    /* U+0042 "B" */
    0x7c, 0xff, 0xff, 0xff, 0xff, 0xfb, 0xe1, 0xa3,
    0x2b, 0x0, 0x0, 0x7c, 0xff, 0xff, 0xff, 0xff,
    0xff, 0xff, 0xff, 0xf6, 0x37, 0x0, 0x7c, 0xff,
    0xff, 0x3b, 0x8, 0x18, 0x4b, 0xe1, 0xff, 0xc4,
    0x0, 0x7c, 0xff, 0xff, 0x38, 0x0, 0x0, 0x0,
    0x5c, 0xff, 0xff, 0xe, 0x7c, 0xff, 0xff, 0x38,
    0x0, 0x0, 0x0, 0x34, 0xff, 0xff, 0x25, 0x7c,
    0xff, 0xff, 0x38, 0x0, 0x0, 0x0, 0x3a, 0xff,
    0xff, 0x1e, 0x7c, 0xff, 0xff, 0x38, 0x0, 0x0,
    0x0, 0x6f, 0xff, 0xee, 0x2, 0x7c, 0xff, 0xff,
    0x45, 0x10, 0x1a, 0x58, 0xec, 0xff, 0x81, 0x0,
    0x7c, 0xff, 0xff, 0xff, 0xff, 0xff, 0xff, 0xe8,
    0x6e, 0x2, 0x0, 0x7c, 0xff, 0xff, 0xff, 0xff,
    0xff, 0xff, 0xff, 0xcd, 0x2a, 0x0, 0x7c, 0xff,
    0xff, 0x38, 0x0, 0xd, 0x4e, 0xe6, 0xff, 0xe4,
    0xd, 0x7c, 0xff, 0xff, 0x38, 0x0, 0x0, 0x0,
    0x4c, 0xff, 0xff, 0x67, 0x7c, 0xff, 0xff, 0x38,
    0x0, 0x0, 0x0, 0x5, 0xfa, 0xff, 0x9d, 0x7c,
    0xff, 0xff, 0x38, 0x0, 0x0, 0x0, 0x0, 0xeb,
    0xff, 0xad, 0x7c, 0xff, 0xff, 0x38, 0x0, 0x0,
    0x0, 0x1, 0xf6, 0xff, 0xa3, 0x7c, 0xff, 0xff,
    0x38, 0x0, 0x0, 0x0, 0x2c, 0xff, 0xff, 0x79,
    0x7c, 0xff, 0xff, 0x38, 0x0, 0x0, 0x25, 0xc1,
    0xff, 0xfd, 0x26, 0x7c, 0xff, 0xff, 0xf4, 0xf0,
    0xf6, 0xff, 0xff, 0xff, 0x80, 0x0, 0x7c, 0xff,
    0xff, 0xff, 0xff, 0xff, 0xf3, 0xc1, 0x53, 0x0,
    0x0,

    /* U+0043 "C" */
    0x0, 0x1, 0x66, 0xc7, 0xf2, 0xfd, 0xeb, 0xb0,
    0x35, 0x0, 0x0, 0x0, 0x98, 0xff, 0xff, 0xff,
    0xff, 0xff, 0xff, 0xf9, 0x3f, 0x0, 0x38, 0xff,
    0xff, 0xc5, 0x36, 0x1c, 0x46, 0xe5, 0xff, 0xcc,
    0x0, 0x8b, 0xff, 0xff, 0x29, 0x0, 0x0, 0x0,
    0x75, 0xff, 0xff, 0x19, 0xba, 0xff, 0xf6, 0x1,
    0x0, 0x0, 0x0, 0x53, 0xff, 0xff, 0x3d, 0xd1,
    0xff, 0xe6, 0x0, 0x0, 0x0, 0x0, 0x49, 0xff,
    0xff, 0x47, 0xd8, 0xff, 0xe4, 0x0, 0x0, 0x0,
    0x0, 0x3e, 0xdc, 0xdc, 0x3e, 0xd8, 0xff, 0xe4,
    0x0, 0x0, 0x0, 0x0, 0x0, 0x0, 0x0, 0x0,
    0xd8, 0xff, 0xe4, 0x0, 0x0, 0x0, 0x0, 0x0,
    0x0, 0x0, 0x0, 0xd8, 0xff, 0xe4, 0x0, 0x0,
    0x0, 0x0, 0x0, 0x0, 0x0, 0x0, 0xd8, 0xff,
    0xe4, 0x0, 0x0, 0x0, 0x0, 0x0, 0x0, 0x0,
    0x0, 0xd8, 0xff, 0xe4, 0x0, 0x0, 0x0, 0x0,
    0xb, 0x28, 0x28, 0xb, 0xd8, 0xff, 0xe4, 0x0,
    0x0, 0x0, 0x0, 0x48, 0xff, 0xff, 0x48, 0xd1,
    0xff, 0xe6, 0x0, 0x0, 0x0, 0x0, 0x49, 0xff,
    0xff, 0x46, 0xb7, 0xff, 0xf7, 0x1, 0x0, 0x0,
    0x0, 0x57, 0xff, 0xff, 0x35, 0x84, 0xff, 0xff,
    0x32, 0x0, 0x0, 0x0, 0x83, 0xff, 0xfd, 0xe,
    0x2a, 0xfe, 0xff, 0xce, 0x3f, 0x24, 0x54, 0xf1,
    0xff, 0xbc, 0x0, 0x0, 0x83, 0xff, 0xff, 0xff,
    0xff, 0xff, 0xff, 0xf5, 0x30, 0x0, 0x0, 0x0,
    0x5b, 0xc3, 0xf0, 0xfc, 0xea, 0xac, 0x2c, 0x0,
    0x0,

    /* U+0044 "D" */
    0x7c, 0xff, 0xff, 0xff, 0xff, 0xf7, 0xda, 0x9b,
    0x2c, 0x0, 0x0, 0x7c, 0xff, 0xff, 0xff, 0xff,
    0xff, 0xff, 0xff, 0xf8, 0x47, 0x0, 0x7c, 0xff,
    0xff, 0x3b, 0x5, 0x12, 0x5a, 0xf4, 0xff, 0xe3,
    0x4, 0x7c, 0xff, 0xff, 0x38, 0x0, 0x0, 0x0,
    0x86, 0xff, 0xff, 0x3e, 0x7c, 0xff, 0xff, 0x38,
    0x0, 0x0, 0x0, 0x53, 0xff, 0xff, 0x6c, 0x7c,
    0xff, 0xff, 0x38, 0x0, 0x0, 0x0, 0x40, 0xff,
    0xff, 0x7d, 0x7c, 0xff, 0xff, 0x38, 0x0, 0x0,
    0x0, 0x3c, 0xff, 0xff, 0x80, 0x7c, 0xff, 0xff,
    0x38, 0x0, 0x0, 0x0, 0x3c, 0xff, 0xff, 0x80,
    0x7c, 0xff, 0xff, 0x38, 0x0, 0x0, 0x0, 0x3c,
    0xff, 0xff, 0x80, 0x7c, 0xff, 0xff, 0x38, 0x0,
    0x0, 0x0, 0x3c, 0xff, 0xff, 0x80, 0x7c, 0xff,
    0xff, 0x38, 0x0, 0x0, 0x0, 0x3c, 0xff, 0xff,
    0x80, 0x7c, 0xff, 0xff, 0x38, 0x0, 0x0, 0x0,
    0x3c, 0xff, 0xff, 0x80, 0x7c, 0xff, 0xff, 0x38,
    0x0, 0x0, 0x0, 0x3c, 0xff, 0xff, 0x80, 0x7c,
    0xff, 0xff, 0x38, 0x0, 0x0, 0x0, 0x43, 0xff,
    0xff, 0x79, 0x7c, 0xff, 0xff, 0x38, 0x0, 0x0,
    0x0, 0x55, 0xff, 0xff, 0x5f, 0x7c, 0xff, 0xff,
    0x38, 0x0, 0x0, 0x0, 0x86, 0xff, 0xff, 0x2c,
    0x7c, 0xff, 0xff, 0x38, 0x0, 0x3, 0x49, 0xf1,
    0xff, 0xcf, 0x0, 0x7c, 0xff, 0xff, 0xf4, 0xf0,
    0xfb, 0xff, 0xff, 0xf0, 0x31, 0x0, 0x7c, 0xff,
    0xff, 0xff, 0xff, 0xfa, 0xdd, 0x98, 0x21, 0x0,
    0x0,

    /* U+0045 "E" */
    0x7c, 0xff, 0xff, 0xff, 0xff, 0xff, 0xff, 0xff,
    0xc, 0x7c, 0xff, 0xff, 0xff, 0xff, 0xff, 0xff,
    0xff, 0xc, 0x7c, 0xff, 0xff, 0x3b, 0x4, 0x4,
    0x4, 0x4, 0x0, 0x7c, 0xff, 0xff, 0x38, 0x0,
    0x0, 0x0, 0x0, 0x0, 0x7c, 0xff, 0xff, 0x38,
    0x0, 0x0, 0x0, 0x0, 0x0, 0x7c, 0xff, 0xff,
    0x38, 0x0, 0x0, 0x0, 0x0, 0x0, 0x7c, 0xff,
    0xff, 0x38, 0x0, 0x0, 0x0, 0x0, 0x0, 0x7c,
    0xff, 0xff, 0x38, 0x0, 0x0, 0x0, 0x0, 0x0,
    0x7c, 0xff, 0xff, 0xed, 0xe8, 0xe8, 0xe8, 0x21,
    0x0, 0x7c, 0xff, 0xff, 0xff, 0xff, 0xff, 0xff,
    0x24, 0x0, 0x7c, 0xff, 0xff, 0x38, 0x0, 0x0,
    0x0, 0x0, 0x0, 0x7c, 0xff, 0xff, 0x38, 0x0,
    0x0, 0x0, 0x0, 0x0, 0x7c, 0xff, 0xff, 0x38,
    0x0, 0x0, 0x0, 0x0, 0x0, 0x7c, 0xff, 0xff,
    0x38, 0x0, 0x0, 0x0, 0x0, 0x0, 0x7c, 0xff,
    0xff, 0x38, 0x0, 0x0, 0x0, 0x0, 0x0, 0x7c,
    0xff, 0xff, 0x38, 0x0, 0x0, 0x0, 0x0, 0x0,
    0x7c, 0xff, 0xff, 0x38, 0x0, 0x0, 0x0, 0x0,
    0x0, 0x7c, 0xff, 0xff, 0xf4, 0xf0, 0xf0, 0xf0,
    0xf0, 0x17, 0x7c, 0xff, 0xff, 0xff, 0xff, 0xff,
    0xff, 0xff, 0x18,

    /* U+0046 "F" */
    0x7c, 0xff, 0xff, 0xff, 0xff, 0xff, 0xff, 0xff,
    0x8, 0x7c, 0xff, 0xff, 0xf4, 0xf0, 0xf0, 0xf0,
    0xf0, 0x8, 0x7c, 0xff, 0xff, 0x38, 0x0, 0x0,
    0x0, 0x0, 0x0, 0x7c, 0xff, 0xff, 0x38, 0x0,
    0x0, 0x0, 0x0, 0x0, 0x7c, 0xff, 0xff, 0x38,
    0x0, 0x0, 0x0, 0x0, 0x0, 0x7c, 0xff, 0xff,
    0x38, 0x0, 0x0, 0x0, 0x0, 0x0, 0x7c, 0xff,
    0xff, 0x38, 0x0, 0x0, 0x0, 0x0, 0x0, 0x7c,
    0xff, 0xff, 0x38, 0x0, 0x0, 0x0, 0x0, 0x0,
    0x7c, 0xff, 0xff, 0xff, 0xff, 0xff, 0xf0, 0x0,
    0x0, 0x7c, 0xff, 0xff, 0xed, 0xe8, 0xe8, 0xda,
    0x0, 0x0, 0x7c, 0xff, 0xff, 0x38, 0x0, 0x0,
    0x0, 0x0, 0x0, 0x7c, 0xff, 0xff, 0x38, 0x0,
    0x0, 0x0, 0x0, 0x0, 0x7c, 0xff, 0xff, 0x38,
    0x0, 0x0, 0x0, 0x0, 0x0, 0x7c, 0xff, 0xff,
    0x38, 0x0, 0x0, 0x0, 0x0, 0x0, 0x7c, 0xff,
    0xff, 0x38, 0x0, 0x0, 0x0, 0x0, 0x0, 0x7c,
    0xff, 0xff, 0x38, 0x0, 0x0, 0x0, 0x0, 0x0,
    0x7c, 0xff, 0xff, 0x38, 0x0, 0x0, 0x0, 0x0,
    0x0, 0x7c, 0xff, 0xff, 0x38, 0x0, 0x0, 0x0,
    0x0, 0x0, 0x7c, 0xff, 0xff, 0x38, 0x0, 0x0,
    0x0, 0x0, 0x0,

    /* U+0047 "G" */
    0x0, 0x1, 0x66, 0xc8, 0xf3, 0xfd, 0xec, 0xba,
    0x4d, 0x0, 0x0, 0x0, 0x9a, 0xff, 0xff, 0xff,
    0xff, 0xff, 0xff, 0xff, 0x6b, 0x0, 0x38, 0xff,
    0xff, 0xc7, 0x37, 0x1b, 0x3e, 0xd5, 0xff, 0xf2,
    0xb, 0x8a, 0xff, 0xff, 0x26, 0x0, 0x0, 0x0,
    0x50, 0xff, 0xff, 0x43, 0xb7, 0xff, 0xf2, 0x0,
    0x0, 0x0, 0x0, 0x2a, 0xff, 0xff, 0x64, 0xd0,
    0xff, 0xe0, 0x0, 0x0, 0x0, 0x0, 0x1d, 0xe4,
    0xe4, 0x60, 0xd7, 0xff, 0xdc, 0x0, 0x0, 0x0,
    0x0, 0x0, 0x0, 0x0, 0x0, 0xd8, 0xff, 0xdc,
    0x0, 0x0, 0x0, 0x0, 0x0, 0x0, 0x0, 0x0,
    0xd8, 0xff, 0xdc, 0x0, 0x0, 0x0, 0x0, 0x0,
    0x0, 0x0, 0x0, 0xd8, 0xff, 0xdc, 0x0, 0x0,
    0x53, 0xe8, 0xe8, 0xe8, 0xe8, 0x83, 0xd8, 0xff,
    0xdc, 0x0, 0x0, 0x5c, 0xff, 0xff, 0xff, 0xff,
    0x90, 0xd8, 0xff, 0xdc, 0x0, 0x0, 0x0, 0x0,
    0x0, 0xe0, 0xff, 0x90, 0xd8, 0xff, 0xdc, 0x0,
    0x0, 0x0, 0x0, 0x0, 0xe1, 0xff, 0x90, 0xd0,
    0xff, 0xe0, 0x0, 0x0, 0x0, 0x0, 0x0, 0xeb,
    0xff, 0x90, 0xb7, 0xff, 0xf4, 0x1, 0x0, 0x0,
    0x0, 0xc, 0xff, 0xff, 0x90, 0x84, 0xff, 0xff,
    0x34, 0x0, 0x0, 0x0, 0x53, 0xff, 0xff, 0x90,
    0x2c, 0xff, 0xff, 0xd5, 0x49, 0x28, 0x54, 0xe7,
    0xf2, 0xff, 0x90, 0x0, 0x8e, 0xff, 0xff, 0xff,
    0xff, 0xff, 0xf4, 0x73, 0xff, 0x90, 0x0, 0x1,
    0x67, 0xcd, 0xf5, 0xf9, 0xc8, 0x3b, 0x32, 0xff,
    0x90,

    /* U+0048 "H" */
    0x7c, 0xff, 0xff, 0x38, 0x0, 0x0, 0x0, 0x0,
    0xc8, 0xff, 0xec, 0x7c, 0xff, 0xff, 0x38, 0x0,
    0x0, 0x0, 0x0, 0xc8, 0xff, 0xec, 0x7c, 0xff,
    0xff, 0x38, 0x0, 0x0, 0x0, 0x0, 0xc8, 0xff,
    0xec, 0x7c, 0xff, 0xff, 0x38, 0x0, 0x0, 0x0,
    0x0, 0xc8, 0xff, 0xec, 0x7c, 0xff, 0xff, 0x38,
    0x0, 0x0, 0x0, 0x0, 0xc8, 0xff, 0xec, 0x7c,
    0xff, 0xff, 0x38, 0x0, 0x0, 0x0, 0x0, 0xc8,
    0xff, 0xec, 0x7c, 0xff, 0xff, 0x38, 0x0, 0x0,
    0x0, 0x0, 0xc8, 0xff, 0xec, 0x7c, 0xff, 0xff,
    0x38, 0x0, 0x0, 0x0, 0x0, 0xc8, 0xff, 0xec,
    0x7c, 0xff, 0xff, 0xff, 0xff, 0xff, 0xff, 0xff,
    0xff, 0xff, 0xec, 0x7c, 0xff, 0xff, 0xf0, 0xec,
    0xec, 0xec, 0xec, 0xfc, 0xff, 0xec, 0x7c, 0xff,
    0xff, 0x38, 0x0, 0x0, 0x0, 0x0, 0xc8, 0xff,
    0xec, 0x7c, 0xff, 0xff, 0x38, 0x0, 0x0, 0x0,
    0x0, 0xc8, 0xff, 0xec, 0x7c, 0xff, 0xff, 0x38,
    0x0, 0x0, 0x0, 0x0, 0xc8, 0xff, 0xec, 0x7c,
    0xff, 0xff, 0x38, 0x0, 0x0, 0x0, 0x0, 0xc8,
    0xff, 0xec, 0x7c, 0xff, 0xff, 0x38, 0x0, 0x0,
    0x0, 0x0, 0xc8, 0xff, 0xec, 0x7c, 0xff, 0xff,
    0x38, 0x0, 0x0, 0x0, 0x0, 0xc8, 0xff, 0xec,
    0x7c, 0xff, 0xff, 0x38, 0x0, 0x0, 0x0, 0x0,
    0xc8, 0xff, 0xec, 0x7c, 0xff, 0xff, 0x38, 0x0,
    0x0, 0x0, 0x0, 0xc8, 0xff, 0xec, 0x7c, 0xff,
    0xff, 0x38, 0x0, 0x0, 0x0, 0x0, 0xc8, 0xff,
    0xec,

    /* U+0049 "I" */
    0x58, 0xff, 0xff, 0x50, 0x58, 0xff, 0xff, 0x50,
    0x58, 0xff, 0xff, 0x50, 0x58, 0xff, 0xff, 0x50,
    0x58, 0xff, 0xff, 0x50, 0x58, 0xff, 0xff, 0x50,
    0x58, 0xff, 0xff, 0x50, 0x58, 0xff, 0xff, 0x50,
    0x58, 0xff, 0xff, 0x50, 0x58, 0xff, 0xff, 0x50,
    0x58, 0xff, 0xff, 0x50, 0x58, 0xff, 0xff, 0x50,
    0x58, 0xff, 0xff, 0x50, 0x58, 0xff, 0xff, 0x50,
    0x58, 0xff, 0xff, 0x50, 0x58, 0xff, 0xff, 0x50,
    0x58, 0xff, 0xff, 0x50, 0x58, 0xff, 0xff, 0x50,
    0x58, 0xff, 0xff, 0x50,

    /* U+004A "J" */
    0x0, 0x0, 0x0, 0xff, 0xff, 0xb0, 0x0, 0x0,
    0x0, 0xff, 0xff, 0xb0, 0x0, 0x0, 0x0, 0xff,
    0xff, 0xb0, 0x0, 0x0, 0x0, 0xff, 0xff, 0xb0,
    0x0, 0x0, 0x0, 0xff, 0xff, 0xb0, 0x0, 0x0,
    0x0, 0xff, 0xff, 0xb0, 0x0, 0x0, 0x0, 0xff,
    0xff, 0xb0, 0x0, 0x0, 0x0, 0xff, 0xff, 0xb0,
    0x0, 0x0, 0x0, 0xff, 0xff, 0xb0, 0x0, 0x0,
    0x0, 0xff, 0xff, 0xb0, 0x0, 0x0, 0x0, 0xff,
    0xff, 0xb0, 0x0, 0x0, 0x0, 0xff, 0xff, 0xb0,
    0x0, 0x0, 0x0, 0xff, 0xff, 0xb0, 0x0, 0x0,
    0x0, 0xff, 0xff, 0xb0, 0x0, 0x0, 0x1, 0xff,
    0xff, 0xaf, 0x0, 0x0, 0x18, 0xff, 0xff, 0xa0,
    0x0, 0xd, 0x92, 0xff, 0xff, 0x76, 0xc9, 0xff,
    0xff, 0xff, 0xf4, 0x1e, 0xd4, 0xff, 0xef, 0xb7,
    0x36, 0x0,

    /* U+004B "K" */
    0x7c, 0xff, 0xff, 0x38, 0x0, 0x0, 0x0, 0x90,
    0xff, 0xee, 0xb, 0x7c, 0xff, 0xff, 0x38, 0x0,
    0x0, 0x19, 0xf7, 0xff, 0x84, 0x0, 0x7c, 0xff,
    0xff, 0x38, 0x0, 0x0, 0x90, 0xff, 0xf8, 0x16,
    0x0, 0x7c, 0xff, 0xff, 0x38, 0x0, 0x19, 0xf7,
    0xff, 0x9b, 0x0, 0x0, 0x7c, 0xff, 0xff, 0x38,
    0x0, 0x90, 0xff, 0xfe, 0x27, 0x0, 0x0, 0x7c,
    0xff, 0xff, 0x38, 0x19, 0xf7, 0xff, 0xb1, 0x0,
    0x0, 0x0, 0x7c, 0xff, 0xff, 0x38, 0x90, 0xff,
    0xff, 0x3c, 0x0, 0x0, 0x0, 0x7c, 0xff, 0xff,
    0x51, 0xf7, 0xff, 0xc7, 0x0, 0x0, 0x0, 0x0,
    0x7c, 0xff, 0xff, 0xc8, 0xff, 0xff, 0x7d, 0x0,
    0x0, 0x0, 0x0, 0x7c, 0xff, 0xff, 0xff, 0xff,
    0xff, 0xd8, 0x1, 0x0, 0x0, 0x0, 0x7c, 0xff,
    0xff, 0xff, 0x9a, 0xff, 0xff, 0x44, 0x0, 0x0,
    0x0, 0x7c, 0xff, 0xff, 0xac, 0x7, 0xea, 0xff,
    0xaf, 0x0, 0x0, 0x0, 0x7c, 0xff, 0xff, 0x3e,
    0x0, 0x87, 0xff, 0xfd, 0x1d, 0x0, 0x0, 0x7c,
    0xff, 0xff, 0x38, 0x0, 0x1f, 0xfd, 0xff, 0x86,
    0x0, 0x0, 0x7c, 0xff, 0xff, 0x38, 0x0, 0x0,
    0xb1, 0xff, 0xea, 0x7, 0x0, 0x7c, 0xff, 0xff,
    0x38, 0x0, 0x0, 0x47, 0xff, 0xff, 0x5d, 0x0,
    0x7c, 0xff, 0xff, 0x38, 0x0, 0x0, 0x1, 0xdb,
    0xff, 0xc7, 0x0, 0x7c, 0xff, 0xff, 0x38, 0x0,
    0x0, 0x0, 0x71, 0xff, 0xff, 0x33, 0x7c, 0xff,
    0xff, 0x38, 0x0, 0x0, 0x0, 0x10, 0xf5, 0xff,
    0x9e,

    /* U+004C "L" */
    0x7c, 0xff, 0xff, 0x38, 0x0, 0x0, 0x0, 0x0,
    0x0, 0x7c, 0xff, 0xff, 0x38, 0x0, 0x0, 0x0,
    0x0, 0x0, 0x7c, 0xff, 0xff, 0x38, 0x0, 0x0,
    0x0, 0x0, 0x0, 0x7c, 0xff, 0xff, 0x38, 0x0,
    0x0, 0x0, 0x0, 0x0, 0x7c, 0xff, 0xff, 0x38,
    0x0, 0x0, 0x0, 0x0, 0x0, 0x7c, 0xff, 0xff,
    0x38, 0x0, 0x0, 0x0, 0x0, 0x0, 0x7c, 0xff,
    0xff, 0x38, 0x0, 0x0, 0x0, 0x0, 0x0, 0x7c,
    0xff, 0xff, 0x38, 0x0, 0x0, 0x0, 0x0, 0x0,
    0x7c, 0xff, 0xff, 0x38, 0x0, 0x0, 0x0, 0x0,
    0x0, 0x7c, 0xff, 0xff, 0x38, 0x0, 0x0, 0x0,
    0x0, 0x0, 0x7c, 0xff, 0xff, 0x38, 0x0, 0x0,
    0x0, 0x0, 0x0, 0x7c, 0xff, 0xff, 0x38, 0x0,
    0x0, 0x0, 0x0, 0x0, 0x7c, 0xff, 0xff, 0x38,
    0x0, 0x0, 0x0, 0x0, 0x0, 0x7c, 0xff, 0xff,
    0x38, 0x0, 0x0, 0x0, 0x0, 0x0, 0x7c, 0xff,
    0xff, 0x38, 0x0, 0x0, 0x0, 0x0, 0x0, 0x7c,
    0xff, 0xff, 0x38, 0x0, 0x0, 0x0, 0x0, 0x0,
    0x7c, 0xff, 0xff, 0x38, 0x0, 0x0, 0x0, 0x0,
    0x0, 0x7c, 0xff, 0xff, 0xf4, 0xf0, 0xf0, 0xf0,
    0xf0, 0x2d, 0x7c, 0xff, 0xff, 0xff, 0xff, 0xff,
    0xff, 0xff, 0x30,

    /* U+004D "M" */
    0x2e, 0xff, 0xff, 0x98, 0x0, 0x0, 0x0, 0x0,
    0x0, 0x0, 0xbd, 0xff, 0xff, 0x6, 0x33, 0xff,
    0xff, 0xd2, 0x0, 0x0, 0x0, 0x0, 0x0, 0x3,
    0xf3, 0xff, 0xff, 0xb, 0x39, 0xff, 0xff, 0xfd,
    0xd, 0x0, 0x0, 0x0, 0x0, 0x30, 0xff, 0xff,
    0xff, 0x10, 0x3d, 0xff, 0xff, 0xff, 0x44, 0x0,
    0x0, 0x0, 0x0, 0x68, 0xff, 0xff, 0xff, 0x15,
    0x42, 0xff, 0xff, 0xff, 0x7d, 0x0, 0x0, 0x0,
    0x0, 0xa2, 0xff, 0xff, 0xff, 0x1a, 0x47, 0xff,
    0xee, 0xfd, 0xb6, 0x0, 0x0, 0x0, 0x0, 0xdc,
    0xeb, 0xff, 0xff, 0x1e, 0x4b, 0xff, 0xdf, 0xcd,
    0xee, 0x1, 0x0, 0x0, 0x15, 0xff, 0xad, 0xff,
    0xff, 0x23, 0x51, 0xff, 0xdb, 0x91, 0xff, 0x28,
    0x0, 0x0, 0x4e, 0xff, 0x6c, 0xff, 0xff, 0x29,
    0x55, 0xff, 0xd7, 0x54, 0xff, 0x62, 0x0, 0x0,
    0x89, 0xff, 0x30, 0xfb, 0xff, 0x2d, 0x5a, 0xff,
    0xd3, 0x19, 0xff, 0x9a, 0x0, 0x0, 0xc1, 0xf0,
    0x2, 0xf7, 0xff, 0x32, 0x5f, 0xff, 0xce, 0x0,
    0xdb, 0xd3, 0x0, 0x5, 0xf6, 0xb5, 0x0, 0xf3,
    0xff, 0x37, 0x64, 0xff, 0xca, 0x0, 0x9f, 0xfe,
    0xf, 0x34, 0xff, 0x78, 0x0, 0xef, 0xff, 0x3b,
    0x69, 0xff, 0xc6, 0x0, 0x62, 0xff, 0x45, 0x6e,
    0xff, 0x3c, 0x0, 0xeb, 0xff, 0x41, 0x6e, 0xff,
    0xc2, 0x0, 0x25, 0xff, 0x7f, 0xa6, 0xf8, 0x7,
    0x0, 0xe7, 0xff, 0x45, 0x72, 0xff, 0xbe, 0x0,
    0x0, 0xe8, 0xb7, 0xe0, 0xc2, 0x0, 0x0, 0xe3,
    0xff, 0x4a, 0x77, 0xff, 0xba, 0x0, 0x0, 0xac,
    0xf7, 0xff, 0x85, 0x0, 0x0, 0xde, 0xff, 0x4f,
    0x7c, 0xff, 0xb6, 0x0, 0x0, 0x70, 0xff, 0xff,
    0x49, 0x0, 0x0, 0xda, 0xff, 0x53, 0x81, 0xff,
    0xb2, 0x0, 0x0, 0x33, 0xff, 0xfd, 0xf, 0x0,
    0x0, 0xd6, 0xff, 0x59, 0x86, 0xff, 0xae, 0x0,
    0x0, 0x3, 0xf3, 0xce, 0x0, 0x0, 0x0, 0xd2,
    0xff, 0x5e,

    /* U+004E "N" */
    0x7c, 0xff, 0x94, 0x0, 0x0, 0x0, 0x0, 0x20,
    0xff, 0xff, 0x24, 0x7c, 0xff, 0xf3, 0xf, 0x0,
    0x0, 0x0, 0x20, 0xff, 0xff, 0x24, 0x7c, 0xff,
    0xff, 0x72, 0x0, 0x0, 0x0, 0x20, 0xff, 0xff,
    0x24, 0x7c, 0xff, 0xff, 0xdf, 0x3, 0x0, 0x0,
    0x20, 0xff, 0xff, 0x24, 0x7c, 0xff, 0xff, 0xff,
    0x54, 0x0, 0x0, 0x20, 0xff, 0xff, 0x24, 0x7c,
    0xff, 0xff, 0xff, 0xc2, 0x0, 0x0, 0x20, 0xff,
    0xff, 0x24, 0x7c, 0xff, 0xdc, 0xf1, 0xff, 0x32,
    0x0, 0x20, 0xff, 0xff, 0x24, 0x7c, 0xff, 0xd0,
    0x8e, 0xff, 0xa2, 0x0, 0x20, 0xff, 0xff, 0x24,
    0x7c, 0xff, 0xd0, 0x21, 0xfd, 0xfa, 0x19, 0x20,
    0xff, 0xff, 0x24, 0x7c, 0xff, 0xd0, 0x0, 0xb2,
    0xff, 0x82, 0x20, 0xff, 0xff, 0x24, 0x7c, 0xff,
    0xd0, 0x0, 0x42, 0xff, 0xea, 0x28, 0xff, 0xff,
    0x24, 0x7c, 0xff, 0xd0, 0x0, 0x1, 0xd5, 0xff,
    0x82, 0xff, 0xff, 0x24, 0x7c, 0xff, 0xd0, 0x0,
    0x0, 0x66, 0xff, 0xea, 0xff, 0xff, 0x24, 0x7c,
    0xff, 0xd0, 0x0, 0x0, 0xa, 0xee, 0xff, 0xff,
    0xff, 0x24, 0x7c, 0xff, 0xd0, 0x0, 0x0, 0x0,
    0x89, 0xff, 0xff, 0xff, 0x24, 0x7c, 0xff, 0xd0,
    0x0, 0x0, 0x0, 0x1e, 0xfc, 0xff, 0xff, 0x24,
    0x7c, 0xff, 0xd0, 0x0, 0x0, 0x0, 0x0, 0xab,
    0xff, 0xff, 0x24, 0x7c, 0xff, 0xd0, 0x0, 0x0,
    0x0, 0x0, 0x3e, 0xff, 0xff, 0x24, 0x7c, 0xff,
    0xd0, 0x0, 0x0, 0x0, 0x0, 0x0, 0xce, 0xff,
    0x24,

    /* U+004F "O" */
    0x0, 0x0, 0x5c, 0xc0, 0xef, 0xfe, 0xee, 0xbd,
    0x53, 0x0, 0x0, 0x0, 0x90, 0xff, 0xff, 0xff,
    0xff, 0xff, 0xff, 0xff, 0x7d, 0x0, 0x37, 0xff,
    0xff, 0xc6, 0x3a, 0x1a, 0x3d, 0xcf, 0xff, 0xfe,
    0x27, 0x8f, 0xff, 0xff, 0x24, 0x0, 0x0, 0x0,
    0x36, 0xff, 0xff, 0x7f, 0xc0, 0xff, 0xf1, 0x0,
    0x0, 0x0, 0x0, 0x4, 0xfd, 0xff, 0xb0, 0xd4,
    0xff, 0xe4, 0x0, 0x0, 0x0, 0x0, 0x0, 0xf4,
    0xff, 0xc4, 0xd8, 0xff, 0xe4, 0x0, 0x0, 0x0,
    0x0, 0x0, 0xf4, 0xff, 0xc8, 0xd8, 0xff, 0xe4,
    0x0, 0x0, 0x0, 0x0, 0x0, 0xf4, 0xff, 0xc8,
    0xd8, 0xff, 0xe4, 0x0, 0x0, 0x0, 0x0, 0x0,
    0xf4, 0xff, 0xc8, 0xd8, 0xff, 0xe4, 0x0, 0x0,
    0x0, 0x0, 0x0, 0xf4, 0xff, 0xc8, 0xd8, 0xff,
    0xe4, 0x0, 0x0, 0x0, 0x0, 0x0, 0xf4, 0xff,
    0xc8, 0xd8, 0xff, 0xe4, 0x0, 0x0, 0x0, 0x0,
    0x0, 0xf4, 0xff, 0xc8, 0xd8, 0xff, 0xe4, 0x0,
    0x0, 0x0, 0x0, 0x0, 0xf4, 0xff, 0xc8, 0xd4,
    0xff, 0xe5, 0x0, 0x0, 0x0, 0x0, 0x0, 0xf5,
    0xff, 0xc3, 0xbb, 0xff, 0xf4, 0x0, 0x0, 0x0,
    0x0, 0x6, 0xff, 0xff, 0xab, 0x8a, 0xff, 0xff,
    0x2c, 0x0, 0x0, 0x0, 0x3e, 0xff, 0xff, 0x77,
    0x30, 0xff, 0xff, 0xcf, 0x43, 0x22, 0x46, 0xd7,
    0xff, 0xfa, 0x1e, 0x0, 0x87, 0xff, 0xff, 0xff,
    0xff, 0xff, 0xff, 0xff, 0x6e, 0x0, 0x0, 0x0,
    0x56, 0xbf, 0xef, 0xfe, 0xee, 0xba, 0x4a, 0x0,
    0x0,

    /* U+0050 "P" */
    0x7c, 0xff, 0xff, 0xff, 0xff, 0xfd, 0xea, 0xa8,
    0x2a, 0x0, 0x0, 0x7c, 0xff, 0xff, 0xf4, 0xf1,
    0xfc, 0xff, 0xff, 0xf2, 0x2b, 0x0, 0x7c, 0xff,
    0xff, 0x38, 0x0, 0x3, 0x3f, 0xee, 0xff, 0xb0,
    0x0, 0x7c, 0xff, 0xff, 0x38, 0x0, 0x0, 0x0,
    0x95, 0xff, 0xf7, 0x4, 0x7c, 0xff, 0xff, 0x38,
    0x0, 0x0, 0x0, 0x76, 0xff, 0xff, 0x1c, 0x7c,
    0xff, 0xff, 0x38, 0x0, 0x0, 0x0, 0x73, 0xff,
    0xff, 0x20, 0x7c, 0xff, 0xff, 0x38, 0x0, 0x0,
    0x0, 0x97, 0xff, 0xfa, 0x7, 0x7c, 0xff, 0xff,
    0x38, 0x0, 0x5, 0x4e, 0xf4, 0xff, 0xb1, 0x0,
    0x7c, 0xff, 0xff, 0xf4, 0xf1, 0xfd, 0xff, 0xff,
    0xed, 0x26, 0x0, 0x7c, 0xff, 0xff, 0xff, 0xff,
    0xfd, 0xe6, 0xa0, 0x21, 0x0, 0x0, 0x7c, 0xff,
    0xff, 0x38, 0x0, 0x0, 0x0, 0x0, 0x0, 0x0,
    0x0, 0x7c, 0xff, 0xff, 0x38, 0x0, 0x0, 0x0,
    0x0, 0x0, 0x0, 0x0, 0x7c, 0xff, 0xff, 0x38,
    0x0, 0x0, 0x0, 0x0, 0x0, 0x0, 0x0, 0x7c,
    0xff, 0xff, 0x38, 0x0, 0x0, 0x0, 0x0, 0x0,
    0x0, 0x0, 0x7c, 0xff, 0xff, 0x38, 0x0, 0x0,
    0x0, 0x0, 0x0, 0x0, 0x0, 0x7c, 0xff, 0xff,
    0x38, 0x0, 0x0, 0x0, 0x0, 0x0, 0x0, 0x0,
    0x7c, 0xff, 0xff, 0x38, 0x0, 0x0, 0x0, 0x0,
    0x0, 0x0, 0x0, 0x7c, 0xff, 0xff, 0x38, 0x0,
    0x0, 0x0, 0x0, 0x0, 0x0, 0x0, 0x7c, 0xff,
    0xff, 0x38, 0x0, 0x0, 0x0, 0x0, 0x0, 0x0,
    0x0,

    /* U+0051 "Q" */
    0x0, 0x0, 0x5c, 0xc0, 0xef, 0xfe, 0xef, 0xbf,
    0x57, 0x0, 0x0, 0x0, 0x90, 0xff, 0xff, 0xff,
    0xff, 0xff, 0xff, 0xff, 0x86, 0x0, 0x37, 0xff,
    0xff, 0xc6, 0x3a, 0x1a, 0x3b, 0xca, 0xff, 0xff,
    0x2f, 0x8f, 0xff, 0xff, 0x24, 0x0, 0x0, 0x0,
    0x2e, 0xff, 0xff, 0x88, 0xc0, 0xff, 0xf1, 0x0,
    0x0, 0x0, 0x0, 0x1, 0xf8, 0xff, 0xb8, 0xd4,
    0xff, 0xe4, 0x0, 0x0, 0x0, 0x0, 0x0, 0xec,
    0xff, 0xcc, 0xd8, 0xff, 0xe4, 0x0, 0x0, 0x0,
    0x0, 0x0, 0xec, 0xff, 0xd0, 0xd8, 0xff, 0xe4,
    0x0, 0x0, 0x0, 0x0, 0x0, 0xec, 0xff, 0xd0,
    0xd8, 0xff, 0xe4, 0x0, 0x0, 0x0, 0x0, 0x0,
    0xec, 0xff, 0xd0, 0xd8, 0xff, 0xe4, 0x0, 0x0,
    0x0, 0x0, 0x0, 0xec, 0xff, 0xd0, 0xd8, 0xff,
    0xe4, 0x0, 0x0, 0x0, 0x0, 0x0, 0xec, 0xff,
    0xd0, 0xd8, 0xff, 0xe4, 0x0, 0x0, 0x0, 0x0,
    0x0, 0xec, 0xff, 0xd0, 0xd8, 0xff, 0xe4, 0x0,
    0x0, 0x0, 0x0, 0x0, 0xec, 0xff, 0xd0, 0xd4,
    0xff, 0xe5, 0x0, 0x0, 0x0, 0x0, 0x0, 0xed,
    0xff, 0xcb, 0xbb, 0xff, 0xf4, 0x0, 0x0, 0x0,
    0x0, 0x2, 0xfb, 0xff, 0xb3, 0x8a, 0xff, 0xff,
    0x2c, 0x0, 0x0, 0x0, 0x36, 0xff, 0xff, 0x7f,
    0x30, 0xff, 0xff, 0xcf, 0x43, 0x22, 0x45, 0xd4,
    0xff, 0xfb, 0x23, 0x0, 0x87, 0xff, 0xff, 0xff,
    0xff, 0xff, 0xff, 0xff, 0x71, 0x0, 0x0, 0x0,
    0x56, 0xbf, 0xef, 0xfe, 0xff, 0xff, 0x53, 0x0,
    0x0, 0x0, 0x0, 0x0, 0x0, 0x0, 0x0, 0xb1,
    0xff, 0xbc, 0x7, 0x0, 0x0, 0x0, 0x0, 0x0,
    0x0, 0x0, 0x13, 0xdf, 0xff, 0xa9, 0x0, 0x0,
    0x0, 0x0, 0x0, 0x0, 0x0, 0x0, 0x29, 0xe9,
    0xaf, 0x0, 0x0, 0x0, 0x0, 0x0, 0x0, 0x0,
    0x0, 0x0, 0x20, 0x4e, 0x0,

    /* U+0052 "R" */
    0x7c, 0xff, 0xff, 0xff, 0xff, 0xf2, 0xd0, 0x89,
    0x17, 0x0, 0x0, 0x7c, 0xff, 0xff, 0xf4, 0xf1,
    0xfe, 0xff, 0xff, 0xea, 0x26, 0x0, 0x7c, 0xff,
    0xff, 0x38, 0x0, 0x9, 0x61, 0xfd, 0xff, 0xb5,
    0x0, 0x7c, 0xff, 0xff, 0x38, 0x0, 0x0, 0x0,
    0xb1, 0xff, 0xfa, 0x6, 0x7c, 0xff, 0xff, 0x38,
    0x0, 0x0, 0x0, 0x83, 0xff, 0xff, 0x1e, 0x7c,
    0xff, 0xff, 0x38, 0x0, 0x0, 0x0, 0x83, 0xff,
    0xff, 0x1b, 0x7c, 0xff, 0xff, 0x38, 0x0, 0x0,
    0x0, 0xb7, 0xff, 0xf7, 0x5, 0x7c, 0xff, 0xff,
    0x38, 0x3, 0x1d, 0x81, 0xff, 0xff, 0xb0, 0x0,
    0x7c, 0xff, 0xff, 0xff, 0xff, 0xff, 0xff, 0xff,
    0xe3, 0x22, 0x0, 0x7c, 0xff, 0xff, 0xf4, 0xf0,
    0xfa, 0xff, 0xe0, 0xc, 0x0, 0x0, 0x7c, 0xff,
    0xff, 0x38, 0x0, 0x80, 0xff, 0xfe, 0x15, 0x0,
    0x0, 0x7c, 0xff, 0xff, 0x38, 0x0, 0x39, 0xff,
    0xff, 0x5c, 0x0, 0x0, 0x7c, 0xff, 0xff, 0x38,
    0x0, 0x3, 0xee, 0xff, 0xa4, 0x0, 0x0, 0x7c,
    0xff, 0xff, 0x38, 0x0, 0x0, 0xaa, 0xff, 0xec,
    0x2, 0x0, 0x7c, 0xff, 0xff, 0x38, 0x0, 0x0,
    0x62, 0xff, 0xff, 0x37, 0x0, 0x7c, 0xff, 0xff,
    0x38, 0x0, 0x0, 0x1b, 0xff, 0xff, 0x80, 0x0,
    0x7c, 0xff, 0xff, 0x38, 0x0, 0x0, 0x0, 0xd3,
    0xff, 0xc9, 0x0, 0x7c, 0xff, 0xff, 0x38, 0x0,
    0x0, 0x0, 0x8c, 0xff, 0xfe, 0x14, 0x7c, 0xff,
    0xff, 0x38, 0x0, 0x0, 0x0, 0x44, 0xff, 0xff,
    0x5c,

    /* U+0053 "S" */
    0x0, 0x0, 0x26, 0xa6, 0xe9, 0xfe, 0xef, 0xb8,
    0x40, 0x0, 0x0, 0x0, 0x2c, 0xf1, 0xff, 0xff,
    0xff, 0xff, 0xff, 0xfd, 0x4d, 0x0, 0x0, 0xb4,
    0xff, 0xeb, 0x4c, 0x18, 0x3f, 0xdc, 0xff, 0xde,
    0x2, 0x0, 0xf4, 0xff, 0x7f, 0x0, 0x0, 0x0,
    0x46, 0xff, 0xff, 0x34, 0x2, 0xff, 0xff, 0x70,
    0x0, 0x0, 0x0, 0x6, 0xfa, 0xff, 0x59, 0x0,
    0xe7, 0xff, 0xbd, 0x1, 0x0, 0x0, 0x0, 0x4f,
    0x1b, 0x0, 0x0, 0x99, 0xff, 0xff, 0x8d, 0x2,
    0x0, 0x0, 0x0, 0x0, 0x0, 0x0, 0x17, 0xe5,
    0xff, 0xff, 0xad, 0xb, 0x0, 0x0, 0x0, 0x0,
    0x0, 0x0, 0x23, 0xd9, 0xff, 0xff, 0xcd, 0x1c,
    0x0, 0x0, 0x0, 0x0, 0x0, 0x0, 0x11, 0xbd,
    0xff, 0xff, 0xe6, 0x30, 0x0, 0x0, 0x0, 0x0,
    0x0, 0x0, 0x5, 0x9b, 0xff, 0xff, 0xee, 0x2a,
    0x0, 0x0, 0x0, 0x0, 0x0, 0x0, 0x0, 0x78,
    0xff, 0xff, 0xd5, 0x5, 0x0, 0x0, 0x0, 0x4,
    0x0, 0x0, 0x0, 0x86, 0xff, 0xff, 0x5f, 0x5,
    0x9d, 0xe0, 0x69, 0x0, 0x0, 0x0, 0x6, 0xef,
    0xff, 0xa5, 0x0, 0xf1, 0xff, 0x99, 0x0, 0x0,
    0x0, 0x0, 0xc8, 0xff, 0xbc, 0x0, 0xb8, 0xff,
    0xe7, 0xa, 0x0, 0x0, 0x1, 0xe2, 0xff, 0xa9,
    0x0, 0x50, 0xff, 0xff, 0xb7, 0x34, 0x2b, 0x93,
    0xff, 0xff, 0x5b, 0x0, 0x0, 0xa0, 0xff, 0xff,
    0xff, 0xff, 0xff, 0xff, 0xb5, 0x2, 0x0, 0x0,
    0x1, 0x65, 0xcc, 0xf6, 0xfa, 0xd2, 0x75, 0x5,
    0x0,

    /* U+0054 "T" */
    0xa4, 0xff, 0xff, 0xff, 0xff, 0xff, 0xff, 0xff,
    0xff, 0x8c, 0xa4, 0xff, 0xff, 0xff, 0xff, 0xff,
    0xff, 0xff, 0xff, 0x8c, 0x3, 0x4, 0x4, 0x5f,
    0xff, 0xff, 0x5f, 0x4, 0x4, 0x2, 0x0, 0x0,
    0x0, 0x5c, 0xff, 0xff, 0x5c, 0x0, 0x0, 0x0,
    0x0, 0x0, 0x0, 0x5c, 0xff, 0xff, 0x5c, 0x0,
    0x0, 0x0, 0x0, 0x0, 0x0, 0x5c, 0xff, 0xff,
    0x5c, 0x0, 0x0, 0x0, 0x0, 0x0, 0x0, 0x5c,
    0xff, 0xff, 0x5c, 0x0, 0x0, 0x0, 0x0, 0x0,
    0x0, 0x5c, 0xff, 0xff, 0x5c, 0x0, 0x0, 0x0,
    0x0, 0x0, 0x0, 0x5c, 0xff, 0xff, 0x5c, 0x0,
    0x0, 0x0, 0x0, 0x0, 0x0, 0x5c, 0xff, 0xff,
    0x5c, 0x0, 0x0, 0x0, 0x0, 0x0, 0x0, 0x5c,
    0xff, 0xff, 0x5c, 0x0, 0x0, 0x0, 0x0, 0x0,
    0x0, 0x5c, 0xff, 0xff, 0x5c, 0x0, 0x0, 0x0,
    0x0, 0x0, 0x0, 0x5c, 0xff, 0xff, 0x5c, 0x0,
    0x0, 0x0, 0x0, 0x0, 0x0, 0x5c, 0xff, 0xff,
    0x5c, 0x0, 0x0, 0x0, 0x0, 0x0, 0x0, 0x5c,
    0xff, 0xff, 0x5c, 0x0, 0x0, 0x0, 0x0, 0x0,
    0x0, 0x5c, 0xff, 0xff, 0x5c, 0x0, 0x0, 0x0,
    0x0, 0x0, 0x0, 0x5c, 0xff, 0xff, 0x5c, 0x0,
    0x0, 0x0, 0x0, 0x0, 0x0, 0x5c, 0xff, 0xff,
    0x5c, 0x0, 0x0, 0x0, 0x0, 0x0, 0x0, 0x5c,
    0xff, 0xff, 0x5c, 0x0, 0x0, 0x0,

    /* U+0055 "U" */
    0xa8, 0xff, 0xf0, 0x0, 0x0, 0x0, 0x0, 0x0,
    0xe0, 0xff, 0xb0, 0xa8, 0xff, 0xf0, 0x0, 0x0,
    0x0, 0x0, 0x0, 0xe0, 0xff, 0xb0, 0xa8, 0xff,
    0xf0, 0x0, 0x0, 0x0, 0x0, 0x0, 0xe0, 0xff,
    0xb0, 0xa8, 0xff, 0xf0, 0x0, 0x0, 0x0, 0x0,
    0x0, 0xe0, 0xff, 0xb0, 0xa8, 0xff, 0xf0, 0x0,
    0x0, 0x0, 0x0, 0x0, 0xe0, 0xff, 0xb0, 0xa8,
    0xff, 0xf0, 0x0, 0x0, 0x0, 0x0, 0x0, 0xe0,
    0xff, 0xb0, 0xa8, 0xff, 0xf0, 0x0, 0x0, 0x0,
    0x0, 0x0, 0xe0, 0xff, 0xb0, 0xa8, 0xff, 0xf0,
    0x0, 0x0, 0x0, 0x0, 0x0, 0xe0, 0xff, 0xb0,
    0xa8, 0xff, 0xf0, 0x0, 0x0, 0x0, 0x0, 0x0,
    0xe0, 0xff, 0xb0, 0xa8, 0xff, 0xf0, 0x0, 0x0,
    0x0, 0x0, 0x0, 0xe0, 0xff, 0xb0, 0xa8, 0xff,
    0xf0, 0x0, 0x0, 0x0, 0x0, 0x0, 0xe0, 0xff,
    0xb0, 0xa8, 0xff, 0xf0, 0x0, 0x0, 0x0, 0x0,
    0x0, 0xe0, 0xff, 0xb0, 0xa7, 0xff, 0xf1, 0x0,
    0x0, 0x0, 0x0, 0x0, 0xe1, 0xff, 0xaf, 0x9e,
    0xff, 0xfa, 0x0, 0x0, 0x0, 0x0, 0x0, 0xea,
    0xff, 0xa6, 0x87, 0xff, 0xff, 0x15, 0x0, 0x0,
    0x0, 0x7, 0xfe, 0xff, 0x8e, 0x58, 0xff, 0xff,
    0x57, 0x0, 0x0, 0x0, 0x49, 0xff, 0xff, 0x5f,
    0x11, 0xf4, 0xff, 0xe7, 0x52, 0x24, 0x4a, 0xdf,
    0xff, 0xf7, 0x16, 0x0, 0x69, 0xff, 0xff, 0xff,
    0xff, 0xff, 0xff, 0xff, 0x73, 0x0, 0x0, 0x0,
    0x4c, 0xbb, 0xee, 0xfe, 0xf0, 0xc0, 0x54, 0x0,
    0x0,

    /* U+0056 "V" */
    0x58, 0xff, 0xff, 0x34, 0x0, 0x0, 0x0, 0x0,
    0x8, 0xfb, 0xff, 0x73, 0x1d, 0xff, 0xff, 0x6d,
    0x0, 0x0, 0x0, 0x0, 0x37, 0xff, 0xff, 0x39,
    0x0, 0xe2, 0xff, 0xa4, 0x0, 0x0, 0x0, 0x0,
    0x6e, 0xff, 0xf8, 0x7, 0x0, 0xa7, 0xff, 0xdd,
    0x0, 0x0, 0x0, 0x0, 0xa3, 0xff, 0xc5, 0x0,
    0x0, 0x6d, 0xff, 0xff, 0x16, 0x0, 0x0, 0x0,
    0xd8, 0xff, 0x8b, 0x0, 0x0, 0x32, 0xff, 0xff,
    0x4e, 0x0, 0x0, 0x10, 0xfe, 0xff, 0x52, 0x0,
    0x0, 0x3, 0xf3, 0xff, 0x85, 0x0, 0x0, 0x44,
    0xff, 0xff, 0x18, 0x0, 0x0, 0x0, 0xbd, 0xff,
    0xbe, 0x0, 0x0, 0x79, 0xff, 0xde, 0x0, 0x0,
    0x0, 0x0, 0x83, 0xff, 0xf3, 0x3, 0x0, 0xaf,
    0xff, 0xa4, 0x0, 0x0, 0x0, 0x0, 0x4a, 0xff,
    0xff, 0x2e, 0x0, 0xe4, 0xff, 0x69, 0x0, 0x0,
    0x0, 0x0, 0x10, 0xfe, 0xff, 0x66, 0x19, 0xff,
    0xff, 0x30, 0x0, 0x0, 0x0, 0x0, 0x0, 0xd3,
    0xff, 0xa0, 0x4f, 0xff, 0xf3, 0x3, 0x0, 0x0,
    0x0, 0x0, 0x0, 0x99, 0xff, 0xd8, 0x84, 0xff,
    0xbd, 0x0, 0x0, 0x0, 0x0, 0x0, 0x0, 0x5e,
    0xff, 0xff, 0xcb, 0xff, 0x82, 0x0, 0x0, 0x0,
    0x0, 0x0, 0x0, 0x23, 0xff, 0xff, 0xff, 0xff,
    0x4a, 0x0, 0x0, 0x0, 0x0, 0x0, 0x0, 0x0,
    0xe8, 0xff, 0xff, 0xfe, 0x10, 0x0, 0x0, 0x0,
    0x0, 0x0, 0x0, 0x0, 0xae, 0xff, 0xff, 0xd4,
    0x0, 0x0, 0x0, 0x0, 0x0, 0x0, 0x0, 0x0,
    0x74, 0xff, 0xff, 0x9b, 0x0, 0x0, 0x0, 0x0,
    0x0, 0x0, 0x0, 0x0, 0x3b, 0xff, 0xff, 0x61,
    0x0, 0x0, 0x0, 0x0,

    /* U+0057 "W" */
    0xf, 0xff, 0xff, 0x34, 0x0, 0x0, 0x0, 0x45,
    0xff, 0xda, 0x0, 0x0, 0x0, 0x0, 0xa7, 0xff,
    0x8b, 0x0, 0xe4, 0xff, 0x5a, 0x0, 0x0, 0x0,
    0x76, 0xff, 0xfe, 0xc, 0x0, 0x0, 0x0, 0xcd,
    0xff, 0x61, 0x0, 0xb8, 0xff, 0x82, 0x0, 0x0,
    0x0, 0xa6, 0xff, 0xff, 0x3b, 0x0, 0x0, 0x0,
    0xf3, 0xff, 0x38, 0x0, 0x8e, 0xff, 0xa8, 0x0,
    0x0, 0x0, 0xd9, 0xff, 0xff, 0x6c, 0x0, 0x0,
    0x19, 0xff, 0xff, 0xe, 0x0, 0x64, 0xff, 0xcf,
    0x0, 0x0, 0xc, 0xfe, 0xff, 0xff, 0x9e, 0x0,
    0x0, 0x3f, 0xff, 0xe4, 0x0, 0x0, 0x38, 0xff,
    0xf5, 0x1, 0x0, 0x3a, 0xff, 0xc7, 0xff, 0xce,
    0x0, 0x0, 0x65, 0xff, 0xb9, 0x0, 0x0, 0xf,
    0xff, 0xff, 0x1d, 0x0, 0x6b, 0xff, 0x86, 0xde,
    0xfa, 0x7, 0x0, 0x8a, 0xff, 0x90, 0x0, 0x0,
    0x0, 0xe4, 0xff, 0x44, 0x0, 0x9e, 0xff, 0x54,
    0xad, 0xff, 0x32, 0x0, 0xb1, 0xff, 0x66, 0x0,
    0x0, 0x0, 0xb8, 0xff, 0x6b, 0x0, 0xce, 0xff,
    0x22, 0x7b, 0xff, 0x62, 0x0, 0xd6, 0xff, 0x3c,
    0x0, 0x0, 0x0, 0x8e, 0xff, 0x92, 0x6, 0xf9,
    0xf0, 0x1, 0x4a, 0xff, 0x95, 0x3, 0xfa, 0xff,
    0x12, 0x0, 0x0, 0x0, 0x64, 0xff, 0xb9, 0x32,
    0xff, 0xbe, 0x0, 0x19, 0xff, 0xc6, 0x22, 0xff,
    0xe8, 0x0, 0x0, 0x0, 0x0, 0x38, 0xff, 0xe0,
    0x62, 0xff, 0x8e, 0x0, 0x0, 0xe6, 0xf4, 0x4a,
    0xff, 0xbe, 0x0, 0x0, 0x0, 0x0, 0xe, 0xff,
    0xfe, 0x9b, 0xff, 0x5a, 0x0, 0x0, 0xb6, 0xff,
    0x96, 0xff, 0x94, 0x0, 0x0, 0x0, 0x0, 0x0,
    0xe3, 0xff, 0xed, 0xff, 0x2a, 0x0, 0x0, 0x84,
    0xff, 0xe9, 0xff, 0x6b, 0x0, 0x0, 0x0, 0x0,
    0x0, 0xb8, 0xff, 0xff, 0xf4, 0x3, 0x0, 0x0,
    0x52, 0xff, 0xff, 0xff, 0x40, 0x0, 0x0, 0x0,
    0x0, 0x0, 0x8d, 0xff, 0xff, 0xc6, 0x0, 0x0,
    0x0, 0x22, 0xff, 0xff, 0xff, 0x17, 0x0, 0x0,
    0x0, 0x0, 0x0, 0x63, 0xff, 0xff, 0x96, 0x0,
    0x0, 0x0, 0x1, 0xee, 0xff, 0xec, 0x0, 0x0,
    0x0, 0x0, 0x0, 0x0, 0x38, 0xff, 0xff, 0x62,
    0x0, 0x0, 0x0, 0x0, 0xbe, 0xff, 0xc3, 0x0,
    0x0, 0x0, 0x0, 0x0, 0x0, 0xe, 0xff, 0xff,
    0x32, 0x0, 0x0, 0x0, 0x0, 0x8e, 0xff, 0x99,
    0x0, 0x0, 0x0,

    /* U+0058 "X" */
    0x63, 0xff, 0xfd, 0x24, 0x0, 0x0, 0x0, 0x0,
    0xa7, 0xff, 0xd5, 0x1, 0x8, 0xea, 0xff, 0x90,
    0x0, 0x0, 0x0, 0x15, 0xf9, 0xff, 0x67, 0x0,
    0x0, 0x82, 0xff, 0xf3, 0xf, 0x0, 0x0, 0x75,
    0xff, 0xed, 0x9, 0x0, 0x0, 0x18, 0xf9, 0xff,
    0x72, 0x0, 0x1, 0xda, 0xff, 0x86, 0x0, 0x0,
    0x0, 0x0, 0xa2, 0xff, 0xdf, 0x3, 0x42, 0xff,
    0xfb, 0x1b, 0x0, 0x0, 0x0, 0x0, 0x31, 0xff,
    0xff, 0x55, 0xa8, 0xff, 0xa5, 0x0, 0x0, 0x0,
    0x0, 0x0, 0x0, 0xbe, 0xff, 0xd2, 0xf9, 0xff,
    0x32, 0x0, 0x0, 0x0, 0x0, 0x0, 0x0, 0x4e,
    0xff, 0xff, 0xff, 0xc2, 0x0, 0x0, 0x0, 0x0,
    0x0, 0x0, 0x0, 0x2, 0xdc, 0xff, 0xff, 0x52,
    0x0, 0x0, 0x0, 0x0, 0x0, 0x0, 0x0, 0x0,
    0xcf, 0xff, 0xff, 0x1e, 0x0, 0x0, 0x0, 0x0,
    0x0, 0x0, 0x0, 0x39, 0xff, 0xff, 0xff, 0x86,
    0x0, 0x0, 0x0, 0x0, 0x0, 0x0, 0x0, 0xa0,
    0xff, 0xfd, 0xff, 0xed, 0xa, 0x0, 0x0, 0x0,
    0x0, 0x0, 0x12, 0xf7, 0xff, 0x77, 0xfe, 0xff,
    0x67, 0x0, 0x0, 0x0, 0x0, 0x0, 0x72, 0xff,
    0xe8, 0x5, 0xb4, 0xff, 0xd5, 0x1, 0x0, 0x0,
    0x0, 0x1, 0xd9, 0xff, 0x8c, 0x0, 0x42, 0xff,
    0xff, 0x46, 0x0, 0x0, 0x0, 0x42, 0xff, 0xff,
    0x2c, 0x0, 0x0, 0xd1, 0xff, 0xb7, 0x0, 0x0,
    0x0, 0xab, 0xff, 0xc8, 0x0, 0x0, 0x0, 0x60,
    0xff, 0xff, 0x28, 0x0, 0x18, 0xfb, 0xff, 0x67,
    0x0, 0x0, 0x0, 0x7, 0xe8, 0xff, 0x96, 0x0,
    0x7c, 0xff, 0xf6, 0xe, 0x0, 0x0, 0x0, 0x0,
    0x7e, 0xff, 0xf5, 0x11,

    /* U+0059 "Y" */
    0x8c, 0xff, 0xf3, 0x7, 0x0, 0x0, 0x0, 0x0,
    0x72, 0xff, 0xfd, 0x17, 0x34, 0xff, 0xff, 0x4d,
    0x0, 0x0, 0x0, 0x0, 0xc2, 0xff, 0xbe, 0x0,
    0x0, 0xdd, 0xff, 0x9e, 0x0, 0x0, 0x0, 0x18,
    0xfe, 0xff, 0x67, 0x0, 0x0, 0x86, 0xff, 0xee,
    0x4, 0x0, 0x0, 0x67, 0xff, 0xfc, 0x14, 0x0,
    0x0, 0x2e, 0xff, 0xff, 0x44, 0x0, 0x0, 0xba,
    0xff, 0xb9, 0x0, 0x0, 0x0, 0x0, 0xd6, 0xff,
    0x97, 0x0, 0x10, 0xfa, 0xff, 0x63, 0x0, 0x0,
    0x0, 0x0, 0x80, 0xff, 0xe8, 0x2, 0x5d, 0xff,
    0xfa, 0x12, 0x0, 0x0, 0x0, 0x0, 0x28, 0xff,
    0xff, 0x3e, 0xae, 0xff, 0xb4, 0x0, 0x0, 0x0,
    0x0, 0x0, 0x0, 0xd1, 0xff, 0x9c, 0xf7, 0xff,
    0x5d, 0x0, 0x0, 0x0, 0x0, 0x0, 0x0, 0x78,
    0xff, 0xfe, 0xff, 0xf9, 0xe, 0x0, 0x0, 0x0,
    0x0, 0x0, 0x0, 0x23, 0xff, 0xff, 0xff, 0xb0,
    0x0, 0x0, 0x0, 0x0, 0x0, 0x0, 0x0, 0x0,
    0xca, 0xff, 0xff, 0x59, 0x0, 0x0, 0x0, 0x0,
    0x0, 0x0, 0x0, 0x0, 0x88, 0xff, 0xff, 0x18,
    0x0, 0x0, 0x0, 0x0, 0x0, 0x0, 0x0, 0x0,
    0x84, 0xff, 0xff, 0x14, 0x0, 0x0, 0x0, 0x0,
    0x0, 0x0, 0x0, 0x0, 0x84, 0xff, 0xff, 0x14,
    0x0, 0x0, 0x0, 0x0, 0x0, 0x0, 0x0, 0x0,
    0x84, 0xff, 0xff, 0x14, 0x0, 0x0, 0x0, 0x0,
    0x0, 0x0, 0x0, 0x0, 0x84, 0xff, 0xff, 0x14,
    0x0, 0x0, 0x0, 0x0, 0x0, 0x0, 0x0, 0x0,
    0x84, 0xff, 0xff, 0x14, 0x0, 0x0, 0x0, 0x0,
    0x0, 0x0, 0x0, 0x0, 0x84, 0xff, 0xff, 0x14,
    0x0, 0x0, 0x0, 0x0,

    /* U+005A "Z" */
    0x0, 0xbc, 0xff, 0xff, 0xff, 0xff, 0xff, 0xff,
    0xff, 0x80, 0x0, 0xb0, 0xf0, 0xf0, 0xf0, 0xf0,
    0xf6, 0xff, 0xff, 0x5f, 0x0, 0x0, 0x0, 0x0,
    0x0, 0x0, 0x97, 0xff, 0xf4, 0xc, 0x0, 0x0,
    0x0, 0x0, 0x0, 0x8, 0xf0, 0xff, 0x9f, 0x0,
    0x0, 0x0, 0x0, 0x0, 0x0, 0x58, 0xff, 0xff,
    0x3c, 0x0, 0x0, 0x0, 0x0, 0x0, 0x0, 0xb9,
    0xff, 0xdb, 0x1, 0x0, 0x0, 0x0, 0x0, 0x0,
    0x1c, 0xfd, 0xff, 0x7c, 0x0, 0x0, 0x0, 0x0,
    0x0, 0x0, 0x7c, 0xff, 0xfe, 0x1e, 0x0, 0x0,
    0x0, 0x0, 0x0, 0x1, 0xdb, 0xff, 0xba, 0x0,
    0x0, 0x0, 0x0, 0x0, 0x0, 0x3c, 0xff, 0xff,
    0x58, 0x0, 0x0, 0x0, 0x0, 0x0, 0x0, 0x9c,
    0xff, 0xf0, 0x8, 0x0, 0x0, 0x0, 0x0, 0x0,
    0xb, 0xf2, 0xff, 0x98, 0x0, 0x0, 0x0, 0x0,
    0x0, 0x0, 0x5f, 0xff, 0xff, 0x35, 0x0, 0x0,
    0x0, 0x0, 0x0, 0x0, 0xc0, 0xff, 0xd4, 0x0,
    0x0, 0x0, 0x0, 0x0, 0x0, 0x21, 0xff, 0xff,
    0x74, 0x0, 0x0, 0x0, 0x0, 0x0, 0x0, 0x80,
    0xff, 0xfc, 0x18, 0x0, 0x0, 0x0, 0x0, 0x0,
    0x2, 0xdf, 0xff, 0xb4, 0x0, 0x0, 0x0, 0x0,
    0x0, 0x0, 0x18, 0xff, 0xff, 0xf8, 0xf0, 0xf0,
    0xf0, 0xf0, 0xf0, 0x78, 0x18, 0xff, 0xff, 0xff,
    0xff, 0xff, 0xff, 0xff, 0xff, 0x80,

    /* U+005B "[" */
    0x7c, 0xff, 0xff, 0xff, 0xff, 0xcc, 0x7c, 0xff,
    0xff, 0x5e, 0x50, 0x40, 0x7c, 0xff, 0xff, 0x14,
    0x0, 0x0, 0x7c, 0xff, 0xff, 0x14, 0x0, 0x0,
    0x7c, 0xff, 0xff, 0x14, 0x0, 0x0, 0x7c, 0xff,
    0xff, 0x14, 0x0, 0x0, 0x7c, 0xff, 0xff, 0x14,
    0x0, 0x0, 0x7c, 0xff, 0xff, 0x14, 0x0, 0x0,
    0x7c, 0xff, 0xff, 0x14, 0x0, 0x0, 0x7c, 0xff,
    0xff, 0x14, 0x0, 0x0, 0x7c, 0xff, 0xff, 0x14,
    0x0, 0x0, 0x7c, 0xff, 0xff, 0x14, 0x0, 0x0,
    0x7c, 0xff, 0xff, 0x14, 0x0, 0x0, 0x7c, 0xff,
    0xff, 0x14, 0x0, 0x0, 0x7c, 0xff, 0xff, 0x14,
    0x0, 0x0, 0x7c, 0xff, 0xff, 0x14, 0x0, 0x0,
    0x7c, 0xff, 0xff, 0x14, 0x0, 0x0, 0x7c, 0xff,
    0xff, 0x14, 0x0, 0x0, 0x7c, 0xff, 0xff, 0x14,
    0x0, 0x0, 0x7c, 0xff, 0xff, 0x14, 0x0, 0x0,
    0x7c, 0xff, 0xff, 0x14, 0x0, 0x0, 0x7c, 0xff,
    0xff, 0x5e, 0x50, 0x40, 0x7c, 0xff, 0xff, 0xff,
    0xff, 0xcc,

    /* U+005C "\\" */
    0x29, 0xff, 0xfc, 0xf, 0x0, 0x0, 0x0, 0x0,
    0x0, 0x0, 0xe2, 0xff, 0x52, 0x0, 0x0, 0x0,
    0x0, 0x0, 0x0, 0x9d, 0xff, 0x98, 0x0, 0x0,
    0x0, 0x0, 0x0, 0x0, 0x56, 0xff, 0xdf, 0x0,
    0x0, 0x0, 0x0, 0x0, 0x0, 0x13, 0xfd, 0xff,
    0x27, 0x0, 0x0, 0x0, 0x0, 0x0, 0x0, 0xcb,
    0xff, 0x6d, 0x0, 0x0, 0x0, 0x0, 0x0, 0x0,
    0x82, 0xff, 0xb4, 0x0, 0x0, 0x0, 0x0, 0x0,
    0x0, 0x3d, 0xff, 0xf4, 0x6, 0x0, 0x0, 0x0,
    0x0, 0x0, 0x4, 0xf1, 0xff, 0x42, 0x0, 0x0,
    0x0, 0x0, 0x0, 0x0, 0xb0, 0xff, 0x87, 0x0,
    0x0, 0x0, 0x0, 0x0, 0x0, 0x6a, 0xff, 0xcf,
    0x0, 0x0, 0x0, 0x0, 0x0, 0x0, 0x23, 0xff,
    0xff, 0x17, 0x0, 0x0, 0x0, 0x0, 0x0, 0x0,
    0xde, 0xff, 0x5d, 0x0, 0x0, 0x0, 0x0, 0x0,
    0x0, 0x97, 0xff, 0xa3, 0x0, 0x0, 0x0, 0x0,
    0x0, 0x0, 0x51, 0xff, 0xe9, 0x1, 0x0, 0x0,
    0x0, 0x0, 0x0, 0xf, 0xfc, 0xff, 0x30, 0x0,
    0x0, 0x0, 0x0, 0x0, 0x0, 0xc4, 0xff, 0x77,
    0x0, 0x0, 0x0, 0x0, 0x0, 0x0, 0x7e, 0xff,
    0xbe, 0x0, 0x0, 0x0, 0x0, 0x0, 0x0, 0x37,
    0xff, 0xfa, 0xb,

    /* U+005D "]" */
    0x60, 0xff, 0xff, 0xff, 0xff, 0xec, 0x21, 0x58,
    0x58, 0xc6, 0xff, 0xec, 0x0, 0x0, 0x0, 0xa8,
    0xff, 0xec, 0x0, 0x0, 0x0, 0xa8, 0xff, 0xec,
    0x0, 0x0, 0x0, 0xa8, 0xff, 0xec, 0x0, 0x0,
    0x0, 0xa8, 0xff, 0xec, 0x0, 0x0, 0x0, 0xa8,
    0xff, 0xec, 0x0, 0x0, 0x0, 0xa8, 0xff, 0xec,
    0x0, 0x0, 0x0, 0xa8, 0xff, 0xec, 0x0, 0x0,
    0x0, 0xa8, 0xff, 0xec, 0x0, 0x0, 0x0, 0xa8,
    0xff, 0xec, 0x0, 0x0, 0x0, 0xa8, 0xff, 0xec,
    0x0, 0x0, 0x0, 0xa8, 0xff, 0xec, 0x0, 0x0,
    0x0, 0xa8, 0xff, 0xec, 0x0, 0x0, 0x0, 0xa8,
    0xff, 0xec, 0x0, 0x0, 0x0, 0xa8, 0xff, 0xec,
    0x0, 0x0, 0x0, 0xa8, 0xff, 0xec, 0x0, 0x0,
    0x0, 0xa8, 0xff, 0xec, 0x0, 0x0, 0x0, 0xa8,
    0xff, 0xec, 0x0, 0x0, 0x0, 0xa8, 0xff, 0xec,
    0x0, 0x0, 0x0, 0xa8, 0xff, 0xec, 0x1e, 0x50,
    0x50, 0xc4, 0xff, 0xec, 0x60, 0xff, 0xff, 0xff,
    0xff, 0xec,

    /* U+005E "^" */
    0x0, 0x0, 0x0, 0xa, 0x80, 0x80, 0x5d, 0x0,
    0x0, 0x0, 0x0, 0x0, 0x0, 0x66, 0xff, 0xff,
    0xf8, 0x16, 0x0, 0x0, 0x0, 0x0, 0x1, 0xd4,
    0xff, 0xd9, 0xff, 0x7b, 0x0, 0x0, 0x0, 0x0,
    0x42, 0xff, 0xe5, 0x44, 0xff, 0xe5, 0x5, 0x0,
    0x0, 0x0, 0xb0, 0xff, 0x88, 0x2, 0xe2, 0xff,
    0x57, 0x0, 0x0, 0x21, 0xfd, 0xff, 0x29, 0x0,
    0x85, 0xff, 0xc6, 0x0, 0x0, 0x8c, 0xff, 0xcc,
    0x0, 0x0, 0x29, 0xff, 0xff, 0x33, 0xb, 0xef,
    0xff, 0x6c, 0x0, 0x0, 0x0, 0xcc, 0xff, 0xa2,

    /* U+005F "_" */
    0xf0, 0xf0, 0xf0, 0xf0, 0xf0, 0xf0, 0xf0, 0xf0,
    0x3c, 0xff, 0xff, 0xff, 0xff, 0xff, 0xff, 0xff,
    0xff, 0x40,

    /* U+0060 "`" */
    0x3d, 0x80, 0x7e, 0x3, 0x0, 0x17, 0xf1, 0xff,
    0x3e, 0x0, 0x0, 0x73, 0xff, 0x8b, 0x0, 0x0,
    0x5, 0xd8, 0xd8, 0x0, 0x0, 0x0, 0x48, 0xff,
    0x26,

    /* U+0061 "a" */
    0x0, 0x4, 0x7b, 0xdb, 0xfb, 0xf5, 0xbd, 0x33,
    0x0, 0x0, 0x92, 0xff, 0xff, 0xf1, 0xfd, 0xff,
    0xec, 0x12, 0xf, 0xf9, 0xff, 0x90, 0x1, 0x3c,
    0xff, 0xff, 0x66, 0x40, 0xff, 0xff, 0x3f, 0x0,
    0x0, 0xf7, 0xff, 0x95, 0x26, 0x78, 0x78, 0x1a,
    0x0, 0x0, 0xec, 0xff, 0xa3, 0x0, 0x0, 0x0,
    0x0, 0x14, 0x75, 0xf9, 0xff, 0xa4, 0x0, 0x0,
    0x10, 0x91, 0xf7, 0xfd, 0xfd, 0xff, 0xa4, 0x0,
    0x28, 0xe2, 0xff, 0xce, 0x31, 0xec, 0xff, 0xa4,
    0x2, 0xd4, 0xff, 0xbf, 0x8, 0x0, 0xec, 0xff,
    0xa4, 0x3e, 0xff, 0xff, 0x43, 0x0, 0x0, 0xec,
    0xff, 0xa4, 0x63, 0xff, 0xff, 0x37, 0x0, 0x4,
    0xf1, 0xff, 0xa4, 0x53, 0xff, 0xff, 0xab, 0x3b,
    0xb1, 0xfd, 0xff, 0xaa, 0xd, 0xe9, 0xff, 0xff,
    0xff, 0xd7, 0xbc, 0xff, 0xba, 0x0, 0x34, 0xd3,
    0xfc, 0xc7, 0x25, 0x8e, 0xff, 0xd2,

    /* U+0062 "b" */
    0xa8, 0xff, 0xe8, 0x0, 0x0, 0x0, 0x0, 0x0,
    0x0, 0xa8, 0xff, 0xe8, 0x0, 0x0, 0x0, 0x0,
    0x0, 0x0, 0xa8, 0xff, 0xe8, 0x0, 0x0, 0x0,
    0x0, 0x0, 0x0, 0xa8, 0xff, 0xe8, 0x0, 0x0,
    0x0, 0x0, 0x0, 0x0, 0xa8, 0xff, 0xe8, 0x0,
    0x0, 0x0, 0x0, 0x0, 0x0, 0xa8, 0xff, 0xe8,
    0x41, 0xd2, 0xfb, 0xd5, 0x3a, 0x0, 0xa8, 0xff,
    0xfa, 0xfb, 0xff, 0xff, 0xff, 0xeb, 0xd, 0xa8,
    0xff, 0xf8, 0x55, 0x7, 0x65, 0xff, 0xff, 0x5a,
    0xa8, 0xff, 0xe8, 0x0, 0x0, 0x4, 0xfa, 0xff,
    0x92, 0xa8, 0xff, 0xe8, 0x0, 0x0, 0x0, 0xe6,
    0xff, 0xac, 0xa8, 0xff, 0xe8, 0x0, 0x0, 0x0,
    0xe0, 0xff, 0xb4, 0xa8, 0xff, 0xe8, 0x0, 0x0,
    0x0, 0xe0, 0xff, 0xb4, 0xa8, 0xff, 0xe8, 0x0,
    0x0, 0x0, 0xe0, 0xff, 0xb4, 0xa8, 0xff, 0xe8,
    0x0, 0x0, 0x0, 0xe1, 0xff, 0xb3, 0xa8, 0xff,
    0xe8, 0x0, 0x0, 0x0, 0xe7, 0xff, 0xa8, 0xa8,
    0xff, 0xe8, 0x0, 0x0, 0x4, 0xfa, 0xff, 0x89,
    0xa8, 0xff, 0xf6, 0x48, 0x8, 0x5f, 0xff, 0xff,
    0x4f, 0xa8, 0xff, 0xfd, 0xff, 0xff, 0xff, 0xff,
    0xda, 0x5, 0xa8, 0xff, 0xe8, 0x52, 0xde, 0xfa,
    0xc2, 0x28, 0x0,

    /* U+0063 "c" */
    0x0, 0x4c, 0xcb, 0xf6, 0xfb, 0xd9, 0x6f, 0x0,
    0x39, 0xfd, 0xff, 0xf7, 0xf0, 0xff, 0xff, 0x5c,
    0xa4, 0xff, 0xe4, 0xf, 0x3, 0xbd, 0xff, 0xb4,
    0xd7, 0xff, 0xa9, 0x0, 0x0, 0x7e, 0xff, 0xd7,
    0xf0, 0xff, 0x9a, 0x0, 0x0, 0x74, 0xff, 0xe0,
    0xf8, 0xff, 0x98, 0x0, 0x0, 0xb, 0x18, 0x15,
    0xf8, 0xff, 0x98, 0x0, 0x0, 0x0, 0x0, 0x0,
    0xf8, 0xff, 0x98, 0x0, 0x0, 0x0, 0x0, 0x0,
    0xf8, 0xff, 0x98, 0x0, 0x0, 0x26, 0x54, 0x4a,
    0xf0, 0xff, 0x99, 0x0, 0x0, 0x74, 0xff, 0xdf,
    0xd7, 0xff, 0xaa, 0x0, 0x0, 0x7d, 0xff, 0xd4,
    0xa4, 0xff, 0xe8, 0x14, 0x3, 0xbb, 0xff, 0xab,
    0x38, 0xfd, 0xff, 0xf8, 0xf0, 0xff, 0xff, 0x4e,
    0x0, 0x4c, 0xc9, 0xf6, 0xfa, 0xd6, 0x64, 0x0,

    /* U+0064 "d" */
    0x0, 0x0, 0x0, 0x0, 0x0, 0x40, 0xff, 0xff,
    0x50, 0x0, 0x0, 0x0, 0x0, 0x0, 0x40, 0xff,
    0xff, 0x50, 0x0, 0x0, 0x0, 0x0, 0x0, 0x40,
    0xff, 0xff, 0x50, 0x0, 0x0, 0x0, 0x0, 0x0,
    0x40, 0xff, 0xff, 0x50, 0x0, 0x0, 0x0, 0x0,
    0x0, 0x40, 0xff, 0xff, 0x50, 0x0, 0x59, 0xdd,
    0xfb, 0xc2, 0x6d, 0xff, 0xff, 0x50, 0x2f, 0xfd,
    0xff, 0xff, 0xff, 0xff, 0xff, 0xff, 0x50, 0x96,
    0xff, 0xf8, 0x34, 0xf, 0x87, 0xff, 0xff, 0x50,
    0xcb, 0xff, 0xbb, 0x0, 0x0, 0x40, 0xff, 0xff,
    0x50, 0xe9, 0xff, 0x9b, 0x0, 0x0, 0x40, 0xff,
    0xff, 0x50, 0xf6, 0xff, 0x98, 0x0, 0x0, 0x40,
    0xff, 0xff, 0x50, 0xf8, 0xff, 0x98, 0x0, 0x0,
    0x40, 0xff, 0xff, 0x50, 0xf8, 0xff, 0x98, 0x0,
    0x0, 0x40, 0xff, 0xff, 0x50, 0xf8, 0xff, 0x98,
    0x0, 0x0, 0x40, 0xff, 0xff, 0x50, 0xf0, 0xff,
    0xa0, 0x0, 0x0, 0x40, 0xff, 0xff, 0x50, 0xd7,
    0xff, 0xbc, 0x0, 0x0, 0x40, 0xff, 0xff, 0x50,
    0xa3, 0xff, 0xfa, 0x36, 0xb, 0x7d, 0xff, 0xff,
    0x50, 0x3c, 0xfe, 0xff, 0xff, 0xff, 0xff, 0xff,
    0xff, 0x50, 0x0, 0x5c, 0xdc, 0xfd, 0xca, 0x70,
    0xff, 0xff, 0x50,

    /* U+0065 "e" */
    0x0, 0x44, 0xc4, 0xf5, 0xfa, 0xd6, 0x64, 0x0,
    0x0, 0x32, 0xfa, 0xff, 0xf7, 0xf0, 0xff, 0xff,
    0x4e, 0x0, 0x9e, 0xff, 0xea, 0x12, 0x4, 0xc5,
    0xff, 0xb8, 0x0, 0xd6, 0xff, 0xae, 0x0, 0x0,
    0x81, 0xff, 0xeb, 0x0, 0xf0, 0xff, 0x9b, 0x0,
    0x0, 0x75, 0xff, 0xff, 0x6, 0xf8, 0xff, 0xa2,
    0x18, 0x18, 0x81, 0xff, 0xff, 0x11, 0xf8, 0xff,
    0xff, 0xff, 0xff, 0xff, 0xff, 0xff, 0x14, 0xf8,
    0xff, 0xb5, 0x48, 0x48, 0x48, 0x48, 0x48, 0x6,
    0xf8, 0xff, 0x98, 0x0, 0x0, 0x0, 0x0, 0x0,
    0x0, 0xf0, 0xff, 0x98, 0x0, 0x0, 0x5b, 0xc8,
    0xc8, 0x8, 0xd6, 0xff, 0xa2, 0x0, 0x0, 0x7b,
    0xff, 0xfc, 0x1, 0x9d, 0xff, 0xe4, 0x15, 0x3,
    0xbd, 0xff, 0xcc, 0x0, 0x30, 0xfa, 0xff, 0xf9,
    0xf0, 0xff, 0xff, 0x5d, 0x0, 0x0, 0x45, 0xc6,
    0xf5, 0xfc, 0xd6, 0x6b, 0x0, 0x0,

    /* U+0066 "f" */
    0x0, 0x0, 0xd, 0xa8, 0xf2, 0xfd, 0xb8, 0x0,
    0x0, 0x84, 0xff, 0xff, 0xf4, 0xc5, 0x0, 0x0,
    0xc7, 0xff, 0xe1, 0x8, 0x0, 0x0, 0x0, 0xde,
    0xff, 0xb4, 0x0, 0x0, 0x0, 0x0, 0xe4, 0xff,
    0xb0, 0x0, 0x0, 0x8c, 0xff, 0xff, 0xff, 0xff,
    0xff, 0xcc, 0x7d, 0xe4, 0xfd, 0xff, 0xf7, 0xe4,
    0xb6, 0x0, 0x0, 0xe4, 0xff, 0xb0, 0x0, 0x0,
    0x0, 0x0, 0xe4, 0xff, 0xb0, 0x0, 0x0, 0x0,
    0x0, 0xe4, 0xff, 0xb0, 0x0, 0x0, 0x0, 0x0,
    0xe4, 0xff, 0xb0, 0x0, 0x0, 0x0, 0x0, 0xe4,
    0xff, 0xb0, 0x0, 0x0, 0x0, 0x0, 0xe4, 0xff,
    0xb0, 0x0, 0x0, 0x0, 0x0, 0xe4, 0xff, 0xb0,
    0x0, 0x0, 0x0, 0x0, 0xe4, 0xff, 0xb0, 0x0,
    0x0, 0x0, 0x0, 0xe4, 0xff, 0xb0, 0x0, 0x0,
    0x0, 0x0, 0xe4, 0xff, 0xb0, 0x0, 0x0, 0x0,
    0x0, 0xe4, 0xff, 0xb0, 0x0, 0x0, 0x0, 0x0,
    0xe4, 0xff, 0xb0, 0x0, 0x0,

    /* U+0067 "g" */
    0x0, 0x0, 0x0, 0x0, 0x0, 0x0, 0x0, 0x0,
    0x0, 0x0, 0x5, 0x0, 0x0, 0x31, 0xba, 0xf4,
    0xf8, 0xbd, 0x2c, 0x23, 0xbf, 0x74, 0x0, 0x24,
    0xf2, 0xff, 0xeb, 0xe5, 0xff, 0xed, 0xed, 0xf2,
    0x87, 0x0, 0x99, 0xff, 0xd0, 0x7, 0x2, 0xbb,
    0xff, 0xba, 0xa, 0x0, 0x0, 0xda, 0xff, 0x84,
    0x0, 0x0, 0x6e, 0xff, 0xd1, 0x0, 0x0, 0x0,
    0xf4, 0xff, 0x72, 0x0, 0x0, 0x5e, 0xff, 0xf2,
    0x0, 0x0, 0x0, 0xf1, 0xff, 0x74, 0x0, 0x0,
    0x60, 0xff, 0xf3, 0x0, 0x0, 0x0, 0xd1, 0xff,
    0x8e, 0x0, 0x0, 0x76, 0xff, 0xd9, 0x0, 0x0,
    0x0, 0x84, 0xff, 0xe4, 0x23, 0x16, 0xcf, 0xff,
    0x98, 0x0, 0x0, 0x0, 0x13, 0xe0, 0xff, 0xff,
    0xff, 0xff, 0xf2, 0x24, 0x0, 0x0, 0x0, 0x15,
    0xd2, 0xdc, 0xcd, 0xd1, 0xa3, 0x2b, 0x0, 0x0,
    0x0, 0x0, 0xb2, 0xff, 0x44, 0x0, 0x0, 0x0,
    0x0, 0x0, 0x0, 0x0, 0x0, 0xe4, 0xff, 0xef,
    0xc1, 0xaa, 0x93, 0x6b, 0x17, 0x0, 0x0, 0x0,
    0x59, 0xed, 0xff, 0xff, 0xff, 0xff, 0xff, 0xf2,
    0x35, 0x0, 0x0, 0x72, 0xf9, 0x73, 0x2c, 0x4b,
    0x6c, 0xcc, 0xff, 0xb7, 0x0, 0x47, 0xff, 0xc9,
    0x0, 0x0, 0x0, 0x0, 0x2c, 0xff, 0xe0, 0x0,
    0x7f, 0xff, 0xef, 0x4c, 0x1c, 0x17, 0x30, 0xa2,
    0xff, 0xc7, 0x0, 0x3b, 0xfd, 0xff, 0xff, 0xff,
    0xff, 0xff, 0xff, 0xfe, 0x50, 0x0, 0x0, 0x3b,
    0xac, 0xe3, 0xfc, 0xfc, 0xe4, 0xad, 0x3e, 0x0,
    0x0,

    /* U+0068 "h" */
    0xa0, 0xff, 0xf0, 0x0, 0x0, 0x0, 0x0, 0x0,
    0x0, 0xa0, 0xff, 0xf0, 0x0, 0x0, 0x0, 0x0,
    0x0, 0x0, 0xa0, 0xff, 0xf0, 0x0, 0x0, 0x0,
    0x0, 0x0, 0x0, 0xa0, 0xff, 0xf0, 0x0, 0x0,
    0x0, 0x0, 0x0, 0x0, 0xa0, 0xff, 0xf0, 0x0,
    0x0, 0x0, 0x0, 0x0, 0x0, 0xa0, 0xff, 0xf0,
    0x8, 0x82, 0xe4, 0xfb, 0xa8, 0x2, 0xa0, 0xff,
    0xf6, 0xcf, 0xff, 0xff, 0xff, 0xff, 0x48, 0xa0,
    0xff, 0xfe, 0x82, 0xe, 0x55, 0xff, 0xff, 0x76,
    0xa0, 0xff, 0xf0, 0x0, 0x0, 0x1b, 0xff, 0xff,
    0x7c, 0xa0, 0xff, 0xf0, 0x0, 0x0, 0x18, 0xff,
    0xff, 0x7c, 0xa0, 0xff, 0xf0, 0x0, 0x0, 0x18,
    0xff, 0xff, 0x7c, 0xa0, 0xff, 0xf0, 0x0, 0x0,
    0x18, 0xff, 0xff, 0x7c, 0xa0, 0xff, 0xf0, 0x0,
    0x0, 0x18, 0xff, 0xff, 0x7c, 0xa0, 0xff, 0xf0,
    0x0, 0x0, 0x18, 0xff, 0xff, 0x7c, 0xa0, 0xff,
    0xf0, 0x0, 0x0, 0x18, 0xff, 0xff, 0x7c, 0xa0,
    0xff, 0xf0, 0x0, 0x0, 0x18, 0xff, 0xff, 0x7c,
    0xa0, 0xff, 0xf0, 0x0, 0x0, 0x18, 0xff, 0xff,
    0x7c, 0xa0, 0xff, 0xf0, 0x0, 0x0, 0x18, 0xff,
    0xff, 0x7c, 0xa0, 0xff, 0xf0, 0x0, 0x0, 0x18,
    0xff, 0xff, 0x7c,

    /* U+0069 "i" */
    0x88, 0xff, 0xff, 0x8, 0x88, 0xff, 0xff, 0x8,
    0x5e, 0xb0, 0xb0, 0x6, 0x0, 0x0, 0x0, 0x0,
    0x0, 0x0, 0x0, 0x0, 0x88, 0xff, 0xff, 0x8,
    0x88, 0xff, 0xff, 0x8, 0x88, 0xff, 0xff, 0x8,
    0x88, 0xff, 0xff, 0x8, 0x88, 0xff, 0xff, 0x8,
    0x88, 0xff, 0xff, 0x8, 0x88, 0xff, 0xff, 0x8,
    0x88, 0xff, 0xff, 0x8, 0x88, 0xff, 0xff, 0x8,
    0x88, 0xff, 0xff, 0x8, 0x88, 0xff, 0xff, 0x8,
    0x88, 0xff, 0xff, 0x8, 0x88, 0xff, 0xff, 0x8,
    0x88, 0xff, 0xff, 0x8,

    /* U+006A "j" */
    0x0, 0x0, 0x58, 0xff, 0xff, 0x40, 0x0, 0x0,
    0x58, 0xff, 0xff, 0x40, 0x0, 0x0, 0x3d, 0xb0,
    0xb0, 0x2c, 0x0, 0x0, 0x0, 0x0, 0x0, 0x0,
    0x0, 0x0, 0x0, 0x0, 0x0, 0x0, 0x0, 0x0,
    0x58, 0xff, 0xff, 0x38, 0x0, 0x0, 0x58, 0xff,
    0xff, 0x38, 0x0, 0x0, 0x58, 0xff, 0xff, 0x38,
    0x0, 0x0, 0x58, 0xff, 0xff, 0x38, 0x0, 0x0,
    0x58, 0xff, 0xff, 0x38, 0x0, 0x0, 0x58, 0xff,
    0xff, 0x38, 0x0, 0x0, 0x58, 0xff, 0xff, 0x38,
    0x0, 0x0, 0x58, 0xff, 0xff, 0x38, 0x0, 0x0,
    0x58, 0xff, 0xff, 0x38, 0x0, 0x0, 0x58, 0xff,
    0xff, 0x38, 0x0, 0x0, 0x58, 0xff, 0xff, 0x38,
    0x0, 0x0, 0x58, 0xff, 0xff, 0x38, 0x0, 0x0,
    0x58, 0xff, 0xff, 0x38, 0x0, 0x0, 0x5c, 0xff,
    0xff, 0x37, 0x0, 0x4, 0xa5, 0xff, 0xff, 0x23,
    0x71, 0xf8, 0xff, 0xff, 0xcb, 0x0, 0x68, 0xfb,
    0xf1, 0xab, 0x1a, 0x0,

    /* U+006B "k" */
    0xa8, 0xff, 0xe8, 0x0, 0x0, 0x0, 0x0, 0x0,
    0x0, 0x0, 0xa8, 0xff, 0xe8, 0x0, 0x0, 0x0,
    0x0, 0x0, 0x0, 0x0, 0xa8, 0xff, 0xe8, 0x0,
    0x0, 0x0, 0x0, 0x0, 0x0, 0x0, 0xa8, 0xff,
    0xe8, 0x0, 0x0, 0x0, 0x0, 0x0, 0x0, 0x0,
    0xa8, 0xff, 0xe8, 0x0, 0x0, 0x0, 0x0, 0x0,
    0x0, 0x0, 0xa8, 0xff, 0xe8, 0x0, 0x0, 0x0,
    0xa8, 0xff, 0xf3, 0x19, 0xa8, 0xff, 0xe8, 0x0,
    0x0, 0x45, 0xff, 0xff, 0x73, 0x0, 0xa8, 0xff,
    0xe8, 0x0, 0x8, 0xdc, 0xff, 0xd4, 0x5, 0x0,
    0xa8, 0xff, 0xe8, 0x0, 0x82, 0xff, 0xff, 0x41,
    0x0, 0x0, 0xa8, 0xff, 0xe8, 0x27, 0xf9, 0xff,
    0xa8, 0x0, 0x0, 0x0, 0xa8, 0xff, 0xe9, 0xbf,
    0xff, 0xff, 0x32, 0x0, 0x0, 0x0, 0xa8, 0xff,
    0xff, 0xff, 0xfc, 0xff, 0x76, 0x0, 0x0, 0x0,
    0xa8, 0xff, 0xff, 0xa6, 0xaa, 0xff, 0xd4, 0x0,
    0x0, 0x0, 0xa8, 0xff, 0xf5, 0x14, 0x4d, 0xff,
    0xff, 0x34, 0x0, 0x0, 0xa8, 0xff, 0xe8, 0x0,
    0x5, 0xec, 0xff, 0x94, 0x0, 0x0, 0xa8, 0xff,
    0xe8, 0x0, 0x0, 0x94, 0xff, 0xed, 0x7, 0x0,
    0xa8, 0xff, 0xe8, 0x0, 0x0, 0x38, 0xff, 0xff,
    0x52, 0x0, 0xa8, 0xff, 0xe8, 0x0, 0x0, 0x0,
    0xdb, 0xff, 0xb0, 0x0, 0xa8, 0xff, 0xe8, 0x0,
    0x0, 0x0, 0x7e, 0xff, 0xfb, 0x15,

    /* U+006C "l" */
    0x78, 0xff, 0xff, 0x1c, 0x78, 0xff, 0xff, 0x1c,
    0x78, 0xff, 0xff, 0x1c, 0x78, 0xff, 0xff, 0x1c,
    0x78, 0xff, 0xff, 0x1c, 0x78, 0xff, 0xff, 0x1c,
    0x78, 0xff, 0xff, 0x1c, 0x78, 0xff, 0xff, 0x1c,
    0x78, 0xff, 0xff, 0x1c, 0x78, 0xff, 0xff, 0x1c,
    0x78, 0xff, 0xff, 0x1c, 0x78, 0xff, 0xff, 0x1c,
    0x78, 0xff, 0xff, 0x1c, 0x78, 0xff, 0xff, 0x1c,
    0x78, 0xff, 0xff, 0x1c, 0x78, 0xff, 0xff, 0x1c,
    0x78, 0xff, 0xff, 0x1c, 0x78, 0xff, 0xff, 0x1c,
    0x78, 0xff, 0xff, 0x1c,

    /* U+006D "m" */
    0xb4, 0xff, 0xac, 0x36, 0xba, 0xf6, 0xec, 0x6c,
    0x1, 0x66, 0xd4, 0xfc, 0xd4, 0x2f, 0x0, 0xb4,
    0xff, 0xe1, 0xf4, 0xb9, 0xdb, 0xff, 0xfc, 0xa6,
    0xeb, 0xb3, 0xf0, 0xff, 0xce, 0x0, 0xb4, 0xff,
    0xe2, 0x29, 0x0, 0x15, 0xff, 0xff, 0xb4, 0xd,
    0x0, 0x60, 0xff, 0xff, 0xb, 0xb4, 0xff, 0xac,
    0x0, 0x0, 0x0, 0xf9, 0xff, 0x64, 0x0, 0x0,
    0x41, 0xff, 0xff, 0x18, 0xb4, 0xff, 0xac, 0x0,
    0x0, 0x0, 0xf8, 0xff, 0x64, 0x0, 0x0, 0x40,
    0xff, 0xff, 0x18, 0xb4, 0xff, 0xac, 0x0, 0x0,
    0x0, 0xf8, 0xff, 0x64, 0x0, 0x0, 0x40, 0xff,
    0xff, 0x18, 0xb4, 0xff, 0xac, 0x0, 0x0, 0x0,
    0xf8, 0xff, 0x64, 0x0, 0x0, 0x40, 0xff, 0xff,
    0x18, 0xb4, 0xff, 0xac, 0x0, 0x0, 0x0, 0xf8,
    0xff, 0x64, 0x0, 0x0, 0x40, 0xff, 0xff, 0x18,
    0xb4, 0xff, 0xac, 0x0, 0x0, 0x0, 0xf8, 0xff,
    0x64, 0x0, 0x0, 0x40, 0xff, 0xff, 0x18, 0xb4,
    0xff, 0xac, 0x0, 0x0, 0x0, 0xf8, 0xff, 0x64,
    0x0, 0x0, 0x40, 0xff, 0xff, 0x18, 0xb4, 0xff,
    0xac, 0x0, 0x0, 0x0, 0xf8, 0xff, 0x64, 0x0,
    0x0, 0x40, 0xff, 0xff, 0x18, 0xb4, 0xff, 0xac,
    0x0, 0x0, 0x0, 0xf8, 0xff, 0x64, 0x0, 0x0,
    0x40, 0xff, 0xff, 0x18, 0xb4, 0xff, 0xac, 0x0,
    0x0, 0x0, 0xf8, 0xff, 0x64, 0x0, 0x0, 0x40,
    0xff, 0xff, 0x18, 0xb4, 0xff, 0xac, 0x0, 0x0,
    0x0, 0xf8, 0xff, 0x64, 0x0, 0x0, 0x40, 0xff,
    0xff, 0x18,

    /* U+006E "n" */
    0xb4, 0xff, 0xdc, 0x21, 0xa0, 0xee, 0xf8, 0x86,
    0x0, 0xb4, 0xff, 0xf5, 0xf4, 0xd9, 0xf8, 0xff,
    0xff, 0x22, 0xb4, 0xff, 0xf3, 0x3f, 0x0, 0x5f,
    0xff, 0xff, 0x51, 0xb4, 0xff, 0xdc, 0x0, 0x0,
    0x3d, 0xff, 0xff, 0x58, 0xb4, 0xff, 0xdc, 0x0,
    0x0, 0x3c, 0xff, 0xff, 0x58, 0xb4, 0xff, 0xdc,
    0x0, 0x0, 0x3c, 0xff, 0xff, 0x58, 0xb4, 0xff,
    0xdc, 0x0, 0x0, 0x3c, 0xff, 0xff, 0x58, 0xb4,
    0xff, 0xdc, 0x0, 0x0, 0x3c, 0xff, 0xff, 0x58,
    0xb4, 0xff, 0xdc, 0x0, 0x0, 0x3c, 0xff, 0xff,
    0x58, 0xb4, 0xff, 0xdc, 0x0, 0x0, 0x3c, 0xff,
    0xff, 0x58, 0xb4, 0xff, 0xdc, 0x0, 0x0, 0x3c,
    0xff, 0xff, 0x58, 0xb4, 0xff, 0xdc, 0x0, 0x0,
    0x3c, 0xff, 0xff, 0x58, 0xb4, 0xff, 0xdc, 0x0,
    0x0, 0x3c, 0xff, 0xff, 0x58, 0xb4, 0xff, 0xdc,
    0x0, 0x0, 0x3c, 0xff, 0xff, 0x58,

    /* U+006F "o" */
    0x0, 0x3f, 0xc2, 0xf5, 0xfa, 0xd2, 0x5f, 0x0,
    0x0, 0x2c, 0xf8, 0xff, 0xf7, 0xf1, 0xff, 0xff,
    0x58, 0x0, 0x9a, 0xff, 0xed, 0x15, 0x5, 0xc7,
    0xff, 0xcf, 0x0, 0xd3, 0xff, 0xb2, 0x0, 0x0,
    0x7e, 0xff, 0xfe, 0x9, 0xec, 0xff, 0xa2, 0x0,
    0x0, 0x6e, 0xff, 0xff, 0x1f, 0xf0, 0xff, 0xa0,
    0x0, 0x0, 0x6c, 0xff, 0xff, 0x24, 0xf0, 0xff,
    0xa0, 0x0, 0x0, 0x6c, 0xff, 0xff, 0x24, 0xf0,
    0xff, 0xa0, 0x0, 0x0, 0x6c, 0xff, 0xff, 0x24,
    0xf0, 0xff, 0xa0, 0x0, 0x0, 0x6c, 0xff, 0xff,
    0x24, 0xec, 0xff, 0xa2, 0x0, 0x0, 0x6e, 0xff,
    0xff, 0x20, 0xd3, 0xff, 0xb0, 0x0, 0x0, 0x7c,
    0xff, 0xfe, 0x9, 0x9a, 0xff, 0xeb, 0x14, 0x4,
    0xc4, 0xff, 0xcf, 0x0, 0x2c, 0xf8, 0xff, 0xf7,
    0xf1, 0xff, 0xff, 0x59, 0x0, 0x0, 0x3f, 0xc2,
    0xf5, 0xfa, 0xd2, 0x5f, 0x0, 0x0,

    /* U+0070 "p" */
    0xb4, 0xff, 0xdc, 0x63, 0xdc, 0xfc, 0xd2, 0x37,
    0x0, 0xb4, 0xff, 0xff, 0xfd, 0xd8, 0xfa, 0xff,
    0xe8, 0xb, 0xb4, 0xff, 0xed, 0x25, 0x0, 0x4b,
    0xff, 0xff, 0x55, 0xb4, 0xff, 0xdc, 0x0, 0x0,
    0x3, 0xfb, 0xff, 0x8c, 0xb4, 0xff, 0xdc, 0x0,
    0x0, 0x0, 0xe8, 0xff, 0xa5, 0xb4, 0xff, 0xdc,
    0x0, 0x0, 0x0, 0xe4, 0xff, 0xac, 0xb4, 0xff,
    0xdc, 0x0, 0x0, 0x0, 0xe4, 0xff, 0xac, 0xb4,
    0xff, 0xdc, 0x0, 0x0, 0x0, 0xe4, 0xff, 0xac,
    0xb4, 0xff, 0xdc, 0x0, 0x0, 0x0, 0xe5, 0xff,
    0xab, 0xb4, 0xff, 0xdc, 0x0, 0x0, 0x0, 0xee,
    0xff, 0xa0, 0xb4, 0xff, 0xdc, 0x0, 0x0, 0x8,
    0xfe, 0xff, 0x81, 0xb4, 0xff, 0xf1, 0x46, 0x8,
    0x65, 0xff, 0xff, 0x46, 0xb4, 0xff, 0xfb, 0xff,
    0xff, 0xff, 0xff, 0xd5, 0x3, 0xb4, 0xff, 0xdc,
    0x58, 0xe1, 0xf9, 0xbe, 0x23, 0x0, 0xb4, 0xff,
    0xdc, 0x0, 0x0, 0x0, 0x0, 0x0, 0x0, 0xb4,
    0xff, 0xdc, 0x0, 0x0, 0x0, 0x0, 0x0, 0x0,
    0xb4, 0xff, 0xdc, 0x0, 0x0, 0x0, 0x0, 0x0,
    0x0, 0xb4, 0xff, 0xdc, 0x0, 0x0, 0x0, 0x0,
    0x0, 0x0, 0x41, 0x5c, 0x4f, 0x0, 0x0, 0x0,
    0x0, 0x0, 0x0,

    /* U+0071 "q" */
    0x0, 0x57, 0xdd, 0xfb, 0xc7, 0x6c, 0xff, 0xff,
    0x58, 0x2d, 0xfc, 0xff, 0xff, 0xff, 0xff, 0xff,
    0xff, 0x58, 0x90, 0xff, 0xfb, 0x38, 0xd, 0x82,
    0xff, 0xff, 0x58, 0xc6, 0xff, 0xc3, 0x0, 0x0,
    0x3c, 0xff, 0xff, 0x58, 0xe1, 0xff, 0xa3, 0x0,
    0x0, 0x3c, 0xff, 0xff, 0x58, 0xee, 0xff, 0xa0,
    0x0, 0x0, 0x3c, 0xff, 0xff, 0x58, 0xf0, 0xff,
    0xa0, 0x0, 0x0, 0x3c, 0xff, 0xff, 0x58, 0xf0,
    0xff, 0xa0, 0x0, 0x0, 0x3c, 0xff, 0xff, 0x58,
    0xf0, 0xff, 0xa0, 0x0, 0x0, 0x3c, 0xff, 0xff,
    0x58, 0xe8, 0xff, 0xa8, 0x0, 0x0, 0x3c, 0xff,
    0xff, 0x58, 0xcf, 0xff, 0xc4, 0x0, 0x0, 0x3c,
    0xff, 0xff, 0x58, 0x9b, 0xff, 0xfc, 0x3c, 0xb,
    0x79, 0xff, 0xff, 0x58, 0x37, 0xfe, 0xff, 0xff,
    0xff, 0xff, 0xff, 0xff, 0x58, 0x0, 0x56, 0xda,
    0xfe, 0xcf, 0x71, 0xff, 0xff, 0x58, 0x0, 0x0,
    0x0, 0x0, 0x0, 0x3c, 0xff, 0xff, 0x58, 0x0,
    0x0, 0x0, 0x0, 0x0, 0x3c, 0xff, 0xff, 0x58,
    0x0, 0x0, 0x0, 0x0, 0x0, 0x3c, 0xff, 0xff,
    0x58, 0x0, 0x0, 0x0, 0x0, 0x0, 0x3c, 0xff,
    0xff, 0x58, 0x0, 0x0, 0x0, 0x0, 0x0, 0x21,
    0x8c, 0x8c, 0x30,

    /* U+0072 "r" */
    0xa0, 0xff, 0xf0, 0xc, 0x99, 0xef, 0x6b, 0xa0,
    0xff, 0xf1, 0xb8, 0xff, 0xff, 0x6c, 0xa0, 0xff,
    0xff, 0xe4, 0x78, 0x73, 0x43, 0xa0, 0xff, 0xfb,
    0x27, 0x0, 0x0, 0x0, 0xa0, 0xff, 0xf0, 0x0,
    0x0, 0x0, 0x0, 0xa0, 0xff, 0xf0, 0x0, 0x0,
    0x0, 0x0, 0xa0, 0xff, 0xf0, 0x0, 0x0, 0x0,
    0x0, 0xa0, 0xff, 0xf0, 0x0, 0x0, 0x0, 0x0,
    0xa0, 0xff, 0xf0, 0x0, 0x0, 0x0, 0x0, 0xa0,
    0xff, 0xf0, 0x0, 0x0, 0x0, 0x0, 0xa0, 0xff,
    0xf0, 0x0, 0x0, 0x0, 0x0, 0xa0, 0xff, 0xf0,
    0x0, 0x0, 0x0, 0x0, 0xa0, 0xff, 0xf0, 0x0,
    0x0, 0x0, 0x0, 0xa0, 0xff, 0xf0, 0x0, 0x0,
    0x0, 0x0,

    /* U+0073 "s" */
    0x0, 0x6, 0x87, 0xe3, 0xfe, 0xe2, 0x78, 0x1,
    0x0, 0x0, 0x94, 0xff, 0xff, 0xeb, 0xfe, 0xff,
    0x75, 0x0, 0x2, 0xf5, 0xff, 0x85, 0x0, 0x3b,
    0xfe, 0xef, 0x6, 0xc, 0xff, 0xff, 0x49, 0x0,
    0x0, 0xc6, 0xd7, 0x1a, 0x0, 0xe6, 0xff, 0xc5,
    0xd, 0x0, 0x15, 0x0, 0x0, 0x0, 0x67, 0xff,
    0xff, 0xce, 0x17, 0x0, 0x0, 0x0, 0x0, 0x0,
    0x83, 0xff, 0xff, 0xde, 0x24, 0x0, 0x0, 0x0,
    0x0, 0x0, 0x61, 0xfa, 0xff, 0xe6, 0x22, 0x0,
    0x0, 0x0, 0x0, 0x0, 0x3f, 0xee, 0xff, 0xca,
    0x1, 0x0, 0x1d, 0x49, 0x0, 0x0, 0x3c, 0xff,
    0xff, 0x3a, 0x4f, 0xff, 0xef, 0x5, 0x0, 0x0,
    0xe2, 0xff, 0x5a, 0x1b, 0xfd, 0xff, 0x79, 0x1,
    0x24, 0xfa, 0xff, 0x3d, 0x0, 0x90, 0xff, 0xff,
    0xee, 0xfb, 0xff, 0xcd, 0x3, 0x0, 0x3, 0x7b,
    0xe1, 0xfe, 0xe8, 0x9c, 0x15, 0x0,

    /* U+0074 "t" */
    0x0, 0x4, 0xff, 0xff, 0x90, 0x0, 0x0, 0x0,
    0x4, 0xff, 0xff, 0x90, 0x0, 0x0, 0x0, 0x4,
    0xff, 0xff, 0x90, 0x0, 0x0, 0x0, 0x4, 0xff,
    0xff, 0x90, 0x0, 0x0, 0x78, 0xff, 0xff, 0xff,
    0xff, 0xff, 0xcc, 0x54, 0xb5, 0xff, 0xff, 0xdf,
    0xb4, 0x8f, 0x0, 0x4, 0xff, 0xff, 0x90, 0x0,
    0x0, 0x0, 0x4, 0xff, 0xff, 0x90, 0x0, 0x0,
    0x0, 0x4, 0xff, 0xff, 0x90, 0x0, 0x0, 0x0,
    0x4, 0xff, 0xff, 0x90, 0x0, 0x0, 0x0, 0x4,
    0xff, 0xff, 0x90, 0x0, 0x0, 0x0, 0x4, 0xff,
    0xff, 0x90, 0x0, 0x0, 0x0, 0x4, 0xff, 0xff,
    0x90, 0x0, 0x0, 0x0, 0x4, 0xff, 0xff, 0x90,
    0x0, 0x0, 0x0, 0x4, 0xff, 0xff, 0x91, 0x0,
    0x0, 0x0, 0x0, 0xf3, 0xff, 0xc7, 0x9, 0x1,
    0x0, 0x0, 0xab, 0xff, 0xff, 0xff, 0xc3, 0x0,
    0x0, 0x16, 0xb4, 0xf7, 0xfd, 0xb2,

    /* U+0075 "u" */
    0xcc, 0xff, 0xc4, 0x0, 0x0, 0x54, 0xff, 0xff,
    0x3c, 0xcc, 0xff, 0xc4, 0x0, 0x0, 0x54, 0xff,
    0xff, 0x3c, 0xcc, 0xff, 0xc4, 0x0, 0x0, 0x54,
    0xff, 0xff, 0x3c, 0xcc, 0xff, 0xc4, 0x0, 0x0,
    0x54, 0xff, 0xff, 0x3c, 0xcc, 0xff, 0xc4, 0x0,
    0x0, 0x54, 0xff, 0xff, 0x3c, 0xcc, 0xff, 0xc4,
    0x0, 0x0, 0x54, 0xff, 0xff, 0x3c, 0xcc, 0xff,
    0xc4, 0x0, 0x0, 0x54, 0xff, 0xff, 0x3c, 0xcc,
    0xff, 0xc4, 0x0, 0x0, 0x54, 0xff, 0xff, 0x3c,
    0xcc, 0xff, 0xc4, 0x0, 0x0, 0x54, 0xff, 0xff,
    0x3c, 0xcc, 0xff, 0xc4, 0x0, 0x0, 0x54, 0xff,
    0xff, 0x3c, 0xcc, 0xff, 0xc7, 0x0, 0x0, 0x54,
    0xff, 0xff, 0x3c, 0xc5, 0xff, 0xee, 0x17, 0x28,
    0xbd, 0xff, 0xff, 0x3c, 0x99, 0xff, 0xff, 0xff,
    0xff, 0xd1, 0xff, 0xff, 0x3c, 0x20, 0xd6, 0xfb,
    0xcd, 0x54, 0x54, 0xff, 0xff, 0x3c,

    /* U+0076 "v" */
    0x8b, 0xff, 0xfe, 0x9, 0x0, 0x0, 0xaf, 0xff,
    0xc7, 0x5a, 0xff, 0xff, 0x2e, 0x0, 0x0, 0xd8,
    0xff, 0x96, 0x26, 0xff, 0xff, 0x55, 0x0, 0x4,
    0xfa, 0xff, 0x66, 0x2, 0xf4, 0xff, 0x7b, 0x0,
    0x26, 0xff, 0xff, 0x36, 0x0, 0xc3, 0xff, 0xa2,
    0x0, 0x4d, 0xff, 0xfd, 0x9, 0x0, 0x91, 0xff,
    0xc9, 0x0, 0x75, 0xff, 0xd6, 0x0, 0x0, 0x5f,
    0xff, 0xef, 0x0, 0x9c, 0xff, 0xa6, 0x0, 0x0,
    0x2e, 0xff, 0xff, 0x16, 0xc4, 0xff, 0x76, 0x0,
    0x0, 0x5, 0xf7, 0xff, 0x3e, 0xeb, 0xff, 0x46,
    0x0, 0x0, 0x0, 0xca, 0xff, 0x76, 0xff, 0xff,
    0x16, 0x0, 0x0, 0x0, 0x97, 0xff, 0xc4, 0xff,
    0xe6, 0x0, 0x0, 0x0, 0x0, 0x66, 0xff, 0xfd,
    0xff, 0xb6, 0x0, 0x0, 0x0, 0x0, 0x32, 0xff,
    0xff, 0xff, 0x85, 0x0, 0x0, 0x0, 0x0, 0x7,
    0xfb, 0xff, 0xff, 0x56, 0x0, 0x0,

    /* U+0077 "w" */
    0x40, 0xff, 0xda, 0x0, 0x0, 0x7, 0xfc, 0xff,
    0x22, 0x0, 0x0, 0xbe, 0xff, 0x5b, 0x17, 0xff,
    0xfa, 0x4, 0x0, 0x32, 0xff, 0xff, 0x52, 0x0,
    0x0, 0xe2, 0xff, 0x31, 0x0, 0xee, 0xff, 0x21,
    0x0, 0x5f, 0xff, 0xff, 0x7e, 0x0, 0x8, 0xfe,
    0xfe, 0xa, 0x0, 0xc5, 0xff, 0x45, 0x0, 0x8e,
    0xff, 0xff, 0xad, 0x0, 0x2a, 0xff, 0xdd, 0x0,
    0x0, 0x9c, 0xff, 0x68, 0x0, 0xbd, 0xfb, 0xe0,
    0xda, 0x0, 0x4e, 0xff, 0xb3, 0x0, 0x0, 0x74,
    0xff, 0x8c, 0x0, 0xea, 0xd1, 0xaa, 0xfe, 0xc,
    0x71, 0xff, 0x89, 0x0, 0x0, 0x4a, 0xff, 0xb0,
    0x19, 0xff, 0xa2, 0x77, 0xff, 0x36, 0x95, 0xff,
    0x5f, 0x0, 0x0, 0x22, 0xff, 0xd4, 0x46, 0xff,
    0x6f, 0x46, 0xff, 0x66, 0xb9, 0xff, 0x35, 0x0,
    0x0, 0x2, 0xf6, 0xf6, 0x76, 0xff, 0x3e, 0x16,
    0xff, 0x93, 0xdd, 0xff, 0xc, 0x0, 0x0, 0x0,
    0xd0, 0xff, 0xbd, 0xff, 0xf, 0x0, 0xe6, 0xc6,
    0xfc, 0xe1, 0x0, 0x0, 0x0, 0x0, 0xa8, 0xff,
    0xfd, 0xde, 0x0, 0x0, 0xb3, 0xfd, 0xff, 0xb7,
    0x0, 0x0, 0x0, 0x0, 0x7e, 0xff, 0xff, 0xae,
    0x0, 0x0, 0x82, 0xff, 0xff, 0x8d, 0x0, 0x0,
    0x0, 0x0, 0x56, 0xff, 0xff, 0x7e, 0x0, 0x0,
    0x52, 0xff, 0xff, 0x63, 0x0, 0x0, 0x0, 0x0,
    0x2c, 0xff, 0xff, 0x4e, 0x0, 0x0, 0x22, 0xff,
    0xff, 0x38, 0x0, 0x0,

    /* U+0078 "x" */
    0x7d, 0xff, 0xed, 0xb, 0x0, 0x0, 0xa0, 0xff,
    0xdb, 0x2, 0x12, 0xf5, 0xff, 0x6c, 0x0, 0x11,
    0xf6, 0xff, 0x6a, 0x0, 0x0, 0x91, 0xff, 0xdf,
    0x4, 0x70, 0xff, 0xea, 0x9, 0x0, 0x0, 0x1f,
    0xfc, 0xff, 0x5b, 0xd7, 0xff, 0x7f, 0x0, 0x0,
    0x0, 0x0, 0xa5, 0xff, 0xeb, 0xff, 0xf6, 0x13,
    0x0, 0x0, 0x0, 0x0, 0x30, 0xff, 0xff, 0xff,
    0x95, 0x0, 0x0, 0x0, 0x0, 0x0, 0x0, 0xc7,
    0xff, 0xfd, 0x24, 0x0, 0x0, 0x0, 0x0, 0x0,
    0x11, 0xf5, 0xff, 0xff, 0x2c, 0x0, 0x0, 0x0,
    0x0, 0x0, 0x72, 0xff, 0xff, 0xff, 0xa1, 0x0,
    0x0, 0x0, 0x0, 0x2, 0xdc, 0xff, 0xc2, 0xff,
    0xfa, 0x1b, 0x0, 0x0, 0x0, 0x4c, 0xff, 0xf6,
    0x15, 0xe5, 0xff, 0x8b, 0x0, 0x0, 0x0, 0xb9,
    0xff, 0xa0, 0x0, 0x73, 0xff, 0xf1, 0xf, 0x0,
    0x26, 0xff, 0xff, 0x3b, 0x0, 0xd, 0xf0, 0xff,
    0x73, 0x0, 0x91, 0xff, 0xd7, 0x0, 0x0, 0x0,
    0x87, 0xff, 0xe5, 0x5,

    /* U+0079 "y" */
    0x99, 0xff, 0xf4, 0x2, 0x0, 0x0, 0x8a, 0xff,
    0xfb, 0xa, 0x5c, 0xff, 0xff, 0x26, 0x0, 0x0,
    0xb8, 0xff, 0xcb, 0x0, 0x1c, 0xff, 0xff, 0x56,
    0x0, 0x0, 0xe6, 0xff, 0x90, 0x0, 0x0, 0xe0,
    0xff, 0x86, 0x0, 0x13, 0xff, 0xff, 0x54, 0x0,
    0x0, 0xa0, 0xff, 0xb6, 0x0, 0x41, 0xff, 0xff,
    0x1a, 0x0, 0x0, 0x63, 0xff, 0xe6, 0x0, 0x6d,
    0xff, 0xdf, 0x0, 0x0, 0x0, 0x24, 0xff, 0xff,
    0x14, 0x9b, 0xff, 0xa3, 0x0, 0x0, 0x0, 0x0,
    0xe7, 0xff, 0x42, 0xc9, 0xff, 0x68, 0x0, 0x0,
    0x0, 0x0, 0xa7, 0xff, 0x74, 0xf4, 0xff, 0x2d,
    0x0, 0x0, 0x0, 0x0, 0x6c, 0xff, 0xc6, 0xff,
    0xf0, 0x2, 0x0, 0x0, 0x0, 0x0, 0x2c, 0xff,
    0xff, 0xff, 0xb6, 0x0, 0x0, 0x0, 0x0, 0x0,
    0x1, 0xed, 0xff, 0xff, 0x7c, 0x0, 0x0, 0x0,
    0x0, 0x0, 0x0, 0xb4, 0xff, 0xff, 0x41, 0x0,
    0x0, 0x0, 0x0, 0x0, 0x0, 0x7d, 0xff, 0xfb,
    0xa, 0x0, 0x0, 0x0, 0x0, 0x0, 0xd, 0x9e,
    0xff, 0xc7, 0x0, 0x0, 0x0, 0x0, 0x0, 0xe7,
    0xff, 0xff, 0xff, 0x55, 0x0, 0x0, 0x0, 0x0,
    0x0, 0xeb, 0xef, 0xbf, 0x50, 0x0, 0x0, 0x0,
    0x0, 0x0,

    /* U+007A "z" */
    0x0, 0xcc, 0xff, 0xff, 0xff, 0xff, 0xff, 0xc8,
    0x0, 0xb9, 0xe8, 0xe8, 0xe8, 0xff, 0xff, 0xb4,
    0x0, 0x0, 0x0, 0x0, 0x3a, 0xff, 0xff, 0x54,
    0x0, 0x0, 0x0, 0x0, 0xa4, 0xff, 0xe8, 0x5,
    0x0, 0x0, 0x0, 0x14, 0xf8, 0xff, 0x86, 0x0,
    0x0, 0x0, 0x0, 0x74, 0xff, 0xfe, 0x22, 0x0,
    0x0, 0x0, 0x2, 0xdd, 0xff, 0xba, 0x0, 0x0,
    0x0, 0x0, 0x47, 0xff, 0xff, 0x53, 0x0, 0x0,
    0x0, 0x0, 0xb0, 0xff, 0xe8, 0x5, 0x0, 0x0,
    0x0, 0x1c, 0xfc, 0xff, 0x86, 0x0, 0x0, 0x0,
    0x0, 0x82, 0xff, 0xfe, 0x22, 0x0, 0x0, 0x0,
    0x4, 0xe5, 0xff, 0xba, 0x0, 0x0, 0x0, 0x0,
    0x38, 0xff, 0xff, 0xf8, 0xf0, 0xf0, 0xf0, 0xa5,
    0x3c, 0xff, 0xff, 0xff, 0xff, 0xff, 0xff, 0xb0,

    /* U+007B "{" */
    0x0, 0x0, 0x4, 0x8e, 0xdf, 0xf7, 0xa4, 0x0,
    0x0, 0x5e, 0xff, 0xff, 0xfc, 0x93, 0x0, 0x0,
    0x8f, 0xff, 0xff, 0x3b, 0x0, 0x0, 0x0, 0x9e,
    0xff, 0xff, 0x10, 0x0, 0x0, 0x0, 0xa4, 0xff,
    0xff, 0xc, 0x0, 0x0, 0x0, 0xa4, 0xff, 0xff,
    0xc, 0x0, 0x0, 0x0, 0xa4, 0xff, 0xff, 0xc,
    0x0, 0x0, 0x0, 0xa4, 0xff, 0xff, 0xc, 0x0,
    0x0, 0x0, 0xa5, 0xff, 0xff, 0xc, 0x0, 0x0,
    0x0, 0xaf, 0xff, 0xfe, 0x3, 0x0, 0x0, 0x3,
    0xdb, 0xff, 0xd9, 0x0, 0x0, 0x9, 0xdd, 0xff,
    0xfc, 0x58, 0x0, 0x0, 0xc, 0xff, 0xff, 0xe5,
    0x34, 0x0, 0x0, 0x0, 0x1a, 0xe8, 0xff, 0xca,
    0x0, 0x0, 0x0, 0x0, 0xb3, 0xff, 0xfc, 0x3,
    0x0, 0x0, 0x0, 0xa5, 0xff, 0xff, 0xb, 0x0,
    0x0, 0x0, 0xa4, 0xff, 0xff, 0xc, 0x0, 0x0,
    0x0, 0xa4, 0xff, 0xff, 0xc, 0x0, 0x0, 0x0,
    0xa4, 0xff, 0xff, 0xc, 0x0, 0x0, 0x0, 0xa4,
    0xff, 0xff, 0xc, 0x0, 0x0, 0x0, 0x9e, 0xff,
    0xff, 0x10, 0x0, 0x0, 0x0, 0x90, 0xff, 0xff,
    0x38, 0x0, 0x0, 0x0, 0x5e, 0xff, 0xff, 0xfb,
    0x93, 0x0, 0x0, 0x5, 0x90, 0xdf, 0xf9, 0xa4,

    /* U+007C "|" */
    0x58, 0xff, 0xff, 0x10, 0x58, 0xff, 0xff, 0x10,
    0x58, 0xff, 0xff, 0x10, 0x58, 0xff, 0xff, 0x10,
    0x58, 0xff, 0xff, 0x10, 0x58, 0xff, 0xff, 0x10,
    0x58, 0xff, 0xff, 0x10, 0x58, 0xff, 0xff, 0x10,
    0x58, 0xff, 0xff, 0x10, 0x58, 0xff, 0xff, 0x10,
    0x58, 0xff, 0xff, 0x10, 0x58, 0xff, 0xff, 0x10,
    0x58, 0xff, 0xff, 0x10, 0x58, 0xff, 0xff, 0x10,
    0x58, 0xff, 0xff, 0x10, 0x58, 0xff, 0xff, 0x10,
    0x58, 0xff, 0xff, 0x10, 0x58, 0xff, 0xff, 0x10,
    0x58, 0xff, 0xff, 0x10, 0x58, 0xff, 0xff, 0x10,
    0x58, 0xff, 0xff, 0x10, 0x58, 0xff, 0xff, 0x10,
    0x58, 0xff, 0xff, 0x10,

    /* U+007D "}" */
    0xee, 0xf3, 0xd0, 0x5b, 0x0, 0x0, 0xda, 0xff,
    0xff, 0xfb, 0x17, 0x0, 0x0, 0x88, 0xff, 0xff,
    0x45, 0x0, 0x0, 0x5c, 0xff, 0xff, 0x55, 0x0,
    0x0, 0x58, 0xff, 0xff, 0x5c, 0x0, 0x0, 0x58,
    0xff, 0xff, 0x5c, 0x0, 0x0, 0x58, 0xff, 0xff,
    0x5c, 0x0, 0x0, 0x58, 0xff, 0xff, 0x5c, 0x0,
    0x0, 0x58, 0xff, 0xff, 0x5d, 0x0, 0x0, 0x4d,
    0xff, 0xff, 0x66, 0x0, 0x0, 0x25, 0xff, 0xff,
    0x93, 0x0, 0x0, 0x0, 0x9f, 0xff, 0xfe, 0x9b,
    0x0, 0x0, 0x6c, 0xfa, 0xff, 0xc0, 0x0, 0x1a,
    0xfc, 0xff, 0xae, 0x8, 0x0, 0x4b, 0xff, 0xff,
    0x6b, 0x0, 0x0, 0x57, 0xff, 0xff, 0x5d, 0x0,
    0x0, 0x58, 0xff, 0xff, 0x5c, 0x0, 0x0, 0x58,
    0xff, 0xff, 0x5c, 0x0, 0x0, 0x58, 0xff, 0xff,
    0x5c, 0x0, 0x0, 0x58, 0xff, 0xff, 0x5c, 0x0,
    0x0, 0x5c, 0xff, 0xff, 0x56, 0x0, 0x0, 0x85,
    0xff, 0xff, 0x46, 0x0, 0xdc, 0xff, 0xff, 0xfc,
    0x17, 0x0, 0xef, 0xf3, 0xd0, 0x5b, 0x0, 0x0,

    /* U+007E "~" */
    0x0, 0x0, 0x0, 0x6, 0x0, 0x0, 0x0, 0x0,
    0x0, 0x0, 0x0, 0x17, 0xa5, 0xfc, 0xe9, 0x8d,
    0x30, 0x1b, 0x7e, 0x3b, 0x7, 0xe1, 0xff, 0xff,
    0xff, 0xff, 0xff, 0xff, 0xff, 0x97, 0x0, 0x55,
    0x51, 0x9, 0x37, 0x9a, 0xeb, 0xec, 0x6f, 0x1
};

/*---------------------
 *  GLYPH DESCRIPTION
 *--------------------*/

static const lv_font_fmt_txt_glyph_dsc_t glyph_dsc[] = {
    {.bitmap_index = 0, .adv_w = 0, .box_w = 0, .box_h = 0, .ofs_x = 0, .ofs_y = 0} /* id = 0 reserved */,
    {.bitmap_index = 0, .adv_w = 88, .box_w = 0, .box_h = 0, .ofs_x = 0, .ofs_y = 0},
    {.bitmap_index = 0, .adv_w = 80, .box_w = 3, .box_h = 19, .ofs_x = 1, .ofs_y = 0},
    {.bitmap_index = 57, .adv_w = 102, .box_w = 7, .box_h = 6, .ofs_x = 0, .ofs_y = 13},
    {.bitmap_index = 99, .adv_w = 187, .box_w = 11, .box_h = 19, .ofs_x = 0, .ofs_y = 0},
    {.bitmap_index = 308, .adv_w = 189, .box_w = 11, .box_h = 24, .ofs_x = 0, .ofs_y = -2},
    {.bitmap_index = 572, .adv_w = 342, .box_w = 21, .box_h = 19, .ofs_x = 0, .ofs_y = 0},
    {.bitmap_index = 971, .adv_w = 233, .box_w = 13, .box_h = 19, .ofs_x = 1, .ofs_y = 0},
    {.bitmap_index = 1218, .adv_w = 49, .box_w = 3, .box_h = 6, .ofs_x = 0, .ofs_y = 13},
    {.bitmap_index = 1236, .adv_w = 114, .box_w = 6, .box_h = 24, .ofs_x = 1, .ofs_y = -5},
    {.bitmap_index = 1380, .adv_w = 100, .box_w = 6, .box_h = 24, .ofs_x = 0, .ofs_y = -5},
    {.bitmap_index = 1524, .adv_w = 153, .box_w = 9, .box_h = 9, .ofs_x = 1, .ofs_y = 10},
    {.bitmap_index = 1605, .adv_w = 159, .box_w = 10, .box_h = 10, .ofs_x = 0, .ofs_y = 5},
    {.bitmap_index = 1705, .adv_w = 72, .box_w = 4, .box_h = 7, .ofs_x = 0, .ofs_y = -4},
    {.bitmap_index = 1733, .adv_w = 116, .box_w = 7, .box_h = 2, .ofs_x = 0, .ofs_y = 6},
    {.bitmap_index = 1747, .adv_w = 72, .box_w = 3, .box_h = 3, .ofs_x = 1, .ofs_y = 0},
    {.bitmap_index = 1756, .adv_w = 142, .box_w = 9, .box_h = 19, .ofs_x = 0, .ofs_y = 0},
    {.bitmap_index = 1927, .adv_w = 199, .box_w = 11, .box_h = 19, .ofs_x = 1, .ofs_y = 0},
    {.bitmap_index = 2136, .adv_w = 145, .box_w = 7, .box_h = 19, .ofs_x = 0, .ofs_y = 0},
    {.bitmap_index = 2269, .adv_w = 184, .box_w = 11, .box_h = 19, .ofs_x = 0, .ofs_y = 0},
    {.bitmap_index = 2478, .adv_w = 183, .box_w = 11, .box_h = 19, .ofs_x = 0, .ofs_y = 0},
    {.bitmap_index = 2687, .adv_w = 185, .box_w = 12, .box_h = 19, .ofs_x = 0, .ofs_y = 0},
    {.bitmap_index = 2915, .adv_w = 183, .box_w = 10, .box_h = 19, .ofs_x = 1, .ofs_y = 0},
    {.bitmap_index = 3105, .adv_w = 193, .box_w = 10, .box_h = 19, .ofs_x = 1, .ofs_y = 0},
    {.bitmap_index = 3295, .adv_w = 148, .box_w = 9, .box_h = 19, .ofs_x = 0, .ofs_y = 0},
    {.bitmap_index = 3466, .adv_w = 192, .box_w = 10, .box_h = 19, .ofs_x = 1, .ofs_y = 0},
    {.bitmap_index = 3656, .adv_w = 193, .box_w = 10, .box_h = 19, .ofs_x = 1, .ofs_y = 0},
    {.bitmap_index = 3846, .adv_w = 76, .box_w = 4, .box_h = 10, .ofs_x = 1, .ofs_y = 2},
    {.bitmap_index = 3886, .adv_w = 83, .box_w = 4, .box_h = 15, .ofs_x = 1, .ofs_y = -1},
    {.bitmap_index = 3946, .adv_w = 143, .box_w = 8, .box_h = 10, .ofs_x = 0, .ofs_y = 5},
    {.bitmap_index = 4026, .adv_w = 159, .box_w = 8, .box_h = 6, .ofs_x = 1, .ofs_y = 7},
    {.bitmap_index = 4074, .adv_w = 143, .box_w = 8, .box_h = 10, .ofs_x = 1, .ofs_y = 5},
    {.bitmap_index = 4154, .adv_w = 185, .box_w = 10, .box_h = 19, .ofs_x = 1, .ofs_y = 0},
    {.bitmap_index = 4344, .adv_w = 347, .box_w = 20, .box_h = 23, .ofs_x = 1, .ofs_y = -4},
    {.bitmap_index = 4804, .adv_w = 189, .box_w = 12, .box_h = 19, .ofs_x = 0, .ofs_y = 0},
    {.bitmap_index = 5032, .adv_w = 201, .box_w = 11, .box_h = 19, .ofs_x = 1, .ofs_y = 0},
    {.bitmap_index = 5241, .adv_w = 198, .box_w = 11, .box_h = 19, .ofs_x = 1, .ofs_y = 0},
    {.bitmap_index = 5450, .adv_w = 202, .box_w = 11, .box_h = 19, .ofs_x = 1, .ofs_y = 0},
    {.bitmap_index = 5659, .adv_w = 156, .box_w = 9, .box_h = 19, .ofs_x = 1, .ofs_y = 0},
    {.bitmap_index = 5830, .adv_w = 150, .box_w = 9, .box_h = 19, .ofs_x = 1, .ofs_y = 0},
    {.bitmap_index = 6001, .adv_w = 205, .box_w = 11, .box_h = 19, .ofs_x = 1, .ofs_y = 0},
    {.bitmap_index = 6210, .adv_w = 215, .box_w = 11, .box_h = 19, .ofs_x = 1, .ofs_y = 0},
    {.bitmap_index = 6419, .adv_w = 95, .box_w = 4, .box_h = 19, .ofs_x = 1, .ofs_y = 0},
    {.bitmap_index = 6495, .adv_w = 116, .box_w = 6, .box_h = 19, .ofs_x = 0, .ofs_y = 0},
    {.bitmap_index = 6609, .adv_w = 190, .box_w = 11, .box_h = 19, .ofs_x = 1, .ofs_y = 0},
    {.bitmap_index = 6818, .adv_w = 152, .box_w = 9, .box_h = 19, .ofs_x = 1, .ofs_y = 0},
    {.bitmap_index = 6989, .adv_w = 253, .box_w = 14, .box_h = 19, .ofs_x = 1, .ofs_y = 0},
    {.bitmap_index = 7255, .adv_w = 203, .box_w = 11, .box_h = 19, .ofs_x = 1, .ofs_y = 0},
    {.bitmap_index = 7464, .adv_w = 207, .box_w = 11, .box_h = 19, .ofs_x = 1, .ofs_y = 0},
    {.bitmap_index = 7673, .adv_w = 184, .box_w = 11, .box_h = 19, .ofs_x = 1, .ofs_y = 0},
    {.bitmap_index = 7882, .adv_w = 208, .box_w = 11, .box_h = 23, .ofs_x = 1, .ofs_y = -4},
    {.bitmap_index = 8135, .adv_w = 199, .box_w = 11, .box_h = 19, .ofs_x = 1, .ofs_y = 0},
    {.bitmap_index = 8344, .adv_w = 182, .box_w = 11, .box_h = 19, .ofs_x = 0, .ofs_y = 0},
    {.bitmap_index = 8553, .adv_w = 159, .box_w = 10, .box_h = 19, .ofs_x = 0, .ofs_y = 0},
    {.bitmap_index = 8743, .adv_w = 209, .box_w = 11, .box_h = 19, .ofs_x = 1, .ofs_y = 0},
    {.bitmap_index = 8952, .adv_w = 194, .box_w = 12, .box_h = 19, .ofs_x = 0, .ofs_y = 0},
    {.bitmap_index = 9180, .adv_w = 280, .box_w = 17, .box_h = 19, .ofs_x = 0, .ofs_y = 0},
    {.bitmap_index = 9503, .adv_w = 185, .box_w = 12, .box_h = 19, .ofs_x = 0, .ofs_y = 0},
    {.bitmap_index = 9731, .adv_w = 185, .box_w = 12, .box_h = 19, .ofs_x = 0, .ofs_y = 0},
    {.bitmap_index = 9959, .adv_w = 160, .box_w = 10, .box_h = 19, .ofs_x = 0, .ofs_y = 0},
    {.bitmap_index = 10149, .adv_w = 131, .box_w = 6, .box_h = 23, .ofs_x = 1, .ofs_y = -4},
    {.bitmap_index = 10287, .adv_w = 142, .box_w = 9, .box_h = 19, .ofs_x = 0, .ofs_y = 0},
    {.bitmap_index = 10458, .adv_w = 119, .box_w = 6, .box_h = 23, .ofs_x = 0, .ofs_y = -4},
    {.bitmap_index = 10596, .adv_w = 170, .box_w = 10, .box_h = 8, .ofs_x = 0, .ofs_y = 12},
    {.bitmap_index = 10676, .adv_w = 132, .box_w = 9, .box_h = 2, .ofs_x = 0, .ofs_y = -3},
    {.bitmap_index = 10694, .adv_w = 107, .box_w = 5, .box_h = 5, .ofs_x = 1, .ofs_y = 15},
    {.bitmap_index = 10719, .adv_w = 157, .box_w = 9, .box_h = 14, .ofs_x = 0, .ofs_y = 0},
    {.bitmap_index = 10845, .adv_w = 172, .box_w = 9, .box_h = 19, .ofs_x = 1, .ofs_y = 0},
    {.bitmap_index = 11016, .adv_w = 158, .box_w = 8, .box_h = 14, .ofs_x = 1, .ofs_y = 0},
    {.bitmap_index = 11128, .adv_w = 170, .box_w = 9, .box_h = 19, .ofs_x = 1, .ofs_y = 0},
    {.bitmap_index = 11299, .adv_w = 162, .box_w = 9, .box_h = 14, .ofs_x = 1, .ofs_y = 0},
    {.bitmap_index = 11425, .adv_w = 110, .box_w = 7, .box_h = 19, .ofs_x = 0, .ofs_y = 0},
    {.bitmap_index = 11558, .adv_w = 169, .box_w = 11, .box_h = 19, .ofs_x = 0, .ofs_y = -4},
    {.bitmap_index = 11767, .adv_w = 171, .box_w = 9, .box_h = 19, .ofs_x = 1, .ofs_y = 0},
    {.bitmap_index = 11938, .adv_w = 88, .box_w = 4, .box_h = 19, .ofs_x = 1, .ofs_y = 0},
    {.bitmap_index = 12014, .adv_w = 88, .box_w = 6, .box_h = 22, .ofs_x = -1, .ofs_y = -3},
    {.bitmap_index = 12146, .adv_w = 165, .box_w = 10, .box_h = 19, .ofs_x = 1, .ofs_y = 0},
    {.bitmap_index = 12336, .adv_w = 88, .box_w = 4, .box_h = 19, .ofs_x = 1, .ofs_y = 0},
    {.bitmap_index = 12412, .adv_w = 261, .box_w = 15, .box_h = 14, .ofs_x = 1, .ofs_y = 0},
    {.bitmap_index = 12622, .adv_w = 169, .box_w = 9, .box_h = 14, .ofs_x = 1, .ofs_y = 0},
    {.bitmap_index = 12748, .adv_w = 163, .box_w = 9, .box_h = 14, .ofs_x = 1, .ofs_y = 0},
    {.bitmap_index = 12874, .adv_w = 171, .box_w = 9, .box_h = 19, .ofs_x = 1, .ofs_y = -5},
    {.bitmap_index = 13045, .adv_w = 170, .box_w = 9, .box_h = 19, .ofs_x = 1, .ofs_y = -5},
    {.bitmap_index = 13216, .adv_w = 123, .box_w = 7, .box_h = 14, .ofs_x = 1, .ofs_y = 0},
    {.bitmap_index = 13314, .adv_w = 144, .box_w = 9, .box_h = 14, .ofs_x = 0, .ofs_y = 0},
    {.bitmap_index = 13440, .adv_w = 118, .box_w = 7, .box_h = 18, .ofs_x = 0, .ofs_y = 0},
    {.bitmap_index = 13566, .adv_w = 169, .box_w = 9, .box_h = 14, .ofs_x = 1, .ofs_y = 0},
    {.bitmap_index = 13692, .adv_w = 148, .box_w = 9, .box_h = 14, .ofs_x = 0, .ofs_y = 0},
    {.bitmap_index = 13818, .adv_w = 226, .box_w = 14, .box_h = 14, .ofs_x = 0, .ofs_y = 0},
    {.bitmap_index = 14014, .adv_w = 149, .box_w = 10, .box_h = 14, .ofs_x = 0, .ofs_y = 0},
    {.bitmap_index = 14154, .adv_w = 151, .box_w = 10, .box_h = 17, .ofs_x = 0, .ofs_y = -3},
    {.bitmap_index = 14324, .adv_w = 133, .box_w = 8, .box_h = 14, .ofs_x = 0, .ofs_y = 0},
    {.bitmap_index = 14436, .adv_w = 115, .box_w = 7, .box_h = 24, .ofs_x = 0, .ofs_y = -5},
    {.bitmap_index = 14604, .adv_w = 92, .box_w = 4, .box_h = 23, .ofs_x = 1, .ofs_y = -4},
    {.bitmap_index = 14696, .adv_w = 123, .box_w = 6, .box_h = 24, .ofs_x = 1, .ofs_y = -5},
    {.bitmap_index = 14840, .adv_w = 172, .box_w = 10, .box_h = 4, .ofs_x = 0, .ofs_y = 8}
};

/*---------------------
 *  CHARACTER MAPPING
 *--------------------*/

/*Collect the unicode lists and glyph_id offsets*/
static const lv_font_fmt_txt_cmap_t cmaps[] =
{
    {
        .range_start = 32, .range_length = 95, .glyph_id_start = 1,
        .unicode_list = NULL, .glyph_id_ofs_list = NULL, .list_length = 0, .type = LV_FONT_FMT_TXT_CMAP_FORMAT0_TINY
    }
};

/*-----------------
 *    KERNING
 *----------------*/

/*Pair left and right glyphs for kerning*/
static const uint8_t kern_pair_glyph_ids[] =
{
    3, 34,
    3, 36,
    3, 40,
    3, 43,
    3, 48,
    3, 50,
    3, 66,
    3, 68,
    3, 69,
    3, 70,
    3, 72,
    3, 80,
    3, 82,
    3, 84,
    7, 53,
    8, 34,
    8, 36,
    8, 40,
    8, 43,
    8, 48,
    8, 50,
    8, 66,
    8, 68,
    8, 69,
    8, 70,
    8, 72,
    8, 80,
    8, 82,
    8, 84,
    11, 43,
    11, 57,
    13, 35,
    13, 36,
    13, 37,
    13, 38,
    13, 39,
    13, 40,
    13, 41,
    13, 42,
    13, 44,
    13, 45,
    13, 47,
    13, 48,
    13, 49,
    13, 50,
    13, 51,
    13, 53,
    13, 54,
    13, 55,
    13, 56,
    13, 58,
    13, 68,
    13, 69,
    13, 70,
    13, 80,
    13, 82,
    13, 85,
    13, 87,
    13, 88,
    13, 90,
    14, 53,
    14, 55,
    14, 56,
    14, 57,
    14, 58,
    15, 35,
    15, 36,
    15, 37,
    15, 38,
    15, 39,
    15, 40,
    15, 41,
    15, 42,
    15, 44,
    15, 45,
    15, 47,
    15, 48,
    15, 49,
    15, 50,
    15, 51,
    15, 53,
    15, 54,
    15, 55,
    15, 56,
    15, 58,
    15, 68,
    15, 69,
    15, 70,
    15, 80,
    15, 82,
    15, 85,
    15, 87,
    15, 88,
    15, 90,
    16, 36,
    16, 40,
    16, 48,
    16, 50,
    16, 52,
    16, 68,
    16, 69,
    16, 70,
    16, 80,
    16, 82,
    17, 24,
    17, 57,
    17, 58,
    18, 24,
    19, 21,
    21, 18,
    21, 24,
    22, 24,
    23, 18,
    23, 19,
    23, 24,
    23, 26,
    23, 58,
    24, 21,
    25, 24,
    25, 58,
    26, 24,
    27, 53,
    27, 55,
    27, 56,
    27, 58,
    28, 53,
    28, 55,
    28, 56,
    28, 58,
    34, 3,
    34, 8,
    34, 36,
    34, 40,
    34, 48,
    34, 52,
    34, 53,
    34, 54,
    34, 55,
    34, 56,
    34, 58,
    34, 71,
    34, 85,
    34, 87,
    34, 88,
    34, 90,
    35, 3,
    35, 8,
    35, 13,
    35, 15,
    35, 34,
    35, 53,
    35, 55,
    35, 56,
    35, 57,
    35, 58,
    36, 3,
    36, 8,
    36, 13,
    36, 15,
    36, 57,
    36, 58,
    37, 3,
    37, 8,
    37, 13,
    37, 15,
    37, 24,
    37, 34,
    37, 43,
    37, 53,
    37, 55,
    37, 57,
    37, 58,
    37, 59,
    37, 61,
    38, 68,
    38, 69,
    38, 70,
    38, 72,
    38, 80,
    38, 82,
    38, 84,
    39, 3,
    39, 8,
    39, 13,
    39, 15,
    39, 27,
    39, 28,
    39, 34,
    39, 43,
    39, 52,
    39, 66,
    39, 68,
    39, 69,
    39, 70,
    39, 72,
    39, 80,
    39, 82,
    39, 84,
    39, 89,
    39, 90,
    39, 91,
    40, 3,
    40, 8,
    40, 53,
    40, 55,
    40, 56,
    40, 58,
    43, 13,
    43, 15,
    44, 14,
    44, 36,
    44, 40,
    44, 48,
    44, 50,
    44, 52,
    44, 54,
    44, 66,
    44, 68,
    44, 69,
    44, 70,
    44, 72,
    44, 80,
    44, 82,
    44, 84,
    44, 85,
    44, 86,
    44, 87,
    44, 88,
    44, 90,
    45, 3,
    45, 8,
    45, 11,
    45, 14,
    45, 18,
    45, 24,
    45, 36,
    45, 40,
    45, 48,
    45, 50,
    45, 52,
    45, 53,
    45, 54,
    45, 55,
    45, 56,
    45, 58,
    45, 61,
    45, 68,
    45, 69,
    45, 70,
    45, 71,
    45, 72,
    45, 80,
    45, 82,
    45, 84,
    45, 85,
    45, 88,
    45, 90,
    46, 52,
    46, 53,
    46, 55,
    46, 58,
    48, 3,
    48, 8,
    48, 13,
    48, 15,
    48, 24,
    48, 34,
    48, 43,
    48, 53,
    48, 55,
    48, 57,
    48, 58,
    48, 59,
    48, 61,
    49, 13,
    49, 14,
    49, 15,
    49, 16,
    49, 21,
    49, 24,
    49, 34,
    49, 43,
    49, 52,
    49, 57,
    49, 59,
    49, 61,
    49, 66,
    49, 68,
    49, 69,
    49, 70,
    49, 72,
    49, 78,
    49, 79,
    49, 80,
    49, 82,
    49, 83,
    49, 84,
    49, 91,
    50, 3,
    50, 8,
    50, 13,
    50, 15,
    50, 24,
    50, 34,
    50, 43,
    50, 53,
    50, 55,
    50, 57,
    50, 58,
    50, 59,
    50, 61,
    51, 36,
    51, 40,
    51, 48,
    51, 50,
    51, 52,
    51, 53,
    51, 54,
    51, 55,
    51, 56,
    51, 58,
    51, 61,
    51, 66,
    51, 68,
    51, 69,
    51, 70,
    51, 80,
    51, 82,
    51, 88,
    51, 90,
    51, 91,
    52, 16,
    52, 34,
    52, 46,
    52, 52,
    52, 55,
    52, 57,
    52, 58,
    52, 61,
    53, 7,
    53, 13,
    53, 14,
    53, 15,
    53, 16,
    53, 27,
    53, 28,
    53, 34,
    53, 36,
    53, 40,
    53, 43,
    53, 46,
    53, 48,
    53, 50,
    53, 66,
    53, 68,
    53, 69,
    53, 70,
    53, 71,
    53, 72,
    53, 75,
    53, 78,
    53, 79,
    53, 80,
    53, 81,
    53, 82,
    53, 83,
    53, 84,
    53, 85,
    53, 86,
    53, 88,
    53, 89,
    53, 90,
    53, 91,
    54, 13,
    54, 15,
    54, 16,
    54, 34,
    55, 13,
    55, 14,
    55, 15,
    55, 16,
    55, 27,
    55, 28,
    55, 34,
    55, 36,
    55, 40,
    55, 43,
    55, 46,
    55, 48,
    55, 50,
    55, 52,
    55, 66,
    55, 68,
    55, 69,
    55, 70,
    55, 72,
    55, 78,
    55, 79,
    55, 80,
    55, 81,
    55, 82,
    55, 83,
    55, 84,
    55, 85,
    55, 86,
    55, 87,
    55, 88,
    55, 89,
    55, 90,
    55, 91,
    56, 13,
    56, 14,
    56, 15,
    56, 16,
    56, 27,
    56, 28,
    56, 34,
    56, 36,
    56, 40,
    56, 48,
    56, 50,
    56, 52,
    56, 61,
    56, 66,
    56, 68,
    56, 69,
    56, 70,
    56, 71,
    56, 72,
    56, 78,
    56, 79,
    56, 80,
    56, 81,
    56, 82,
    56, 83,
    56, 84,
    56, 87,
    56, 88,
    56, 89,
    56, 91,
    57, 11,
    57, 14,
    57, 17,
    57, 36,
    57, 40,
    57, 48,
    57, 50,
    57, 52,
    57, 61,
    57, 66,
    57, 68,
    57, 69,
    57, 70,
    57, 71,
    57, 72,
    57, 80,
    57, 82,
    57, 84,
    57, 85,
    57, 87,
    57, 88,
    57, 90,
    58, 13,
    58, 14,
    58, 15,
    58, 16,
    58, 17,
    58, 21,
    58, 23,
    58, 25,
    58, 27,
    58, 28,
    58, 34,
    58, 36,
    58, 40,
    58, 43,
    58, 46,
    58, 48,
    58, 50,
    58, 52,
    58, 66,
    58, 68,
    58, 69,
    58, 70,
    58, 71,
    58, 72,
    58, 78,
    58, 79,
    58, 80,
    58, 81,
    58, 82,
    58, 83,
    58, 84,
    58, 86,
    58, 88,
    58, 89,
    58, 90,
    58, 91,
    59, 36,
    59, 40,
    59, 48,
    59, 50,
    59, 52,
    59, 66,
    59, 68,
    59, 69,
    59, 70,
    59, 80,
    59, 82,
    61, 36,
    61, 40,
    61, 48,
    61, 50,
    61, 52,
    61, 53,
    61, 54,
    61, 55,
    61, 56,
    61, 58,
    66, 3,
    66, 8,
    66, 53,
    66, 55,
    66, 56,
    66, 58,
    66, 85,
    66, 87,
    66, 88,
    66, 90,
    67, 3,
    67, 8,
    67, 13,
    67, 15,
    67, 53,
    67, 55,
    67, 56,
    67, 58,
    67, 72,
    67, 75,
    67, 88,
    67, 89,
    68, 3,
    68, 8,
    68, 13,
    68, 15,
    68, 53,
    68, 56,
    68, 58,
    68, 68,
    68, 69,
    68, 70,
    68, 75,
    68, 80,
    68, 82,
    69, 53,
    69, 55,
    69, 56,
    69, 58,
    70, 3,
    70, 8,
    70, 53,
    70, 55,
    70, 56,
    70, 58,
    70, 75,
    70, 88,
    70, 89,
    71, 15,
    71, 27,
    71, 28,
    71, 34,
    71, 66,
    71, 68,
    71, 69,
    71, 70,
    71, 71,
    71, 74,
    71, 75,
    71, 80,
    71, 82,
    71, 86,
    72, 53,
    72, 55,
    72, 57,
    72, 58,
    72, 59,
    72, 68,
    72, 69,
    72, 70,
    72, 72,
    72, 75,
    72, 80,
    72, 82,
    72, 85,
    72, 86,
    72, 88,
    72, 90,
    73, 3,
    73, 8,
    73, 53,
    73, 55,
    73, 56,
    73, 58,
    76, 3,
    76, 8,
    76, 53,
    76, 56,
    76, 58,
    76, 68,
    76, 69,
    76, 70,
    76, 72,
    76, 80,
    76, 82,
    76, 84,
    78, 3,
    78, 8,
    78, 53,
    78, 55,
    78, 56,
    78, 58,
    79, 3,
    79, 8,
    79, 53,
    79, 55,
    79, 56,
    79, 58,
    80, 3,
    80, 8,
    80, 13,
    80, 15,
    80, 53,
    80, 55,
    80, 56,
    80, 58,
    80, 72,
    80, 75,
    80, 88,
    80, 89,
    81, 3,
    81, 8,
    81, 13,
    81, 15,
    81, 53,
    81, 55,
    81, 56,
    81, 58,
    81, 72,
    81, 75,
    81, 88,
    81, 89,
    82, 3,
    82, 8,
    82, 53,
    82, 55,
    82, 58,
    83, 13,
    83, 15,
    83, 34,
    83, 43,
    83, 53,
    83, 57,
    83, 58,
    83, 59,
    83, 66,
    83, 68,
    83, 69,
    83, 70,
    83, 72,
    83, 80,
    83, 82,
    84, 3,
    84, 8,
    84, 53,
    84, 55,
    84, 56,
    84, 57,
    84, 58,
    85, 3,
    85, 8,
    85, 52,
    85, 53,
    85, 55,
    85, 58,
    85, 72,
    86, 3,
    86, 8,
    86, 53,
    86, 55,
    86, 56,
    86, 58,
    87, 13,
    87, 15,
    87, 34,
    87, 43,
    87, 53,
    87, 55,
    87, 56,
    87, 57,
    87, 58,
    87, 59,
    87, 66,
    87, 72,
    88, 13,
    88, 15,
    88, 34,
    88, 43,
    88, 53,
    88, 55,
    88, 56,
    88, 57,
    88, 58,
    88, 59,
    88, 66,
    88, 72,
    89, 53,
    89, 55,
    89, 56,
    89, 58,
    89, 68,
    89, 69,
    89, 70,
    89, 80,
    89, 82,
    90, 13,
    90, 15,
    90, 34,
    90, 43,
    90, 53,
    90, 55,
    90, 56,
    90, 57,
    90, 58,
    90, 59,
    90, 66,
    90, 72,
    91, 53,
    91, 55,
    91, 56,
    91, 58,
    91, 68,
    91, 69,
    91, 70,
    91, 72,
    91, 80,
    91, 82
};

/* Kerning between the respective left and right glyphs
 * 4.4 format which needs to scaled with `kern_scale`*/
static const int8_t kern_pair_values[] =
{
    -24, -3, -3, -13, -3, -3, -5, -9,
    -9, -9, -13, -9, -9, -5, -5, -24,
    -3, -3, -13, -3, -3, -5, -9, -9,
    -9, -13, -9, -9, -5, -4, -3, -1,
    -3, -1, -1, -1, -3, -1, -1, -1,
    -1, -1, -3, -1, -3, -1, -20, -3,
    -17, -14, -25, -3, -3, -3, -3, -3,
    -4, -6, -3, -4, -7, -10, -1, -3,
    -7, -1, -3, -1, -1, -1, -3, -1,
    -1, -1, -1, -1, -3, -1, -3, -1,
    -20, -3, -17, -14, -25, -3, -3, -3,
    -3, -3, -4, -6, -3, -4, -3, -3,
    -3, -3, -4, -8, -8, -8, -8, -8,
    -4, -1, -3, -5, -3, -3, -7, -3,
    -1, -1, -4, -2, -1, -13, -6, -1,
    -5, -24, -3, -4, -17, -24, -3, -4,
    -17, -24, -24, -2, -2, -2, -1, -16,
    -1, -15, -10, -15, -6, -4, -3, -6,
    -5, -6, -6, -3, -3, 0, -9, -10,
    -1, -8, -3, -3, -3, -1, -1, -1,
    -1, -4, -4, -3, -3, -1, -2, -1,
    -1, -1, -3, -3, -1, -5, -2, -2,
    -2, -2, -2, -2, -2, -1, -1, -24,
    -24, -5, -5, -14, -12, -1, -7, -5,
    -5, -5, -3, -5, -5, -6, -4, -4,
    -5, -4, -4, -5, -3, 0, -5, -10,
    -10, -4, -7, -7, -7, -4, -3, 0,
    -2, -5, -5, -5, -2, -5, -5, -2,
    -3, -1, -1, -5, -10, -11, -11, -17,
    -7, -5, -1, -2, -2, -2, -3, -1,
    -30, -3, -28, -19, -34, -13, -1, -1,
    -1, -5, -1, -1, -1, -1, -4, -13,
    -18, -2, -3, -1, -1, -4, -4, -3,
    -3, -1, -2, -1, -1, -1, -3, -3,
    -1, -5, -40, -33, -43, -20, -10, -1,
    -17, -8, -1, -4, -10, -4, -10, -8,
    -8, -8, -7, -3, -3, -8, 0, -3,
    -4, -3, -4, -4, -3, -3, -1, -2,
    -1, -1, -1, -3, -3, -1, -5, -1,
    -1, -1, -1, -1, -5, -1, -1, -2,
    -6, -4, -4, -3, -3, -3, -3, -3,
    -3, -1, -3, -3, -1, -1, -3, -1,
    -1, -1, -5, -1, -20, -7, -20, -8,
    -24, -24, -16, -1, -1, -9, -3, -1,
    -1, -25, -24, -24, -24, -13, -25, -5,
    -22, -22, -24, -22, 0, -22, -25, -7,
    -18, -24, -19, -23, -20, -3, -3, -4,
    -1, -18, -10, -18, -3, -4, -4, -15,
    -2, -2, -8, -1, -2, -2, -1, -23,
    -15, -15, -15, -19, -8, -8, -15, -12,
    -13, -8, -15, -4, -11, -8, -8, -8,
    -12, -16, -14, -1, -14, -5, -4, -4,
    -10, 0, 0, 0, 0, -1, -3, -15,
    -11, -11, -11, -1, -9, -5, -5, -11,
    -4, 0, -5, -5, -4, -4, -4, -3,
    -4, -3, -1, -3, -3, -3, -3, -2,
    -3, -4, -4, -4, -4, -8, -4, -4,
    -4, -8, -8, -8, -12, -12, -25, -7,
    -25, -7, -3, -4, -1, -1, -18, -18,
    -15, -3, -3, -8, -1, -3, -3, -1,
    -27, -23, -23, -23, -10, -22, -18, -18,
    -23, -16, -6, -18, -18, -17, -13, -15,
    -12, -10, -1, -1, -1, -1, -1, -1,
    -1, -1, -1, -1, -1, -3, -3, -3,
    -3, -4, -8, -4, -8, -7, -8, -10,
    -10, -22, -18, -12, -26, 0, -1, -2,
    -1, -9, -9, -3, -3, -24, -15, -10,
    -23, 0, -1, 0, -5, -7, -7, 0,
    0, -18, -1, -16, -2, -2, -2, -1,
    -2, -2, 12, 4, 4, 8, -3, -3,
    -24, -12, -3, -21, -1, 0, -3, -5,
    -1, -1, -1, -4, -8, -8, -8, -13,
    -3, -3, -8, -8, -4, -14, -4, -8,
    -4, -3, -2, -2, -2, -4, 4, -2,
    -2, 1, 0, 1, 2, -12, -12, -22,
    -11, -5, -18, -3, -3, -13, -1, -10,
    -2, -2, -2, -1, -2, -2, -1, -12,
    -12, -22, -11, -5, -18, -12, -12, -22,
    -11, -5, -18, -9, -9, -3, -3, -24,
    -15, -10, -23, 0, -1, 0, -5, -9,
    -9, -3, -3, -24, -15, -10, -23, 0,
    -1, 0, -5, -3, -3, -19, -9, -13,
    -28, -28, -11, -4, -20, -8, -7, -8,
    -3, -1, -1, -1, -2, -1, -4, -5,
    -5, -23, -15, -3, -4, -22, -5, -5,
    -1, -10, -4, -4, -1, -4, -4, -21,
    -8, -1, -17, -7, -7, -7, -4, -27,
    -8, -4, -8, -13, -8, -2, -2, -6,
    -7, -5, -12, -24, -8, -4, -12, -13,
    -3, -2, -1, -19, -8, -4, -15, -5,
    -5, -5, -5, -5, -11, -11, -7, -4,
    -27, -8, -4, -8, -13, -8, -2, -2,
    -20, -5, -3, -10, -3, -3, -3, -1,
    -3, -3
};

/*Collect the kern pair's data in one place*/
static const lv_font_fmt_txt_kern_pair_t kern_pairs =
{
    .glyph_ids = kern_pair_glyph_ids,
    .values = kern_pair_values,
    .pair_cnt = 746,
    .glyph_ids_size = 0
};

/*--------------------
 *  ALL CUSTOM DATA
 *--------------------*/

#if LVGL_VERSION_MAJOR == 8
/*Store all the custom data of the font*/
static  lv_font_fmt_txt_glyph_cache_t cache;
#endif

#if LVGL_VERSION_MAJOR >= 8
static const lv_font_fmt_txt_dsc_t font_dsc = {
#else
static lv_font_fmt_txt_dsc_t font_dsc = {
#endif
    .glyph_bitmap = glyph_bitmap,
    .glyph_dsc = glyph_dsc,
    .cmaps = cmaps,
    .kern_dsc = &kern_pairs,
    .kern_scale = 16,
    .cmap_num = 1,
    .bpp = 8,
    .kern_classes = 0,
    .bitmap_format = 0,
#if LVGL_VERSION_MAJOR == 8
    .cache = &cache
#endif
};

/*-----------------
 *  PUBLIC FONT
 *----------------*/

/*Initialize a public general font descriptor*/
#if LVGL_VERSION_MAJOR >= 8
const lv_font_t ui_font_oswald24 = {
#else
lv_font_t ui_font_oswald24 = {
#endif
    .get_glyph_dsc = lv_font_get_glyph_dsc_fmt_txt,    /*Function pointer to get glyph's data*/
    .get_glyph_bitmap = lv_font_get_bitmap_fmt_txt,    /*Function pointer to get glyph's bitmap*/
    .line_height = 27,          /*The maximum line height required by the font*/
    .base_line = 5,             /*Baseline measured from the bottom of the line*/
#if !(LVGL_VERSION_MAJOR == 6 && LVGL_VERSION_MINOR == 0)
    .subpx = LV_FONT_SUBPX_NONE,
#endif
#if LV_VERSION_CHECK(7, 4, 0) || LVGL_VERSION_MAJOR >= 8
    .underline_position = -2,
    .underline_thickness = 1,
#endif
    .dsc = &font_dsc,          /*The custom font data. Will be accessed by `get_glyph_bitmap/dsc` */
#if LV_VERSION_CHECK(8, 2, 0) || LVGL_VERSION_MAJOR >= 9
    .fallback = NULL,
#endif
    .user_data = NULL,
};

#endif /*#if UI_FONT_OSWALD24*/