/*******************************************************************************
 * Size: 26 px
 * Bpp: 8
 * Opts: --bpp 8 --size 26 --no-compress --font assets/fonts/JetBrains_Mono,Montserrat,Open_Sans,Oswald,Pacifico,etc/Oswald/static/Oswald-Regular.ttf --range 32-127 --format lvgl
 ******************************************************************************/

#ifdef __has_include
    #if __has_include("lvgl.h")
        #ifndef LV_LVGL_H_INCLUDE_SIMPLE
            #define LV_LVGL_H_INCLUDE_SIMPLE
        #endif
    #endif
#endif

#ifdef LV_LVGL_H_INCLUDE_SIMPLE
    #include "lvgl.h"
#else
    #include "lvgl.h"
#endif

#ifndef UI_FONT_OSWALD26
#define UI_FONT_OSWALD26 1
#endif

#if UI_FONT_OSWALD26

/*-----------------
 *    BITMAPS
 *----------------*/

/*Store the image of the glyphs*/
static LV_ATTRIBUTE_LARGE_CONST const uint8_t glyph_bitmap[] = {
    /* U+0020 " " */

    /* U+0021 "!" */
    0xae, 0xff, 0xff, 0x16, 0x9f, 0xff, 0xff, 0x6,
    0x92, 0xff, 0xf6, 0x0, 0x83, 0xff, 0xe9, 0x0,
    0x76, 0xff, 0xda, 0x0, 0x67, 0xff, 0xca, 0x0,
    0x5a, 0xff, 0xbd, 0x0, 0x4b, 0xff, 0xae, 0x0,
    0x3e, 0xff, 0x9e, 0x0, 0x2f, 0xff, 0x90, 0x0,
    0x22, 0xff, 0x82, 0x0, 0x13, 0xff, 0x72, 0x0,
    0x6, 0xff, 0x64, 0x0, 0x0, 0xf7, 0x56, 0x0,
    0x0, 0xea, 0x46, 0x0, 0x0, 0xdb, 0x38, 0x0,
    0x0, 0x42, 0xf, 0x0, 0x0, 0x0, 0x0, 0x0,
    0x92, 0xd0, 0xd0, 0x17, 0xb4, 0xff, 0xff, 0x1c,
    0xb4, 0xff, 0xff, 0x1c,

    /* U+0022 "\"" */
    0x7c, 0xff, 0xf6, 0x2, 0xdc, 0xff, 0x94, 0x7c,
    0xff, 0xce, 0x0, 0xdc, 0xff, 0x6a, 0x7c, 0xff,
    0xa6, 0x0, 0xdc, 0xff, 0x42, 0x7c, 0xff, 0x7d,
    0x0, 0xdc, 0xff, 0x18, 0x7c, 0xff, 0x54, 0x0,
    0xdc, 0xf0, 0x0, 0x7c, 0xff, 0x2a, 0x0, 0xdc,
    0xc7, 0x0, 0x2b, 0x58, 0x5, 0x0, 0x4c, 0x3b,
    0x0,

    /* U+0023 "#" */
    0x0, 0x0, 0x0, 0x2a, 0xff, 0xff, 0x9e, 0x0,
    0xe, 0xff, 0xff, 0xb6, 0x0, 0x0, 0x0, 0x4f,
    0xff, 0xff, 0x79, 0x0, 0x32, 0xff, 0xff, 0x92,
    0x0, 0x0, 0x0, 0x73, 0xff, 0xff, 0x55, 0x0,
    0x56, 0xff, 0xff, 0x6e, 0x0, 0x0, 0x0, 0x98,
    0xff, 0xff, 0x30, 0x0, 0x7a, 0xff, 0xff, 0x4a,
    0x0, 0x0, 0x0, 0xbd, 0xff, 0xff, 0xc, 0x0,
    0x9e, 0xff, 0xff, 0x26, 0x0, 0x0, 0x0, 0xe1,
    0xff, 0xe7, 0x0, 0x0, 0xc2, 0xff, 0xfc, 0x6,
    0x0, 0x0, 0x8, 0xfe, 0xff, 0xc2, 0x0, 0x0,
    0xe6, 0xff, 0xde, 0x0, 0x1c, 0xff, 0xff, 0xff,
    0xff, 0xff, 0xff, 0xff, 0xff, 0xff, 0xff, 0xdc,
    0x1c, 0xff, 0xff, 0xff, 0xff, 0xff, 0xff, 0xff,
    0xff, 0xff, 0xff, 0xdc, 0x2, 0x14, 0x79, 0xff,
    0xff, 0x64, 0x14, 0x63, 0xff, 0xff, 0x7a, 0x11,
    0x0, 0x0, 0x8c, 0xff, 0xff, 0x37, 0x0, 0x74,
    0xff, 0xff, 0x4f, 0x0, 0x2, 0xc, 0xb0, 0xff,
    0xff, 0x20, 0xc, 0x99, 0xff, 0xff, 0x36, 0x9,
    0x2c, 0xff, 0xff, 0xff, 0xff, 0xff, 0xff, 0xff,
    0xff, 0xff, 0xff, 0xc8, 0x2c, 0xff, 0xff, 0xff,
    0xff, 0xff, 0xff, 0xff, 0xff, 0xff, 0xff, 0xc8,
    0x0, 0x20, 0xff, 0xff, 0xa8, 0x0, 0xa, 0xfe,
    0xff, 0xc0, 0x0, 0x0, 0x0, 0x47, 0xff, 0xff,
    0x82, 0x0, 0x30, 0xff, 0xff, 0x98, 0x0, 0x0,
    0x0, 0x6e, 0xff, 0xff, 0x5a, 0x0, 0x58, 0xff,
    0xff, 0x70, 0x0, 0x0, 0x0, 0x94, 0xff, 0xff,
    0x34, 0x0, 0x80, 0xff, 0xff, 0x48, 0x0, 0x0,
    0x0, 0xbb, 0xff, 0xff, 0xd, 0x0, 0xa8, 0xff,
    0xff, 0x20, 0x0, 0x0, 0x0, 0xe2, 0xff, 0xe6,
    0x0, 0x0, 0xd0, 0xff, 0xf6, 0x2, 0x0, 0x0,
    0xa, 0xff, 0xff, 0xbf, 0x0, 0x2, 0xf6, 0xff,
    0xd0, 0x0, 0x0, 0x0,

    /* U+0024 "$" */
    0x0, 0x0, 0x0, 0x0, 0x34, 0xb4, 0x0, 0x0,
    0x0, 0x0, 0x0, 0x0, 0x0, 0x0, 0x0, 0x34,
    0xb8, 0x1, 0x0, 0x0, 0x0, 0x0, 0x0, 0xe,
    0x8a, 0xdd, 0xfd, 0xff, 0xf2, 0xa4, 0x1f, 0x0,
    0x0, 0xe, 0xd3, 0xff, 0xff, 0xff, 0xff, 0xff,
    0xff, 0xe9, 0x1e, 0x0, 0x82, 0xff, 0xff, 0xac,
    0x41, 0x31, 0x8b, 0xff, 0xff, 0xa7, 0x0, 0xd1,
    0xff, 0xda, 0x2, 0x0, 0x0, 0x0, 0xb9, 0xff,
    0xf8, 0x9, 0xec, 0xff, 0xb3, 0x0, 0x0, 0x0,
    0x0, 0x68, 0xff, 0xff, 0x36, 0xe4, 0xff, 0xd7,
    0x0, 0x0, 0x0, 0x0, 0x3a, 0xc6, 0x83, 0x1a,
    0xb4, 0xff, 0xff, 0x60, 0x0, 0x0, 0x0, 0x0,
    0x0, 0x0, 0x0, 0x50, 0xff, 0xff, 0xfb, 0x5c,
    0x0, 0x0, 0x0, 0x0, 0x0, 0x0, 0x0, 0xa7,
    0xff, 0xff, 0xff, 0x80, 0x1, 0x0, 0x0, 0x0,
    0x0, 0x0, 0x5, 0xa5, 0xff, 0xff, 0xff, 0xa3,
    0x7, 0x0, 0x0, 0x0, 0x0, 0x0, 0x1, 0x84,
    0xff, 0xff, 0xff, 0xbf, 0xd, 0x0, 0x0, 0x0,
    0x0, 0x0, 0x0, 0x63, 0xfb, 0xff, 0xff, 0xbe,
    0x6, 0x0, 0x0, 0x0, 0x0, 0x0, 0x0, 0x46,
    0xf3, 0xff, 0xff, 0x89, 0x0, 0x0, 0x0, 0x0,
    0x0, 0x0, 0x0, 0x3e, 0xf9, 0xff, 0xfa, 0x1c,
    0x1a, 0x5f, 0x63, 0x0, 0x0, 0x0, 0x0, 0x7e,
    0xff, 0xff, 0x71, 0xf1, 0xff, 0xc4, 0x0, 0x0,
    0x0, 0x0, 0x2a, 0xff, 0xff, 0x9a, 0xcd, 0xff,
    0xf6, 0x7, 0x0, 0x0, 0x0, 0x18, 0xff, 0xff,
    0x9e, 0x87, 0xff, 0xff, 0x6b, 0x0, 0x0, 0x0,
    0x4b, 0xff, 0xff, 0x7b, 0x1f, 0xf8, 0xff, 0xf8,
    0x77, 0x3d, 0x5e, 0xe4, 0xff, 0xfc, 0x24, 0x0,
    0x65, 0xff, 0xff, 0xff, 0xff, 0xff, 0xff, 0xff,
    0x76, 0x0, 0x0, 0x0, 0x42, 0xb8, 0xf0, 0xff,
    0xf7, 0xc0, 0x4b, 0x0, 0x0, 0x0, 0x0, 0x0,
    0x0, 0x0, 0x94, 0x50, 0x0, 0x0, 0x0, 0x0,
    0x0, 0x0, 0x0, 0x0, 0x0, 0x94, 0x50, 0x0,
    0x0, 0x0, 0x0,

    /* U+0025 "%" */
    0x0, 0x0, 0x56, 0xce, 0xf9, 0xf9, 0xd2, 0x63,
    0x0, 0x0, 0x0, 0x0, 0x0, 0xd4, 0xff, 0x91,
    0x0, 0x0, 0x0, 0x0, 0x0, 0x0, 0x0, 0x0,
    0x4d, 0xff, 0xff, 0xfe, 0xfd, 0xff, 0xff, 0x5f,
    0x0, 0x0, 0x0, 0x1a, 0xff, 0xff, 0x4b, 0x0,
    0x0, 0x0, 0x0, 0x0, 0x0, 0x0, 0x0, 0xc2,
    0xff, 0xda, 0x10, 0xf, 0xd1, 0xff, 0xd1, 0x0,
    0x0, 0x0, 0x61, 0xff, 0xf9, 0xb, 0x0, 0x0,
    0x0, 0x0, 0x0, 0x0, 0x0, 0x2, 0xf9, 0xff,
    0x91, 0x0, 0x0, 0x82, 0xff, 0xfe, 0x8, 0x0,
    0x0, 0xa8, 0xff, 0xbe, 0x0, 0x0, 0x0, 0x0,
    0x0, 0x0, 0x0, 0x0, 0xe, 0xff, 0xff, 0x7d,
    0x0, 0x0, 0x6d, 0xff, 0xff, 0x17, 0x0, 0x2,
    0xec, 0xff, 0x79, 0x0, 0x0, 0x0, 0x0, 0x0,
    0x0, 0x0, 0x0, 0x10, 0xff, 0xff, 0x7c, 0x0,
    0x0, 0x6c, 0xff, 0xff, 0x18, 0x0, 0x35, 0xff,
    0xff, 0x31, 0x0, 0x0, 0x0, 0x0, 0x0, 0x0,
    0x0, 0x0, 0xd, 0xff, 0xff, 0x7e, 0x0, 0x0,
    0x6f, 0xff, 0xff, 0x15, 0x0, 0x7c, 0xff, 0xea,
    0x1, 0x0, 0x0, 0x0, 0x0, 0x0, 0x0, 0x0,
    0x0, 0x1, 0xf5, 0xff, 0x98, 0x0, 0x0, 0x88,
    0xff, 0xfc, 0x5, 0x0, 0xc2, 0xff, 0xa4, 0x0,
    0x0, 0x0, 0x0, 0x0, 0x0, 0x0, 0x0, 0x0,
    0x0, 0xba, 0xff, 0xe9, 0x21, 0x1b, 0xdf, 0xff,
    0xc9, 0x0, 0xe, 0xfb, 0xff, 0x5e, 0x0, 0x0,
    0x0, 0x0, 0x0, 0x0, 0x0, 0x0, 0x0, 0x0,
    0x43, 0xff, 0xff, 0xff, 0xff, 0xff, 0xff, 0x56,
    0x0, 0x50, 0xff, 0xff, 0x19, 0x0, 0x0, 0x0,
    0x0, 0x0, 0x0, 0x0, 0x0, 0x0, 0x0, 0x0,
    0x57, 0xd8, 0xff, 0xff, 0xde, 0x68, 0x0, 0x0,
    0x96, 0xff, 0xd2, 0x0, 0x0, 0x41, 0xc3, 0xf6,
    0xfb, 0xdb, 0x7a, 0x3, 0x0, 0x0, 0x0, 0x0,
    0x0, 0x9, 0x9, 0x0, 0x0, 0x0, 0x0, 0xdd,
    0xff, 0x8c, 0x0, 0x2a, 0xf9, 0xff, 0xff, 0xff,
    0xff, 0xff, 0x84, 0x0, 0x0, 0x0, 0x0, 0x0,
    0x0, 0x0, 0x0, 0x0, 0x0, 0x23, 0xff, 0xff,
    0x46, 0x0, 0x98, 0xff, 0xf5, 0x3e, 0x23, 0xc9,
    0xff, 0xf2, 0x5, 0x0, 0x0, 0x0, 0x0, 0x0,
    0x0, 0x0, 0x0, 0x0, 0x6a, 0xff, 0xf7, 0x8,
    0x0, 0xd1, 0xff, 0xb7, 0x0, 0x0, 0x67, 0xff,
    0xff, 0x2a, 0x0, 0x0, 0x0, 0x0, 0x0, 0x0,
    0x0, 0x0, 0x0, 0xb1, 0xff, 0xba, 0x0, 0x0,
    0xe5, 0xff, 0x9d, 0x0, 0x0, 0x4e, 0xff, 0xff,
    0x3b, 0x0, 0x0, 0x0, 0x0, 0x0, 0x0, 0x0,
    0x0, 0x6, 0xf2, 0xff, 0x72, 0x0, 0x0, 0xe8,
    0xff, 0x9c, 0x0, 0x0, 0x4c, 0xff, 0xff, 0x3c,
    0x0, 0x0, 0x0, 0x0, 0x0, 0x0, 0x0, 0x0,
    0x3e, 0xff, 0xff, 0x2c, 0x0, 0x0, 0xe5, 0xff,
    0x9e, 0x0, 0x0, 0x4e, 0xff, 0xff, 0x39, 0x0,
    0x0, 0x0, 0x0, 0x0, 0x0, 0x0, 0x0, 0x85,
    0xff, 0xe5, 0x1, 0x0, 0x0, 0xcd, 0xff, 0xb4,
    0x0, 0x0, 0x62, 0xff, 0xff, 0x24, 0x0, 0x0,
    0x0, 0x0, 0x0, 0x0, 0x0, 0x0, 0xcc, 0xff,
    0x9f, 0x0, 0x0, 0x0, 0x91, 0xff, 0xf5, 0x26,
    0x8, 0xbd, 0xff, 0xe8, 0x2, 0x0, 0x0, 0x0,
    0x0, 0x0, 0x0, 0x0, 0x14, 0xfe, 0xff, 0x59,
    0x0, 0x0, 0x0, 0x21, 0xf5, 0xff, 0xfe, 0xfb,
    0xff, 0xff, 0x70, 0x0, 0x0, 0x0, 0x0, 0x0,
    0x0, 0x0, 0x0, 0x58, 0xff, 0xfe, 0x15, 0x0,
    0x0, 0x0, 0x0, 0x38, 0xbf, 0xf6, 0xfc, 0xd6,
    0x6f, 0x1, 0x0,

    /* U+0026 "&" */
    0x0, 0x0, 0x5, 0x78, 0xd6, 0xfb, 0xf3, 0xbc,
    0x4a, 0x0, 0x0, 0x0, 0x0, 0x0, 0x0, 0x1,
    0xb2, 0xff, 0xff, 0xff, 0xff, 0xff, 0xff, 0x6a,
    0x0, 0x0, 0x0, 0x0, 0x0, 0x52, 0xff, 0xff,
    0xd0, 0x50, 0x6b, 0xf4, 0xff, 0xf7, 0xf, 0x0,
    0x0, 0x0, 0x0, 0x9d, 0xff, 0xff, 0x40, 0x0,
    0x0, 0x97, 0xff, 0xff, 0x3d, 0x0, 0x0, 0x0,
    0x0, 0xb5, 0xff, 0xff, 0x14, 0x0, 0x0, 0x95,
    0xff, 0xff, 0x36, 0x0, 0x0, 0x0, 0x0, 0xa2,
    0xff, 0xff, 0x22, 0x0, 0x0, 0xc4, 0xff, 0xf4,
    0x9, 0x0, 0x0, 0x0, 0x0, 0x62, 0xff, 0xff,
    0x57, 0x0, 0x1c, 0xfe, 0xff, 0x90, 0x0, 0x0,
    0x0, 0x0, 0x0, 0xb, 0xee, 0xff, 0xae, 0x0,
    0x91, 0xff, 0xe6, 0x10, 0x0, 0x0, 0x0, 0x0,
    0x0, 0x0, 0x75, 0xff, 0xfb, 0x4c, 0xfb, 0xf9,
    0x3d, 0x0, 0x0, 0x0, 0x0, 0x0, 0x0, 0x0,
    0x9, 0xe4, 0xff, 0xfd, 0xfd, 0x56, 0x0, 0x0,
    0x0, 0x0, 0x0, 0x0, 0x0, 0x0, 0x0, 0xa6,
    0xff, 0xff, 0x85, 0x0, 0x0, 0x0, 0x0, 0x0,
    0x0, 0x0, 0x0, 0x0, 0x7e, 0xff, 0xff, 0xff,
    0xe1, 0xd, 0x0, 0x0, 0x5e, 0xb0, 0xb0, 0x2e,
    0x0, 0x46, 0xff, 0xff, 0xbb, 0xfe, 0xff, 0x96,
    0x0, 0x0, 0xaa, 0xff, 0xff, 0x29, 0x2, 0xda,
    0xff, 0xed, 0xc, 0x91, 0xff, 0xfe, 0x3e, 0x0,
    0xdd, 0xff, 0xeb, 0x2, 0x3c, 0xff, 0xff, 0x94,
    0x0, 0xb, 0xdc, 0xff, 0xda, 0x2b, 0xff, 0xff,
    0x98, 0x0, 0x6c, 0xff, 0xff, 0x5d, 0x0, 0x0,
    0x3e, 0xfe, 0xff, 0xe7, 0xff, 0xfe, 0x2c, 0x0,
    0x78, 0xff, 0xff, 0x50, 0x0, 0x0, 0x0, 0x91,
    0xff, 0xff, 0xff, 0xa1, 0x0, 0x0, 0x5e, 0xff,
    0xff, 0x7d, 0x0, 0x0, 0x0, 0x74, 0xff, 0xff,
    0xff, 0xa9, 0xe, 0x0, 0x17, 0xf9, 0xff, 0xf0,
    0x64, 0x52, 0xa6, 0xff, 0xff, 0xff, 0xff, 0xff,
    0xf6, 0x41, 0x0, 0x71, 0xff, 0xff, 0xff, 0xff,
    0xff, 0xff, 0xe3, 0x3d, 0xce, 0xff, 0xff, 0x4c,
    0x0, 0x0, 0x52, 0xc5, 0xf6, 0xfa, 0xd9, 0x85,
    0x10, 0x0, 0xd, 0x9c, 0xf5, 0x4c,

    /* U+0027 "'" */
    0x7c, 0xff, 0xf6, 0x2, 0x7c, 0xff, 0xce, 0x0,
    0x7c, 0xff, 0xa6, 0x0, 0x7c, 0xff, 0x7d, 0x0,
    0x7c, 0xff, 0x54, 0x0, 0x7c, 0xff, 0x2a, 0x0,
    0x2b, 0x58, 0x5, 0x0,

    /* U+0028 "(" */
    0x0, 0x0, 0x0, 0x3a, 0xc1, 0xef, 0x0, 0x0,
    0x39, 0xf8, 0xff, 0xed, 0x0, 0x1, 0xd0, 0xff,
    0xca, 0xc, 0x0, 0x39, 0xff, 0xff, 0x4f, 0x0,
    0x0, 0x83, 0xff, 0xfc, 0xa, 0x0, 0x0, 0xb6,
    0xff, 0xdc, 0x0, 0x0, 0x0, 0xd8, 0xff, 0xc0,
    0x0, 0x0, 0x0, 0xf5, 0xff, 0xae, 0x0, 0x0,
    0x4, 0xff, 0xff, 0xa2, 0x0, 0x0, 0xf, 0xff,
    0xff, 0x9c, 0x0, 0x0, 0x13, 0xff, 0xff, 0x9a,
    0x0, 0x0, 0x17, 0xff, 0xff, 0x98, 0x0, 0x0,
    0x1b, 0xff, 0xff, 0x95, 0x0, 0x0, 0x1a, 0xff,
    0xff, 0x95, 0x0, 0x0, 0x16, 0xff, 0xff, 0x98,
    0x0, 0x0, 0x13, 0xff, 0xff, 0x9b, 0x0, 0x0,
    0xf, 0xff, 0xff, 0x9d, 0x0, 0x0, 0x3, 0xff,
    0xff, 0xa3, 0x0, 0x0, 0x0, 0xf1, 0xff, 0xae,
    0x0, 0x0, 0x0, 0xd4, 0xff, 0xc3, 0x0, 0x0,
    0x0, 0xb1, 0xff, 0xdf, 0x0, 0x0, 0x0, 0x7a,
    0xff, 0xfe, 0xf, 0x0, 0x0, 0x2b, 0xff, 0xff,
    0x5a, 0x0, 0x0, 0x0, 0xbe, 0xff, 0xda, 0x1f,
    0x0, 0x0, 0x24, 0xea, 0xff, 0xf8, 0x0, 0x0,
    0x0, 0x1c, 0x92, 0xc1,

    /* U+0029 ")" */
    0x3f, 0xee, 0xa8, 0x1c, 0x0, 0x0, 0x37, 0xf9,
    0xff, 0xe0, 0x13, 0x0, 0x0, 0x22, 0xef, 0xff,
    0x94, 0x0, 0x0, 0x0, 0x8c, 0xff, 0xf2, 0x8,
    0x0, 0x0, 0x46, 0xff, 0xff, 0x44, 0x0, 0x0,
    0x1c, 0xff, 0xff, 0x77, 0x0, 0x0, 0x3, 0xfd,
    0xff, 0x98, 0x0, 0x0, 0x0, 0xee, 0xff, 0xb4,
    0x0, 0x0, 0x0, 0xe2, 0xff, 0xc2, 0x0, 0x0,
    0x0, 0xdc, 0xff, 0xcd, 0x0, 0x0, 0x0, 0xda,
    0xff, 0xd0, 0x0, 0x0, 0x0, 0xd8, 0xff, 0xd4,
    0x0, 0x0, 0x0, 0xd5, 0xff, 0xd7, 0x0, 0x0,
    0x0, 0xd6, 0xff, 0xd6, 0x0, 0x0, 0x0, 0xd8,
    0xff, 0xd3, 0x0, 0x0, 0x0, 0xdb, 0xff, 0xd0,
    0x0, 0x0, 0x0, 0xdd, 0xff, 0xcb, 0x0, 0x0,
    0x0, 0xe4, 0xff, 0xc0, 0x0, 0x0, 0x0, 0xf1,
    0xff, 0xb0, 0x0, 0x0, 0x6, 0xff, 0xff, 0x94,
    0x0, 0x0, 0x22, 0xff, 0xff, 0x71, 0x0, 0x0,
    0x51, 0xff, 0xff, 0x3a, 0x0, 0x0, 0x9c, 0xff,
    0xeb, 0x4, 0x1, 0x42, 0xf9, 0xff, 0x81, 0x0,
    0x40, 0xff, 0xff, 0xca, 0xa, 0x0, 0x36, 0xc8,
    0x81, 0xc, 0x0, 0x0,

    /* U+002A "*" */
    0x0, 0x0, 0x0, 0x7d, 0xff, 0x88, 0x0, 0x0,
    0x0, 0x0, 0x0, 0x0, 0x66, 0xff, 0x6e, 0x0,
    0x0, 0x0, 0x5a, 0xab, 0x28, 0x50, 0xff, 0x56,
    0x25, 0xa5, 0x62, 0xa1, 0xff, 0xfc, 0xc2, 0xff,
    0xc3, 0xfc, 0xff, 0xaa, 0x1, 0x3c, 0x9b, 0xf7,
    0xff, 0xf9, 0xa2, 0x40, 0x1, 0x0, 0x0, 0x3b,
    0xfc, 0xdf, 0xfc, 0x3b, 0x0, 0x0, 0x0, 0xf,
    0xe0, 0xee, 0x1c, 0xec, 0xe3, 0x13, 0x0, 0x0,
    0x8f, 0xff, 0x76, 0x0, 0x73, 0xff, 0x9b, 0x0,
    0x0, 0x9, 0x78, 0x9, 0x0, 0x9, 0x79, 0xa,
    0x0,

    /* U+002B "+" */
    0x0, 0x0, 0x0, 0x0, 0x4c, 0x6c, 0x29, 0x0,
    0x0, 0x0, 0x0, 0x0, 0x0, 0x0, 0x0, 0xb4,
    0xff, 0x60, 0x0, 0x0, 0x0, 0x0, 0x0, 0x0,
    0x0, 0x0, 0xb4, 0xff, 0x60, 0x0, 0x0, 0x0,
    0x0, 0x0, 0x0, 0x0, 0x0, 0xb4, 0xff, 0x60,
    0x0, 0x0, 0x0, 0x0, 0x7, 0x14, 0x14, 0x14,
    0xba, 0xff, 0x6d, 0x14, 0x14, 0x14, 0x3, 0x58,
    0xff, 0xff, 0xff, 0xff, 0xff, 0xff, 0xff, 0xff,
    0xff, 0x24, 0x58, 0xff, 0xff, 0xff, 0xff, 0xff,
    0xff, 0xff, 0xff, 0xff, 0x24, 0x0, 0x0, 0x0,
    0x0, 0xb4, 0xff, 0x60, 0x0, 0x0, 0x0, 0x0,
    0x0, 0x0, 0x0, 0x0, 0xb4, 0xff, 0x60, 0x0,
    0x0, 0x0, 0x0, 0x0, 0x0, 0x0, 0x0, 0xb4,
    0xff, 0x60, 0x0, 0x0, 0x0, 0x0, 0x0, 0x0,
    0x0, 0x0, 0xb4, 0xff, 0x60, 0x0, 0x0, 0x0,
    0x0,

    /* U+002C "," */
    0xe1, 0xf0, 0xdd, 0xf0, 0xff, 0xec, 0xf0, 0xff,
    0xec, 0x0, 0x86, 0xe0, 0x1c, 0xe4, 0xa4, 0xca,
    0xd4, 0x1a, 0x28, 0x5, 0x0,

    /* U+002D "-" */
    0xf, 0x10, 0x10, 0x10, 0x10, 0xe, 0xf4, 0xff,
    0xff, 0xff, 0xff, 0xd8, 0xf4, 0xff, 0xff, 0xff,
    0xff, 0xd8,

    /* U+002E "." */
    0x9, 0xc, 0xc, 0x1, 0xb8, 0xff, 0xff, 0x10,
    0xb8, 0xff, 0xff, 0x10, 0xb8, 0xff, 0xff, 0x10,

    /* U+002F "/" */
    0x0, 0x0, 0x0, 0x0, 0x0, 0x0, 0xb6, 0xff,
    0xb5, 0x0, 0x0, 0x0, 0x0, 0x0, 0x6, 0xf5,
    0xff, 0x6f, 0x0, 0x0, 0x0, 0x0, 0x0, 0x41,
    0xff, 0xff, 0x2a, 0x0, 0x0, 0x0, 0x0, 0x0,
    0x86, 0xff, 0xe4, 0x0, 0x0, 0x0, 0x0, 0x0,
    0x0, 0xcb, 0xff, 0x9f, 0x0, 0x0, 0x0, 0x0,
    0x0, 0x13, 0xfe, 0xff, 0x59, 0x0, 0x0, 0x0,
    0x0, 0x0, 0x56, 0xff, 0xfe, 0x16, 0x0, 0x0,
    0x0, 0x0, 0x0, 0x9c, 0xff, 0xcf, 0x0, 0x0,
    0x0, 0x0, 0x0, 0x0, 0xe0, 0xff, 0x89, 0x0,
    0x0, 0x0, 0x0, 0x0, 0x24, 0xff, 0xff, 0x43,
    0x0, 0x0, 0x0, 0x0, 0x0, 0x6a, 0xff, 0xf6,
    0x8, 0x0, 0x0, 0x0, 0x0, 0x0, 0xaf, 0xff,
    0xba, 0x0, 0x0, 0x0, 0x0, 0x0, 0x4, 0xf1,
    0xff, 0x73, 0x0, 0x0, 0x0, 0x0, 0x0, 0x3a,
    0xff, 0xff, 0x2e, 0x0, 0x0, 0x0, 0x0, 0x0,
    0x7f, 0xff, 0xe7, 0x1, 0x0, 0x0, 0x0, 0x0,
    0x0, 0xc3, 0xff, 0xa2, 0x0, 0x0, 0x0, 0x0,
    0x0, 0xe, 0xfb, 0xff, 0x5d, 0x0, 0x0, 0x0,
    0x0, 0x0, 0x4e, 0xff, 0xff, 0x18, 0x0, 0x0,
    0x0, 0x0, 0x0, 0x93, 0xff, 0xd2, 0x0, 0x0,
    0x0, 0x0, 0x0, 0x0, 0xd8, 0xff, 0x8d, 0x0,
    0x0, 0x0, 0x0, 0x0, 0x1e, 0xff, 0xff, 0x46,
    0x0, 0x0, 0x0, 0x0, 0x0,

    /* U+0030 "0" */
    0x0, 0x0, 0x1c, 0x99, 0xe2, 0xfc, 0xf3, 0xc2,
    0x54, 0x0, 0x0, 0x0, 0x26, 0xea, 0xff, 0xff,
    0xff, 0xff, 0xff, 0xff, 0x81, 0x0, 0x0, 0xc1,
    0xff, 0xff, 0x94, 0x43, 0x5d, 0xe4, 0xff, 0xfe,
    0x32, 0x24, 0xff, 0xff, 0xbd, 0x0, 0x0, 0x0,
    0x4a, 0xff, 0xff, 0x96, 0x5d, 0xff, 0xff, 0x73,
    0x0, 0x0, 0x0, 0x6, 0xfc, 0xff, 0xce, 0x76,
    0xff, 0xff, 0x57, 0x0, 0x0, 0x0, 0x0, 0xe7,
    0xff, 0xea, 0x7c, 0xff, 0xff, 0x50, 0x0, 0x0,
    0x0, 0x0, 0xe0, 0xff, 0xf0, 0x7c, 0xff, 0xff,
    0x50, 0x0, 0x0, 0x0, 0x0, 0xe0, 0xff, 0xf0,
    0x7c, 0xff, 0xff, 0x50, 0x0, 0x0, 0x0, 0x0,
    0xe0, 0xff, 0xf0, 0x7c, 0xff, 0xff, 0x50, 0x0,
    0x0, 0x0, 0x0, 0xe0, 0xff, 0xf0, 0x7c, 0xff,
    0xff, 0x50, 0x0, 0x0, 0x0, 0x0, 0xe0, 0xff,
    0xf0, 0x7c, 0xff, 0xff, 0x50, 0x0, 0x0, 0x0,
    0x0, 0xe0, 0xff, 0xf0, 0x7c, 0xff, 0xff, 0x50,
    0x0, 0x0, 0x0, 0x0, 0xe0, 0xff, 0xf0, 0x7c,
    0xff, 0xff, 0x50, 0x0, 0x0, 0x0, 0x0, 0xe0,
    0xff, 0xf0, 0x7c, 0xff, 0xff, 0x50, 0x0, 0x0,
    0x0, 0x0, 0xe0, 0xff, 0xf0, 0x76, 0xff, 0xff,
    0x57, 0x0, 0x0, 0x0, 0x0, 0xe8, 0xff, 0xe9,
    0x59, 0xff, 0xff, 0x79, 0x0, 0x0, 0x0, 0xb,
    0xfe, 0xff, 0xce, 0x1d, 0xff, 0xff, 0xc8, 0x1,
    0x0, 0x0, 0x59, 0xff, 0xff, 0x90, 0x0, 0xb5,
    0xff, 0xff, 0xa2, 0x49, 0x63, 0xec, 0xff, 0xfd,
    0x2b, 0x0, 0x1e, 0xe3, 0xff, 0xff, 0xff, 0xff,
    0xff, 0xff, 0x78, 0x0, 0x0, 0x0, 0x17, 0x94,
    0xe2, 0xfd, 0xf3, 0xc0, 0x4f, 0x0, 0x0,

    /* U+0031 "1" */
    0x0, 0x0, 0x0, 0x0, 0x61, 0xfe, 0xff, 0x3c,
    0x0, 0x1, 0x3d, 0xb2, 0xff, 0xff, 0xff, 0x3c,
    0x29, 0xe7, 0xff, 0xff, 0xff, 0xff, 0xff, 0x3c,
    0x38, 0xff, 0xff, 0xdc, 0xdc, 0xff, 0xff, 0x3c,
    0x14, 0x3e, 0xf, 0x0, 0x8c, 0xff, 0xff, 0x3c,
    0x0, 0x0, 0x0, 0x0, 0x8c, 0xff, 0xff, 0x3c,
    0x0, 0x0, 0x0, 0x0, 0x8c, 0xff, 0xff, 0x3c,
    0x0, 0x0, 0x0, 0x0, 0x8c, 0xff, 0xff, 0x3c,
    0x0, 0x0, 0x0, 0x0, 0x8c, 0xff, 0xff, 0x3c,
    0x0, 0x0, 0x0, 0x0, 0x8c, 0xff, 0xff, 0x3c,
    0x0, 0x0, 0x0, 0x0, 0x8c, 0xff, 0xff, 0x3c,
    0x0, 0x0, 0x0, 0x0, 0x8c, 0xff, 0xff, 0x3c,
    0x0, 0x0, 0x0, 0x0, 0x8c, 0xff, 0xff, 0x3c,
    0x0, 0x0, 0x0, 0x0, 0x8c, 0xff, 0xff, 0x3c,
    0x0, 0x0, 0x0, 0x0, 0x8c, 0xff, 0xff, 0x3c,
    0x0, 0x0, 0x0, 0x0, 0x8c, 0xff, 0xff, 0x3c,
    0x0, 0x0, 0x0, 0x0, 0x8c, 0xff, 0xff, 0x3c,
    0x0, 0x0, 0x0, 0x0, 0x8c, 0xff, 0xff, 0x3c,
    0x0, 0x0, 0x0, 0x0, 0x8c, 0xff, 0xff, 0x3c,
    0x0, 0x0, 0x0, 0x0, 0x8c, 0xff, 0xff, 0x3c,
    0x0, 0x0, 0x0, 0x0, 0x8c, 0xff, 0xff, 0x3c,

    /* U+0032 "2" */
    0x0, 0x0, 0x45, 0xb9, 0xee, 0xfe, 0xeb, 0xb0,
    0x37, 0x0, 0x0, 0x0, 0x63, 0xff, 0xff, 0xff,
    0xff, 0xff, 0xff, 0xfb, 0x4b, 0x0, 0x13, 0xf5,
    0xff, 0xfd, 0x86, 0x49, 0x7c, 0xfc, 0xff, 0xe4,
    0x5, 0x64, 0xff, 0xff, 0x91, 0x0, 0x0, 0x0,
    0x9d, 0xff, 0xff, 0x43, 0x97, 0xff, 0xff, 0x3e,
    0x0, 0x0, 0x0, 0x5f, 0xff, 0xff, 0x6f, 0xb0,
    0xff, 0xff, 0x1d, 0x0, 0x0, 0x0, 0x53, 0xff,
    0xff, 0x79, 0x8d, 0xc8, 0xc8, 0x10, 0x0, 0x0,
    0x0, 0x6b, 0xff, 0xff, 0x69, 0x0, 0x0, 0x0,
    0x0, 0x0, 0x0, 0x0, 0xb3, 0xff, 0xff, 0x38,
    0x0, 0x0, 0x0, 0x0, 0x0, 0x0, 0x2a, 0xfd,
    0xff, 0xd9, 0x1, 0x0, 0x0, 0x0, 0x0, 0x0,
    0x1, 0xbc, 0xff, 0xff, 0x5c, 0x0, 0x0, 0x0,
    0x0, 0x0, 0x0, 0x61, 0xff, 0xff, 0xc0, 0x1,
    0x0, 0x0, 0x0, 0x0, 0x0, 0x18, 0xef, 0xff,
    0xf6, 0x24, 0x0, 0x0, 0x0, 0x0, 0x0, 0x0,
    0xad, 0xff, 0xff, 0x70, 0x0, 0x0, 0x0, 0x0,
    0x0, 0x0, 0x52, 0xff, 0xff, 0xc4, 0x2, 0x0,
    0x0, 0x0, 0x0, 0x0, 0x11, 0xe8, 0xff, 0xf8,
    0x27, 0x0, 0x0, 0x0, 0x0, 0x0, 0x0, 0xa0,
    0xff, 0xff, 0x75, 0x0, 0x0, 0x0, 0x0, 0x0,
    0x0, 0x46, 0xff, 0xff, 0xc8, 0x3, 0x0, 0x0,
    0x0, 0x0, 0x0, 0xc, 0xe0, 0xff, 0xf9, 0x2c,
    0x0, 0x0, 0x0, 0x0, 0x0, 0x0, 0x92, 0xff,
    0xff, 0xb4, 0x4c, 0x4c, 0x4c, 0x4c, 0x4c, 0x4c,
    0x0, 0xf0, 0xff, 0xff, 0xff, 0xff, 0xff, 0xff,
    0xff, 0xff, 0xff, 0x0, 0xf0, 0xff, 0xff, 0xff,
    0xff, 0xff, 0xff, 0xff, 0xff, 0xff, 0x0,

    /* U+0033 "3" */
    0x0, 0x6, 0x70, 0xcc, 0xf5, 0xfd, 0xe4, 0xa1,
    0x27, 0x0, 0x0, 0x5, 0xbc, 0xff, 0xff, 0xff,
    0xff, 0xff, 0xff, 0xf4, 0x3a, 0x0, 0x6c, 0xff,
    0xff, 0xd3, 0x54, 0x44, 0x87, 0xff, 0xff, 0xd7,
    0x1, 0xc4, 0xff, 0xff, 0x2b, 0x0, 0x0, 0x0,
    0xad, 0xff, 0xff, 0x32, 0xec, 0xff, 0xe7, 0x0,
    0x0, 0x0, 0x0, 0x71, 0xff, 0xff, 0x59, 0xbf,
    0xc8, 0xa1, 0x0, 0x0, 0x0, 0x0, 0x6a, 0xff,
    0xff, 0x5e, 0x0, 0x0, 0x0, 0x0, 0x0, 0x0,
    0x0, 0x8f, 0xff, 0xff, 0x3d, 0x0, 0x0, 0x0,
    0x0, 0x0, 0x0, 0x3a, 0xf0, 0xff, 0xe0, 0x4,
    0x0, 0x0, 0x0, 0x0, 0x76, 0xe7, 0xff, 0xff,
    0xf0, 0x3b, 0x0, 0x0, 0x0, 0x0, 0x0, 0x8c,
    0xff, 0xff, 0xdb, 0x23, 0x0, 0x0, 0x0, 0x0,
    0x0, 0x0, 0x8a, 0xff, 0xff, 0xff, 0xd3, 0x15,
    0x0, 0x0, 0x0, 0x0, 0x0, 0x0, 0x13, 0x87,
    0xff, 0xff, 0xa6, 0x0, 0x0, 0x0, 0x0, 0x0,
    0x0, 0x0, 0x0, 0xcf, 0xff, 0xfc, 0x14, 0x0,
    0x0, 0x0, 0x0, 0x0, 0x0, 0x0, 0x84, 0xff,
    0xff, 0x4b, 0x13, 0x14, 0x10, 0x0, 0x0, 0x0,
    0x0, 0x68, 0xff, 0xff, 0x61, 0xf3, 0xff, 0xd0,
    0x0, 0x0, 0x0, 0x0, 0x6a, 0xff, 0xff, 0x5d,
    0xe7, 0xff, 0xeb, 0x0, 0x0, 0x0, 0x0, 0x86,
    0xff, 0xff, 0x43, 0xb9, 0xff, 0xff, 0x32, 0x0,
    0x0, 0x1, 0xce, 0xff, 0xfc, 0x10, 0x5c, 0xff,
    0xff, 0xdc, 0x5f, 0x50, 0xa6, 0xff, 0xff, 0xab,
    0x0, 0x2, 0xb0, 0xff, 0xff, 0xff, 0xff, 0xff,
    0xff, 0xe4, 0x1c, 0x0, 0x0, 0x3, 0x6c, 0xcb,
    0xf5, 0xfc, 0xe1, 0x94, 0x18, 0x0, 0x0,

    /* U+0034 "4" */
    0x0, 0x0, 0x0, 0x0, 0x0, 0xb2, 0xff, 0xff,
    0xcc, 0x0, 0x0, 0x0, 0x0, 0x0, 0x0, 0x0,
    0x21, 0xfd, 0xff, 0xff, 0xcc, 0x0, 0x0, 0x0,
    0x0, 0x0, 0x0, 0x0, 0x8e, 0xff, 0xff, 0xff,
    0xcc, 0x0, 0x0, 0x0, 0x0, 0x0, 0x0, 0xd,
    0xf1, 0xff, 0xf0, 0xff, 0xcc, 0x0, 0x0, 0x0,
    0x0, 0x0, 0x0, 0x70, 0xff, 0xc2, 0xd8, 0xff,
    0xcc, 0x0, 0x0, 0x0, 0x0, 0x0, 0x2, 0xdc,
    0xff, 0x67, 0xd8, 0xff, 0xcc, 0x0, 0x0, 0x0,
    0x0, 0x0, 0x4e, 0xff, 0xf9, 0x12, 0xd8, 0xff,
    0xcc, 0x0, 0x0, 0x0, 0x0, 0x0, 0xbe, 0xff,
    0xaf, 0x0, 0xd8, 0xff, 0xcc, 0x0, 0x0, 0x0,
    0x0, 0x2e, 0xff, 0xff, 0x54, 0x0, 0xd8, 0xff,
    0xcc, 0x0, 0x0, 0x0, 0x0, 0x9e, 0xff, 0xf1,
    0x8, 0x0, 0xd8, 0xff, 0xcc, 0x0, 0x0, 0x0,
    0x16, 0xf8, 0xff, 0x9c, 0x0, 0x0, 0xd8, 0xff,
    0xcc, 0x0, 0x0, 0x0, 0x7e, 0xff, 0xff, 0x41,
    0x0, 0x0, 0xd8, 0xff, 0xcc, 0x0, 0x0, 0x0,
    0xe2, 0xff, 0xe4, 0x2, 0x0, 0x0, 0xd8, 0xff,
    0xcc, 0x0, 0x0, 0x0, 0xf4, 0xff, 0xff, 0xff,
    0xff, 0xff, 0xff, 0xff, 0xff, 0xff, 0xff, 0x2c,
    0xf4, 0xff, 0xff, 0xff, 0xff, 0xff, 0xff, 0xff,
    0xff, 0xff, 0xff, 0x2c, 0x67, 0x6c, 0x6c, 0x6c,
    0x6c, 0x6c, 0xe9, 0xff, 0xe2, 0x6c, 0x6c, 0x13,
    0x0, 0x0, 0x0, 0x0, 0x0, 0x0, 0xd8, 0xff,
    0xcc, 0x0, 0x0, 0x0, 0x0, 0x0, 0x0, 0x0,
    0x0, 0x0, 0xd8, 0xff, 0xcc, 0x0, 0x0, 0x0,
    0x0, 0x0, 0x0, 0x0, 0x0, 0x0, 0xd8, 0xff,
    0xcc, 0x0, 0x0, 0x0, 0x0, 0x0, 0x0, 0x0,
    0x0, 0x0, 0xd8, 0xff, 0xcc, 0x0, 0x0, 0x0,
    0x0, 0x0, 0x0, 0x0, 0x0, 0x0, 0xd8, 0xff,
    0xcc, 0x0, 0x0, 0x0,

    /* U+0035 "5" */
    0x50, 0xff, 0xff, 0xff, 0xff, 0xff, 0xff, 0xff,
    0xff, 0xc4, 0x0, 0x50, 0xff, 0xff, 0xff, 0xff,
    0xff, 0xff, 0xff, 0xff, 0xc4, 0x0, 0x50, 0xff,
    0xff, 0xcb, 0xbc, 0xbc, 0xbc, 0xbc, 0xbc, 0x90,
    0x0, 0x50, 0xff, 0xff, 0x31, 0x0, 0x0, 0x0,
    0x0, 0x0, 0x0, 0x0, 0x50, 0xff, 0xff, 0x28,
    0x0, 0x0, 0x0, 0x0, 0x0, 0x0, 0x0, 0x50,
    0xff, 0xff, 0x20, 0x0, 0x0, 0x0, 0x0, 0x0,
    0x0, 0x0, 0x50, 0xff, 0xff, 0x16, 0x0, 0x0,
    0x0, 0x0, 0x0, 0x0, 0x0, 0x50, 0xff, 0xff,
    0x48, 0xbd, 0xf6, 0xf9, 0xcd, 0x57, 0x0, 0x0,
    0x50, 0xff, 0xff, 0xfc, 0xff, 0xff, 0xff, 0xff,
    0xff, 0x5e, 0x0, 0x50, 0xff, 0xff, 0xe7, 0x4a,
    0x18, 0x56, 0xf7, 0xff, 0xe9, 0x5, 0x45, 0xdc,
    0xdc, 0x40, 0x0, 0x0, 0x0, 0x94, 0xff, 0xff,
    0x3f, 0x0, 0x0, 0x0, 0x0, 0x0, 0x0, 0x0,
    0x5c, 0xff, 0xff, 0x6d, 0x0, 0x0, 0x0, 0x0,
    0x0, 0x0, 0x0, 0x45, 0xff, 0xff, 0x85, 0x0,
    0x0, 0x0, 0x0, 0x0, 0x0, 0x0, 0x3d, 0xff,
    0xff, 0x8a, 0x22, 0x2c, 0x2c, 0x0, 0x0, 0x0,
    0x0, 0x40, 0xff, 0xff, 0x80, 0xc1, 0xff, 0xff,
    0x7, 0x0, 0x0, 0x0, 0x4b, 0xff, 0xff, 0x6b,
    0xab, 0xff, 0xff, 0x21, 0x0, 0x0, 0x0, 0x67,
    0xff, 0xff, 0x48, 0x7a, 0xff, 0xff, 0x68, 0x0,
    0x0, 0x0, 0xab, 0xff, 0xf9, 0xf, 0x26, 0xfd,
    0xff, 0xec, 0x59, 0x31, 0x77, 0xfe, 0xff, 0xa2,
    0x0, 0x0, 0x84, 0xff, 0xff, 0xff, 0xff, 0xff,
    0xff, 0xe1, 0x1a, 0x0, 0x0, 0x0, 0x5b, 0xc4,
    0xf4, 0xfc, 0xe3, 0x97, 0x17, 0x0, 0x0,

    /* U+0036 "6" */
    0x0, 0x0, 0x12, 0x92, 0xe1, 0xfc, 0xf3, 0xc5,
    0x61, 0x1, 0x0, 0x0, 0xf, 0xd5, 0xff, 0xff,
    0xff, 0xff, 0xff, 0xff, 0xa1, 0x0, 0x0, 0x91,
    0xff, 0xff, 0xa9, 0x4c, 0x5f, 0xd9, 0xff, 0xff,
    0x4f, 0x6, 0xf2, 0xff, 0xcf, 0x2, 0x0, 0x0,
    0x37, 0xff, 0xff, 0xa8, 0x39, 0xff, 0xff, 0x79,
    0x0, 0x0, 0x0, 0x3, 0xfd, 0xff, 0xce, 0x60,
    0xff, 0xff, 0x57, 0x0, 0x0, 0x0, 0x0, 0x1f,
    0x20, 0x1b, 0x75, 0xff, 0xff, 0x4c, 0x0, 0x0,
    0x0, 0x0, 0x0, 0x0, 0x0, 0x7c, 0xff, 0xff,
    0x4c, 0x0, 0x0, 0x0, 0x0, 0x0, 0x0, 0x0,
    0x7c, 0xff, 0xff, 0x5a, 0x99, 0xea, 0xfc, 0xe3,
    0x90, 0xe, 0x0, 0x7c, 0xff, 0xff, 0xee, 0xff,
    0xff, 0xff, 0xff, 0xff, 0xc5, 0x3, 0x7c, 0xff,
    0xff, 0xf3, 0x63, 0x1b, 0x34, 0xcf, 0xff, 0xff,
    0x57, 0x7c, 0xff, 0xff, 0x64, 0x0, 0x0, 0x0,
    0x3f, 0xff, 0xff, 0xa3, 0x7c, 0xff, 0xff, 0x4c,
    0x0, 0x0, 0x0, 0x8, 0xff, 0xff, 0xcf, 0x7c,
    0xff, 0xff, 0x4c, 0x0, 0x0, 0x0, 0x0, 0xf2,
    0xff, 0xe4, 0x7a, 0xff, 0xff, 0x4d, 0x0, 0x0,
    0x0, 0x0, 0xea, 0xff, 0xe4, 0x69, 0xff, 0xff,
    0x57, 0x0, 0x0, 0x0, 0x0, 0xf2, 0xff, 0xd3,
    0x41, 0xff, 0xff, 0x7c, 0x0, 0x0, 0x0, 0x17,
    0xff, 0xff, 0xaa, 0x9, 0xf4, 0xff, 0xce, 0x2,
    0x0, 0x0, 0x6a, 0xff, 0xff, 0x68, 0x0, 0x90,
    0xff, 0xff, 0xa9, 0x4f, 0x71, 0xf5, 0xff, 0xed,
    0xf, 0x0, 0xd, 0xd1, 0xff, 0xff, 0xff, 0xff,
    0xff, 0xfb, 0x4f, 0x0, 0x0, 0x0, 0xe, 0x8b,
    0xe0, 0xfc, 0xef, 0xb6, 0x39, 0x0, 0x0,

    /* U+0037 "7" */
    0x6c, 0xff, 0xff, 0xff, 0xff, 0xff, 0xff, 0xff,
    0xff, 0x6c, 0xff, 0xff, 0xff, 0xff, 0xff, 0xff,
    0xff, 0xf4, 0x11, 0x28, 0x28, 0x28, 0x28, 0x28,
    0xe3, 0xff, 0xc4, 0x0, 0x0, 0x0, 0x0, 0x0,
    0xf, 0xff, 0xff, 0x91, 0x0, 0x0, 0x0, 0x0,
    0x0, 0x41, 0xff, 0xff, 0x5e, 0x0, 0x0, 0x0,
    0x0, 0x0, 0x75, 0xff, 0xff, 0x2b, 0x0, 0x0,
    0x0, 0x0, 0x0, 0xa8, 0xff, 0xf6, 0x3, 0x0,
    0x0, 0x0, 0x0, 0x0, 0xdc, 0xff, 0xc6, 0x0,
    0x0, 0x0, 0x0, 0x0, 0x10, 0xff, 0xff, 0x93,
    0x0, 0x0, 0x0, 0x0, 0x0, 0x43, 0xff, 0xff,
    0x61, 0x0, 0x0, 0x0, 0x0, 0x0, 0x76, 0xff,
    0xff, 0x2e, 0x0, 0x0, 0x0, 0x0, 0x0, 0xaa,
    0xff, 0xf7, 0x4, 0x0, 0x0, 0x0, 0x0, 0x0,
    0xde, 0xff, 0xc9, 0x0, 0x0, 0x0, 0x0, 0x0,
    0x12, 0xff, 0xff, 0x96, 0x0, 0x0, 0x0, 0x0,
    0x0, 0x44, 0xff, 0xff, 0x62, 0x0, 0x0, 0x0,
    0x0, 0x0, 0x78, 0xff, 0xff, 0x2f, 0x0, 0x0,
    0x0, 0x0, 0x0, 0xac, 0xff, 0xf8, 0x5, 0x0,
    0x0, 0x0, 0x0, 0x0, 0xe0, 0xff, 0xca, 0x0,
    0x0, 0x0, 0x0, 0x0, 0x13, 0xff, 0xff, 0x97,
    0x0, 0x0, 0x0, 0x0, 0x0, 0x47, 0xff, 0xff,
    0x64, 0x0, 0x0, 0x0, 0x0, 0x0, 0x7a, 0xff,
    0xff, 0x32, 0x0, 0x0, 0x0,

    /* U+0038 "8" */
    0x0, 0x0, 0x3b, 0xb2, 0xed, 0xfe, 0xed, 0xb0,
    0x37, 0x0, 0x0, 0x0, 0x51, 0xfd, 0xff, 0xff,
    0xff, 0xff, 0xff, 0xfa, 0x47, 0x0, 0x7, 0xe8,
    0xff, 0xf8, 0x5e, 0x26, 0x5f, 0xf9, 0xff, 0xde,
    0x2, 0x42, 0xff, 0xff, 0x92, 0x0, 0x0, 0x0,
    0x9b, 0xff, 0xff, 0x33, 0x68, 0xff, 0xff, 0x57,
    0x0, 0x0, 0x0, 0x63, 0xff, 0xff, 0x59, 0x6c,
    0xff, 0xff, 0x52, 0x0, 0x0, 0x0, 0x5e, 0xff,
    0xff, 0x60, 0x4d, 0xff, 0xff, 0x75, 0x0, 0x0,
    0x0, 0x81, 0xff, 0xff, 0x41, 0xc, 0xee, 0xff,
    0xd2, 0x7, 0x0, 0x9, 0xda, 0xff, 0xe9, 0x7,
    0x0, 0x5b, 0xff, 0xff, 0xd8, 0xa2, 0xd9, 0xff,
    0xfe, 0x53, 0x0, 0x0, 0x0, 0x77, 0xff, 0xff,
    0xff, 0xff, 0xff, 0x6b, 0x0, 0x0, 0x0, 0x3a,
    0xf0, 0xff, 0xff, 0xff, 0xff, 0xff, 0xeb, 0x30,
    0x0, 0xc, 0xe6, 0xff, 0xe8, 0x3c, 0x6, 0x3f,
    0xeb, 0xff, 0xdd, 0x6, 0x62, 0xff, 0xff, 0x60,
    0x0, 0x0, 0x0, 0x6b, 0xff, 0xff, 0x55, 0x9e,
    0xff, 0xff, 0x16, 0x0, 0x0, 0x0, 0x22, 0xff,
    0xff, 0x93, 0xb2, 0xff, 0xfa, 0x0, 0x0, 0x0,
    0x0, 0x6, 0xff, 0xff, 0xa9, 0xad, 0xff, 0xfc,
    0x0, 0x0, 0x0, 0x0, 0x7, 0xff, 0xff, 0xa5,
    0x93, 0xff, 0xff, 0x1a, 0x0, 0x0, 0x0, 0x23,
    0xff, 0xff, 0x8b, 0x5f, 0xff, 0xff, 0x66, 0x0,
    0x0, 0x0, 0x6b, 0xff, 0xff, 0x55, 0xf, 0xf1,
    0xff, 0xf1, 0x64, 0x36, 0x65, 0xf1, 0xff, 0xee,
    0xb, 0x0, 0x5c, 0xfe, 0xff, 0xff, 0xff, 0xff,
    0xff, 0xfd, 0x54, 0x0, 0x0, 0x0, 0x3e, 0xb6,
    0xed, 0xfe, 0xed, 0xb5, 0x3d, 0x0, 0x0,

    /* U+0039 "9" */
    0x0, 0x0, 0x32, 0xb1, 0xed, 0xfc, 0xe2, 0x91,
    0x13, 0x0, 0x0, 0x0, 0x45, 0xf9, 0xff, 0xff,
    0xff, 0xff, 0xff, 0xdb, 0x15, 0x0, 0xa, 0xe6,
    0xff, 0xf8, 0x76, 0x49, 0x9c, 0xff, 0xff, 0xa1,
    0x0, 0x5b, 0xff, 0xff, 0x77, 0x0, 0x0, 0x0,
    0xc2, 0xff, 0xfb, 0x13, 0xa1, 0xff, 0xff, 0x22,
    0x0, 0x0, 0x0, 0x71, 0xff, 0xff, 0x51, 0xc8,
    0xff, 0xfd, 0x1, 0x0, 0x0, 0x0, 0x4e, 0xff,
    0xff, 0x7a, 0xd8, 0xff, 0xf6, 0x0, 0x0, 0x0,
    0x0, 0x45, 0xff, 0xff, 0x8a, 0xd8, 0xff, 0xfd,
    0x1, 0x0, 0x0, 0x0, 0x44, 0xff, 0xff, 0x8c,
    0xc3, 0xff, 0xff, 0x13, 0x0, 0x0, 0x0, 0x44,
    0xff, 0xff, 0x8c, 0x98, 0xff, 0xff, 0x4c, 0x0,
    0x0, 0x0, 0x5f, 0xff, 0xff, 0x8c, 0x4b, 0xff,
    0xff, 0xd8, 0x3a, 0x19, 0x59, 0xf1, 0xff, 0xff,
    0x8c, 0x1, 0xbc, 0xff, 0xff, 0xff, 0xff, 0xff,
    0xee, 0xff, 0xff, 0x8c, 0x0, 0xb, 0x8c, 0xe1,
    0xfc, 0xee, 0x9e, 0x56, 0xff, 0xff, 0x8c, 0x0,
    0x0, 0x0, 0x0, 0x0, 0x0, 0x0, 0x44, 0xff,
    0xff, 0x8c, 0x0, 0x0, 0x0, 0x0, 0x0, 0x0,
    0x0, 0x45, 0xff, 0xff, 0x85, 0x20, 0x28, 0x28,
    0x0, 0x0, 0x0, 0x0, 0x4f, 0xff, 0xff, 0x6e,
    0xc5, 0xff, 0xff, 0x8, 0x0, 0x0, 0x0, 0x72,
    0xff, 0xff, 0x44, 0x9f, 0xff, 0xff, 0x43, 0x0,
    0x0, 0x1, 0xc6, 0xff, 0xf7, 0xc, 0x47, 0xff,
    0xff, 0xe2, 0x66, 0x4e, 0xa3, 0xff, 0xff, 0x9b,
    0x0, 0x0, 0x9a, 0xff, 0xff, 0xff, 0xff, 0xff,
    0xff, 0xdd, 0x13, 0x0, 0x0, 0x1, 0x5c, 0xc1,
    0xf2, 0xfc, 0xe4, 0x98, 0x16, 0x0, 0x0,

    /* U+003A ":" */
    0x70, 0xff, 0xff, 0x60, 0x70, 0xff, 0xff, 0x60,
    0x67, 0xec, 0xec, 0x59, 0x0, 0x0, 0x0, 0x0,
    0x0, 0x0, 0x0, 0x0, 0x0, 0x0, 0x0, 0x0,
    0x0, 0x0, 0x0, 0x0, 0x0, 0x0, 0x0, 0x0,
    0x67, 0xec, 0xec, 0x59, 0x70, 0xff, 0xff, 0x60,
    0x70, 0xff, 0xff, 0x60,

    /* U+003B ";" */
    0x78, 0xff, 0xff, 0x58, 0x78, 0xff, 0xff, 0x58,
    0x78, 0xff, 0xff, 0x58, 0x6, 0xc, 0xc, 0x4,
    0x0, 0x0, 0x0, 0x0, 0x0, 0x0, 0x0, 0x0,
    0x0, 0x0, 0x0, 0x0, 0x0, 0x0, 0x0, 0x0,
    0x0, 0x0, 0x0, 0x0, 0x0, 0x0, 0x0, 0x0,
    0x78, 0xff, 0xff, 0x6c, 0x78, 0xff, 0xff, 0x6c,
    0x6f, 0xec, 0xff, 0x6b, 0x1, 0x42, 0xff, 0x4e,
    0x4c, 0xff, 0xc3, 0x6, 0x3, 0x23, 0x1, 0x0,

    /* U+003C "<" */
    0x0, 0x0, 0x0, 0x0, 0x0, 0x0, 0x19, 0x98,
    0x2b, 0x0, 0x0, 0x0, 0x0, 0x12, 0x8a, 0xf7,
    0xff, 0x30, 0x0, 0x0, 0xc, 0x7d, 0xf1, 0xff,
    0xff, 0xfd, 0x29, 0x7, 0x6f, 0xea, 0xff, 0xff,
    0xf9, 0x9b, 0x25, 0x0, 0x44, 0xff, 0xff, 0xf3,
    0x8d, 0x1a, 0x0, 0x0, 0x0, 0x44, 0xff, 0xfc,
    0x6b, 0x3, 0x0, 0x0, 0x0, 0x0, 0x35, 0xfa,
    0xff, 0xff, 0xdc, 0x65, 0x6, 0x0, 0x0, 0x0,
    0x21, 0xa2, 0xfd, 0xff, 0xff, 0xe5, 0x70, 0x7,
    0x0, 0x0, 0x0, 0x2b, 0xb0, 0xff, 0xff, 0xff,
    0x30, 0x0, 0x0, 0x0, 0x0, 0x0, 0x37, 0xbd,
    0xff, 0x30, 0x0, 0x0, 0x0, 0x0, 0x0, 0x0,
    0x0, 0x43, 0x1c,

    /* U+003D "=" */
    0x98, 0xff, 0xff, 0xff, 0xff, 0xff, 0xff, 0xff,
    0x64, 0x98, 0xff, 0xff, 0xff, 0xff, 0xff, 0xff,
    0xff, 0x64, 0xc, 0x14, 0x14, 0x14, 0x14, 0x14,
    0x14, 0x14, 0x8, 0x0, 0x0, 0x0, 0x0, 0x0,
    0x0, 0x0, 0x0, 0x0, 0xa, 0x10, 0x10, 0x10,
    0x10, 0x10, 0x10, 0x10, 0x6, 0x98, 0xff, 0xff,
    0xff, 0xff, 0xff, 0xff, 0xff, 0x64, 0x98, 0xff,
    0xff, 0xff, 0xff, 0xff, 0xff, 0xff, 0x64,

    /* U+003E ">" */
    0x66, 0x70, 0x7, 0x0, 0x0, 0x0, 0x0, 0x0,
    0x7c, 0xff, 0xe1, 0x62, 0x3, 0x0, 0x0, 0x0,
    0x72, 0xff, 0xff, 0xff, 0xd8, 0x54, 0x1, 0x0,
    0x0, 0x46, 0xc0, 0xff, 0xff, 0xff, 0xce, 0x46,
    0x0, 0x0, 0x0, 0x38, 0xaf, 0xfe, 0xff, 0xf8,
    0x0, 0x0, 0x0, 0x0, 0x12, 0xa7, 0xff, 0xf8,
    0x0, 0x0, 0x19, 0x89, 0xf3, 0xff, 0xff, 0xe2,
    0x1c, 0x95, 0xf7, 0xff, 0xff, 0xf0, 0x7a, 0xb,
    0x7c, 0xff, 0xff, 0xf6, 0x86, 0x11, 0x0, 0x0,
    0x7c, 0xfa, 0x95, 0x19, 0x0, 0x0, 0x0, 0x0,
    0x3e, 0x22, 0x0, 0x0, 0x0, 0x0, 0x0, 0x0,

    /* U+003F "?" */
    0x0, 0x0, 0x5b, 0xc4, 0xf3, 0xfd, 0xe5, 0xa0,
    0x25, 0x0, 0x0, 0x0, 0x90, 0xff, 0xff, 0xff,
    0xff, 0xff, 0xff, 0xf4, 0x3c, 0x0, 0x3d, 0xff,
    0xff, 0xee, 0x84, 0x6c, 0xb5, 0xff, 0xff, 0xe0,
    0x4, 0x94, 0xff, 0xff, 0x43, 0x0, 0x0, 0x0,
    0xaf, 0xff, 0xff, 0x44, 0xb0, 0xff, 0xff, 0x6,
    0x0, 0x0, 0x0, 0x50, 0xff, 0xff, 0x71, 0x9a,
    0xff, 0xea, 0x17, 0x0, 0x0, 0x0, 0x41, 0xff,
    0xff, 0x79, 0x1a, 0x1a, 0x0, 0x0, 0x0, 0x0,
    0x0, 0x61, 0xff, 0xff, 0x62, 0x0, 0x0, 0x0,
    0x0, 0x0, 0x0, 0x0, 0xad, 0xff, 0xff, 0x28,
    0x0, 0x0, 0x0, 0x0, 0x0, 0x0, 0x2f, 0xfd,
    0xff, 0xc3, 0x0, 0x0, 0x0, 0x0, 0x0, 0x0,
    0x9, 0xcf, 0xff, 0xfd, 0x37, 0x0, 0x0, 0x0,
    0x0, 0x0, 0x5, 0xb1, 0xff, 0xff, 0x76, 0x0,
    0x0, 0x0, 0x0, 0x0, 0x7, 0xaf, 0xff, 0xff,
    0x88, 0x0, 0x0, 0x0, 0x0, 0x0, 0x0, 0xb2,
    0xff, 0xff, 0x7b, 0x0, 0x0, 0x0, 0x0, 0x0,
    0x0, 0x0, 0xe4, 0xff, 0xa0, 0x0, 0x0, 0x0,
    0x0, 0x0, 0x0, 0x0, 0x0, 0xe4, 0xff, 0x94,
    0x0, 0x0, 0x0, 0x0, 0x0, 0x0, 0x0, 0x0,
    0xb2, 0xc8, 0x74, 0x0, 0x0, 0x0, 0x0, 0x0,
    0x0, 0x0, 0x0, 0x0, 0x0, 0x0, 0x0, 0x0,
    0x0, 0x0, 0x0, 0x0, 0x0, 0x0, 0x0, 0x0,
    0x0, 0x0, 0x0, 0x0, 0x0, 0x0, 0x0, 0x0,
    0x3, 0xd0, 0xd0, 0x9f, 0x0, 0x0, 0x0, 0x0,
    0x0, 0x0, 0x0, 0x4, 0xff, 0xff, 0xc4, 0x0,
    0x0, 0x0, 0x0, 0x0, 0x0, 0x0, 0x4, 0xff,
    0xff, 0xc4, 0x0, 0x0, 0x0, 0x0, 0x0,

    /* U+0040 "@" */
    0x0, 0x0, 0x0, 0x0, 0x0, 0x0, 0x0, 0x1f,
    0x74, 0xb6, 0xe0, 0xf7, 0xfd, 0xed, 0xc5, 0x7d,
    0x1a, 0x0, 0x0, 0x0, 0x0, 0x0, 0x0, 0x0,
    0x0, 0x0, 0x0, 0x18, 0xa2, 0xfc, 0xff, 0xff,
    0xff, 0xff, 0xff, 0xff, 0xff, 0xff, 0xf6, 0x75,
    0x1, 0x0, 0x0, 0x0, 0x0, 0x0, 0x0, 0x0,
    0x3e, 0xea, 0xff, 0xff, 0xe8, 0x8d, 0x4f, 0x30,
    0x2d, 0x45, 0x7d, 0xdc, 0xff, 0xff, 0x9a, 0x1,
    0x0, 0x0, 0x0, 0x0, 0x0, 0x3b, 0xf6, 0xff,
    0xfc, 0x81, 0x9, 0x0, 0x0, 0x0, 0x0, 0x0,
    0x0, 0x5, 0x7f, 0xff, 0xff, 0x6e, 0x0, 0x0,
    0x0, 0x0, 0x14, 0xe8, 0xff, 0xfb, 0x4e, 0x0,
    0x0, 0x0, 0x0, 0x0, 0x0, 0x0, 0x0, 0x0,
    0x0, 0x7b, 0xff, 0xf4, 0x19, 0x0, 0x0, 0x0,
    0x9a, 0xff, 0xff, 0x6e, 0x0, 0x0, 0x0, 0x0,
    0x0, 0x0, 0x0, 0x0, 0x0, 0x0, 0x0, 0x2,
    0xce, 0xff, 0x84, 0x0, 0x0, 0x1d, 0xfb, 0xff,
    0xc5, 0x1, 0x0, 0x0, 0x0, 0x13, 0x93, 0xe7,
    0xf9, 0xab, 0xe3, 0xff, 0x44, 0x0, 0x58, 0xff,
    0xdc, 0x0, 0x0, 0x7c, 0xff, 0xff, 0x46, 0x0,
    0x0, 0x0, 0x24, 0xe2, 0xff, 0xff, 0xff, 0xff,
    0xff, 0xff, 0x1c, 0x0, 0xb, 0xfa, 0xff, 0x1b,
    0x0, 0xcc, 0xff, 0xe3, 0x1, 0x0, 0x0, 0xb,
    0xda, 0xff, 0xf9, 0x72, 0x14, 0x8c, 0xff, 0xf5,
    0x1, 0x0, 0x0, 0xcc, 0xff, 0x46, 0xc, 0xfe,
    0xff, 0x97, 0x0, 0x0, 0x0, 0x85, 0xff, 0xff,
    0x58, 0x0, 0x0, 0xa4, 0xff, 0xce, 0x0, 0x0,
    0x0, 0xaf, 0xff, 0x5d, 0x39, 0xff, 0xff, 0x5e,
    0x0, 0x0, 0xe, 0xf3, 0xff, 0xb2, 0x0, 0x0,
    0x0, 0xcb, 0xff, 0xa6, 0x0, 0x0, 0x0, 0xa5,
    0xff, 0x62, 0x56, 0xff, 0xff, 0x36, 0x0, 0x0,
    0x5b, 0xff, 0xff, 0x45, 0x0, 0x0, 0x0, 0xf2,
    0xff, 0x7e, 0x0, 0x0, 0x0, 0xad, 0xff, 0x55,
    0x6c, 0xff, 0xff, 0x1d, 0x0, 0x0, 0x9a, 0xff,
    0xf8, 0x6, 0x0, 0x0, 0x19, 0xff, 0xff, 0x56,
    0x0, 0x0, 0x0, 0xca, 0xff, 0x35, 0x74, 0xff,
    0xff, 0x12, 0x0, 0x0, 0xbf, 0xff, 0xd8, 0x0,
    0x0, 0x0, 0x40, 0xff, 0xff, 0x2f, 0x0, 0x0,
    0x8, 0xf8, 0xf7, 0x8, 0x74, 0xff, 0xff, 0x14,
    0x0, 0x0, 0xc9, 0xff, 0xd0, 0x0, 0x0, 0x0,
    0x71, 0xff, 0xfe, 0xa, 0x0, 0x0, 0x52, 0xff,
    0xac, 0x0, 0x65, 0xff, 0xff, 0x28, 0x0, 0x0,
    0xb2, 0xff, 0xf0, 0x4, 0x0, 0x3, 0xcd, 0xff,
    0xe1, 0x0, 0x0, 0x2, 0xcb, 0xff, 0x3c, 0x0,
    0x47, 0xff, 0xff, 0x4f, 0x0, 0x0, 0x70, 0xff,
    0xff, 0x8e, 0x34, 0xa3, 0xfa, 0xff, 0xcc, 0x0,
    0x1, 0x8b, 0xff, 0x9f, 0x0, 0x0, 0x14, 0xff,
    0xff, 0x8e, 0x0, 0x0, 0xf, 0xe5, 0xff, 0xff,
    0xff, 0xff, 0x7d, 0xff, 0xf7, 0x90, 0xc9, 0xff,
    0xb6, 0x9, 0x0, 0x0, 0x0, 0xc8, 0xff, 0xe8,
    0x7, 0x0, 0x0, 0x2a, 0xc2, 0xfc, 0xf4, 0x81,
    0x0, 0x76, 0xeb, 0xfa, 0xcf, 0x6a, 0x3, 0x0,
    0x0, 0x0, 0x0, 0x61, 0xff, 0xff, 0x78, 0x0,
    0x0, 0x0, 0x0, 0x0, 0x0, 0x0, 0x0, 0x0,
    0x0, 0x0, 0x0, 0x0, 0x0, 0x0, 0x0, 0x0,
    0x0, 0x4, 0xd3, 0xff, 0xfa, 0x44, 0x0, 0x0,
    0x0, 0x0, 0x0, 0x0, 0x0, 0x0, 0x0, 0x0,
    0x0, 0x0, 0x0, 0x0, 0x0, 0x0, 0x0, 0x0,
    0x2d, 0xf2, 0xff, 0xf9, 0x71, 0x5, 0x0, 0x0,
    0x0, 0x0, 0x0, 0x0, 0x0, 0x0, 0x0, 0x0,
    0x0, 0x0, 0x0, 0x0, 0x0, 0x0, 0x0, 0x3c,
    0xec, 0xff, 0xff, 0xe3, 0x8a, 0x4d, 0x2b, 0x22,
    0x2b, 0x45, 0x6f, 0xa5, 0x3c, 0x0, 0x0, 0x0,
    0x0, 0x0, 0x0, 0x0, 0x0, 0x0, 0x1b, 0xa8,
    0xff, 0xff, 0xff, 0xff, 0xff, 0xff, 0xff, 0xff,
    0xff, 0xff, 0x84, 0x0, 0x0, 0x0, 0x0, 0x0,
    0x0, 0x0, 0x0, 0x0, 0x0, 0x0, 0x23, 0x7b,
    0xba, 0xe4, 0xf9, 0xfd, 0xf1, 0xd7, 0xae, 0x7b,
    0x2f, 0x0, 0x0, 0x0, 0x0, 0x0,

    /* U+0041 "A" */
    0x0, 0x0, 0x0, 0x0, 0x24, 0xff, 0xff, 0xe8,
    0x0, 0x0, 0x0, 0x0, 0x0, 0x0, 0x0, 0x0,
    0x0, 0x5a, 0xff, 0xff, 0xff, 0x1e, 0x0, 0x0,
    0x0, 0x0, 0x0, 0x0, 0x0, 0x0, 0x90, 0xff,
    0xff, 0xff, 0x55, 0x0, 0x0, 0x0, 0x0, 0x0,
    0x0, 0x0, 0x0, 0xc7, 0xff, 0xff, 0xff, 0x8c,
    0x0, 0x0, 0x0, 0x0, 0x0, 0x0, 0x0, 0x5,
    0xf8, 0xff, 0xe5, 0xff, 0xc3, 0x0, 0x0, 0x0,
    0x0, 0x0, 0x0, 0x0, 0x34, 0xff, 0xff, 0x8c,
    0xff, 0xf6, 0x4, 0x0, 0x0, 0x0, 0x0, 0x0,
    0x0, 0x69, 0xff, 0xf9, 0x36, 0xff, 0xff, 0x30,
    0x0, 0x0, 0x0, 0x0, 0x0, 0x0, 0xa0, 0xff,
    0xce, 0x8, 0xfc, 0xff, 0x68, 0x0, 0x0, 0x0,
    0x0, 0x0, 0x0, 0xd8, 0xff, 0xa2, 0x0, 0xd6,
    0xff, 0x9e, 0x0, 0x0, 0x0, 0x0, 0x0, 0x10,
    0xfe, 0xff, 0x72, 0x0, 0xa6, 0xff, 0xd5, 0x0,
    0x0, 0x0, 0x0, 0x0, 0x44, 0xff, 0xff, 0x46,
    0x0, 0x78, 0xff, 0xfe, 0xe, 0x0, 0x0, 0x0,
    0x0, 0x7c, 0xff, 0xff, 0x16, 0x0, 0x4a, 0xff,
    0xff, 0x43, 0x0, 0x0, 0x0, 0x0, 0xb1, 0xff,
    0xea, 0x0, 0x0, 0x1a, 0xff, 0xff, 0x7a, 0x0,
    0x0, 0x0, 0x0, 0xe8, 0xff, 0xc3, 0x14, 0x14,
    0x14, 0xef, 0xff, 0xb0, 0x0, 0x0, 0x0, 0x1e,
    0xff, 0xff, 0xff, 0xff, 0xff, 0xff, 0xff, 0xff,
    0xe8, 0x0, 0x0, 0x0, 0x54, 0xff, 0xff, 0xff,
    0xff, 0xff, 0xff, 0xff, 0xff, 0xff, 0x1e, 0x0,
    0x0, 0x8b, 0xff, 0xff, 0x2a, 0x0, 0x0, 0x0,
    0x5b, 0xff, 0xff, 0x55, 0x0, 0x0, 0xc1, 0xff,
    0xf4, 0x2, 0x0, 0x0, 0x0, 0x2a, 0xff, 0xff,
    0x8c, 0x0, 0x3, 0xf4, 0xff, 0xc2, 0x0, 0x0,
    0x0, 0x0, 0x3, 0xf5, 0xff, 0xc3, 0x0, 0x2f,
    0xff, 0xff, 0x8e, 0x0, 0x0, 0x0, 0x0, 0x0,
    0xc6, 0xff, 0xf6, 0x4, 0x65, 0xff, 0xff, 0x5a,
    0x0, 0x0, 0x0, 0x0, 0x0, 0x96, 0xff, 0xff,
    0x30,

    /* U+0042 "B" */
    0x5c, 0xff, 0xff, 0xff, 0xff, 0xff, 0xf2, 0xcb,
    0x7b, 0xb, 0x0, 0x0, 0x5c, 0xff, 0xff, 0xff,
    0xff, 0xff, 0xff, 0xff, 0xff, 0xd2, 0xf, 0x0,
    0x5c, 0xff, 0xff, 0xa5, 0x29, 0x32, 0x4e, 0xa5,
    0xff, 0xff, 0x8b, 0x0, 0x5c, 0xff, 0xff, 0x94,
    0x0, 0x0, 0x0, 0x0, 0xc2, 0xff, 0xe3, 0x0,
    0x5c, 0xff, 0xff, 0x94, 0x0, 0x0, 0x0, 0x0,
    0x82, 0xff, 0xff, 0xc, 0x5c, 0xff, 0xff, 0x94,
    0x0, 0x0, 0x0, 0x0, 0x77, 0xff, 0xff, 0x15,
    0x5c, 0xff, 0xff, 0x94, 0x0, 0x0, 0x0, 0x0,
    0x89, 0xff, 0xfe, 0x7, 0x5c, 0xff, 0xff, 0x94,
    0x0, 0x0, 0x0, 0x0, 0xc8, 0xff, 0xcf, 0x0,
    0x5c, 0xff, 0xff, 0x94, 0x0, 0x2, 0x1f, 0x8f,
    0xff, 0xff, 0x59, 0x0, 0x5c, 0xff, 0xff, 0xff,
    0xff, 0xff, 0xff, 0xff, 0xd6, 0x61, 0x0, 0x0,
    0x5c, 0xff, 0xff, 0xff, 0xff, 0xff, 0xff, 0xff,
    0xef, 0x89, 0x7, 0x0, 0x5c, 0xff, 0xff, 0xaa,
    0x34, 0x37, 0x56, 0xbd, 0xff, 0xff, 0xac, 0x0,
    0x5c, 0xff, 0xff, 0x94, 0x0, 0x0, 0x0, 0x2,
    0xbe, 0xff, 0xff, 0x3a, 0x5c, 0xff, 0xff, 0x94,
    0x0, 0x0, 0x0, 0x0, 0x55, 0xff, 0xff, 0x82,
    0x5c, 0xff, 0xff, 0x94, 0x0, 0x0, 0x0, 0x0,
    0x2c, 0xff, 0xff, 0xa0, 0x5c, 0xff, 0xff, 0x94,
    0x0, 0x0, 0x0, 0x0, 0x27, 0xff, 0xff, 0xa5,
    0x5c, 0xff, 0xff, 0x94, 0x0, 0x0, 0x0, 0x0,
    0x3f, 0xff, 0xff, 0x8f, 0x5c, 0xff, 0xff, 0x94,
    0x0, 0x0, 0x0, 0x0, 0x88, 0xff, 0xff, 0x59,
    0x5c, 0xff, 0xff, 0x9c, 0x14, 0x15, 0x27, 0x74,
    0xf9, 0xff, 0xea, 0xb, 0x5c, 0xff, 0xff, 0xff,
    0xff, 0xff, 0xff, 0xff, 0xff, 0xf8, 0x48, 0x0,
    0x5c, 0xff, 0xff, 0xff, 0xff, 0xff, 0xfd, 0xe5,
    0xa3, 0x2b, 0x0, 0x0,

    /* U+0043 "C" */
    0x0, 0x0, 0x2e, 0xa4, 0xe1, 0xfa, 0xf9, 0xd8,
    0x8b, 0x12, 0x0, 0x0, 0x0, 0x4a, 0xf9, 0xff,
    0xff, 0xff, 0xff, 0xff, 0xff, 0xdc, 0x14, 0x0,
    0xa, 0xea, 0xff, 0xff, 0x91, 0x4c, 0x50, 0xa9,
    0xff, 0xff, 0x96, 0x0, 0x55, 0xff, 0xff, 0xa2,
    0x0, 0x0, 0x0, 0x2, 0xd7, 0xff, 0xed, 0x1,
    0x8e, 0xff, 0xff, 0x59, 0x0, 0x0, 0x0, 0x0,
    0xa4, 0xff, 0xff, 0x20, 0xb0, 0xff, 0xff, 0x40,
    0x0, 0x0, 0x0, 0x0, 0x93, 0xff, 0xff, 0x34,
    0xbe, 0xff, 0xff, 0x38, 0x0, 0x0, 0x0, 0x0,
    0x90, 0xff, 0xff, 0x38, 0xc0, 0xff, 0xff, 0x38,
    0x0, 0x0, 0x0, 0x0, 0x51, 0x90, 0x90, 0x20,
    0xc0, 0xff, 0xff, 0x38, 0x0, 0x0, 0x0, 0x0,
    0x0, 0x0, 0x0, 0x0, 0xc0, 0xff, 0xff, 0x38,
    0x0, 0x0, 0x0, 0x0, 0x0, 0x0, 0x0, 0x0,
    0xc0, 0xff, 0xff, 0x38, 0x0, 0x0, 0x0, 0x0,
    0x0, 0x0, 0x0, 0x0, 0xc0, 0xff, 0xff, 0x38,
    0x0, 0x0, 0x0, 0x0, 0x0, 0x0, 0x0, 0x0,
    0xc0, 0xff, 0xff, 0x38, 0x0, 0x0, 0x0, 0x0,
    0x0, 0x0, 0x0, 0x0, 0xc0, 0xff, 0xff, 0x38,
    0x0, 0x0, 0x0, 0x0, 0x80, 0xe4, 0xe4, 0x32,
    0xbe, 0xff, 0xff, 0x38, 0x0, 0x0, 0x0, 0x0,
    0x90, 0xff, 0xff, 0x37, 0xae, 0xff, 0xff, 0x40,
    0x0, 0x0, 0x0, 0x0, 0x96, 0xff, 0xff, 0x2f,
    0x8a, 0xff, 0xff, 0x5d, 0x0, 0x0, 0x0, 0x0,
    0xaa, 0xff, 0xff, 0x14, 0x4c, 0xff, 0xff, 0xaa,
    0x0, 0x0, 0x0, 0x6, 0xe4, 0xff, 0xe0, 0x0,
    0x5, 0xdf, 0xff, 0xff, 0x99, 0x50, 0x56, 0xb5,
    0xff, 0xff, 0x84, 0x0, 0x0, 0x3b, 0xf3, 0xff,
    0xff, 0xff, 0xff, 0xff, 0xff, 0xd3, 0xe, 0x0,
    0x0, 0x0, 0x25, 0x9d, 0xe1, 0xfa, 0xf9, 0xd8,
    0x88, 0xf, 0x0, 0x0,

    /* U+0044 "D" */
    0x5c, 0xff, 0xff, 0xff, 0xff, 0xfd, 0xed, 0xc3,
    0x75, 0xb, 0x0, 0x0, 0x5c, 0xff, 0xff, 0xff,
    0xff, 0xff, 0xff, 0xff, 0xff, 0xda, 0x19, 0x0,
    0x5c, 0xff, 0xff, 0xa5, 0x28, 0x2c, 0x4c, 0xbf,
    0xff, 0xff, 0xaf, 0x0, 0x5c, 0xff, 0xff, 0x94,
    0x0, 0x0, 0x0, 0x8, 0xe7, 0xff, 0xfe, 0x17,
    0x5c, 0xff, 0xff, 0x94, 0x0, 0x0, 0x0, 0x0,
    0xa9, 0xff, 0xff, 0x4e, 0x5c, 0xff, 0xff, 0x94,
    0x0, 0x0, 0x0, 0x0, 0x8e, 0xff, 0xff, 0x6a,
    0x5c, 0xff, 0xff, 0x94, 0x0, 0x0, 0x0, 0x0,
    0x85, 0xff, 0xff, 0x73, 0x5c, 0xff, 0xff, 0x94,
    0x0, 0x0, 0x0, 0x0, 0x84, 0xff, 0xff, 0x74,
    0x5c, 0xff, 0xff, 0x94, 0x0, 0x0, 0x0, 0x0,
    0x84, 0xff, 0xff, 0x74, 0x5c, 0xff, 0xff, 0x94,
    0x0, 0x0, 0x0, 0x0, 0x84, 0xff, 0xff, 0x74,
    0x5c, 0xff, 0xff, 0x94, 0x0, 0x0, 0x0, 0x0,
    0x84, 0xff, 0xff, 0x74, 0x5c, 0xff, 0xff, 0x94,
    0x0, 0x0, 0x0, 0x0, 0x84, 0xff, 0xff, 0x74,
    0x5c, 0xff, 0xff, 0x94, 0x0, 0x0, 0x0, 0x0,
    0x84, 0xff, 0xff, 0x74, 0x5c, 0xff, 0xff, 0x94,
    0x0, 0x0, 0x0, 0x0, 0x84, 0xff, 0xff, 0x74,
    0x5c, 0xff, 0xff, 0x94, 0x0, 0x0, 0x0, 0x0,
    0x88, 0xff, 0xff, 0x70, 0x5c, 0xff, 0xff, 0x94,
    0x0, 0x0, 0x0, 0x0, 0x92, 0xff, 0xff, 0x62,
    0x5c, 0xff, 0xff, 0x94, 0x0, 0x0, 0x0, 0x0,
    0xac, 0xff, 0xff, 0x3e, 0x5c, 0xff, 0xff, 0x94,
    0x0, 0x0, 0x0, 0x9, 0xe8, 0xff, 0xf5, 0x9,
    0x5c, 0xff, 0xff, 0x9c, 0x14, 0x17, 0x39, 0xb4,
    0xff, 0xff, 0x90, 0x0, 0x5c, 0xff, 0xff, 0xff,
    0xff, 0xff, 0xff, 0xff, 0xff, 0xc7, 0xc, 0x0,
    0x5c, 0xff, 0xff, 0xff, 0xff, 0xff, 0xf0, 0xc5,
    0x6e, 0x6, 0x0, 0x0,

    /* U+0045 "E" */
    0x5c, 0xff, 0xff, 0xff, 0xff, 0xff, 0xff, 0xff,
    0xcc, 0x5c, 0xff, 0xff, 0xff, 0xff, 0xff, 0xff,
    0xff, 0xcc, 0x5c, 0xff, 0xff, 0xa5, 0x28, 0x28,
    0x28, 0x28, 0x20, 0x5c, 0xff, 0xff, 0x94, 0x0,
    0x0, 0x0, 0x0, 0x0, 0x5c, 0xff, 0xff, 0x94,
    0x0, 0x0, 0x0, 0x0, 0x0, 0x5c, 0xff, 0xff,
    0x94, 0x0, 0x0, 0x0, 0x0, 0x0, 0x5c, 0xff,
    0xff, 0x94, 0x0, 0x0, 0x0, 0x0, 0x0, 0x5c,
    0xff, 0xff, 0x94, 0x0, 0x0, 0x0, 0x0, 0x0,
    0x5c, 0xff, 0xff, 0x94, 0x0, 0x0, 0x0, 0x0,
    0x0, 0x5c, 0xff, 0xff, 0xff, 0xff, 0xff, 0xff,
    0xd0, 0x0, 0x5c, 0xff, 0xff, 0xff, 0xff, 0xff,
    0xff, 0xd0, 0x0, 0x5c, 0xff, 0xff, 0x99, 0xc,
    0xc, 0xc, 0xa, 0x0, 0x5c, 0xff, 0xff, 0x94,
    0x0, 0x0, 0x0, 0x0, 0x0, 0x5c, 0xff, 0xff,
    0x94, 0x0, 0x0, 0x0, 0x0, 0x0, 0x5c, 0xff,
    0xff, 0x94, 0x0, 0x0, 0x0, 0x0, 0x0, 0x5c,
    0xff, 0xff, 0x94, 0x0, 0x0, 0x0, 0x0, 0x0,
    0x5c, 0xff, 0xff, 0x94, 0x0, 0x0, 0x0, 0x0,
    0x0, 0x5c, 0xff, 0xff, 0x94, 0x0, 0x0, 0x0,
    0x0, 0x0, 0x5c, 0xff, 0xff, 0x9c, 0x14, 0x14,
    0x14, 0x14, 0x11, 0x5c, 0xff, 0xff, 0xff, 0xff,
    0xff, 0xff, 0xff, 0xdc, 0x5c, 0xff, 0xff, 0xff,
    0xff, 0xff, 0xff, 0xff, 0xdc,

    /* U+0046 "F" */
    0x5c, 0xff, 0xff, 0xff, 0xff, 0xff, 0xff, 0xff,
    0xc8, 0x5c, 0xff, 0xff, 0xff, 0xff, 0xff, 0xff,
    0xff, 0xc8, 0x5c, 0xff, 0xff, 0x9c, 0x14, 0x14,
    0x14, 0x14, 0x10, 0x5c, 0xff, 0xff, 0x94, 0x0,
    0x0, 0x0, 0x0, 0x0, 0x5c, 0xff, 0xff, 0x94,
    0x0, 0x0, 0x0, 0x0, 0x0, 0x5c, 0xff, 0xff,
    0x94, 0x0, 0x0, 0x0, 0x0, 0x0, 0x5c, 0xff,
    0xff, 0x94, 0x0, 0x0, 0x0, 0x0, 0x0, 0x5c,
    0xff, 0xff, 0x94, 0x0, 0x0, 0x0, 0x0, 0x0,
    0x5c, 0xff, 0xff, 0x94, 0x0, 0x0, 0x0, 0x0,
    0x0, 0x5c, 0xff, 0xff, 0xff, 0xff, 0xff, 0xff,
    0x9c, 0x0, 0x5c, 0xff, 0xff, 0xff, 0xff, 0xff,
    0xff, 0x9c, 0x0, 0x5c, 0xff, 0xff, 0x99, 0xc,
    0xc, 0xc, 0x7, 0x0, 0x5c, 0xff, 0xff, 0x94,
    0x0, 0x0, 0x0, 0x0, 0x0, 0x5c, 0xff, 0xff,
    0x94, 0x0, 0x0, 0x0, 0x0, 0x0, 0x5c, 0xff,
    0xff, 0x94, 0x0, 0x0, 0x0, 0x0, 0x0, 0x5c,
    0xff, 0xff, 0x94, 0x0, 0x0, 0x0, 0x0, 0x0,
    0x5c, 0xff, 0xff, 0x94, 0x0, 0x0, 0x0, 0x0,
    0x0, 0x5c, 0xff, 0xff, 0x94, 0x0, 0x0, 0x0,
    0x0, 0x0, 0x5c, 0xff, 0xff, 0x94, 0x0, 0x0,
    0x0, 0x0, 0x0, 0x5c, 0xff, 0xff, 0x94, 0x0,
    0x0, 0x0, 0x0, 0x0, 0x5c, 0xff, 0xff, 0x94,
    0x0, 0x0, 0x0, 0x0, 0x0,

    /* U+0047 "G" */
    0x0, 0x0, 0x2f, 0xa6, 0xe3, 0xfa, 0xf9, 0xda,
    0x92, 0x1b, 0x0, 0x0, 0x0, 0x4a, 0xf9, 0xff,
    0xff, 0xff, 0xff, 0xff, 0xff, 0xea, 0x25, 0x0,
    0xa, 0xea, 0xff, 0xff, 0x94, 0x4c, 0x4f, 0x9f,
    0xff, 0xff, 0xb6, 0x0, 0x53, 0xff, 0xff, 0xa0,
    0x0, 0x0, 0x0, 0x0, 0xc0, 0xff, 0xfd, 0x14,
    0x8c, 0xff, 0xff, 0x54, 0x0, 0x0, 0x0, 0x0,
    0x7d, 0xff, 0xff, 0x43, 0xac, 0xff, 0xff, 0x3a,
    0x0, 0x0, 0x0, 0x0, 0x67, 0xff, 0xff, 0x59,
    0xbc, 0xff, 0xff, 0x31, 0x0, 0x0, 0x0, 0x0,
    0x5d, 0xf8, 0xf8, 0x5d, 0xc0, 0xff, 0xff, 0x30,
    0x0, 0x0, 0x0, 0x0, 0x0, 0x0, 0x0, 0x0,
    0xc0, 0xff, 0xff, 0x30, 0x0, 0x0, 0x0, 0x0,
    0x0, 0x0, 0x0, 0x0, 0xc0, 0xff, 0xff, 0x30,
    0x0, 0x0, 0x0, 0x0, 0x0, 0x0, 0x0, 0x0,
    0xc0, 0xff, 0xff, 0x30, 0x0, 0x0, 0xa, 0xc,
    0xc, 0xc, 0xc, 0x6, 0xc0, 0xff, 0xff, 0x30,
    0x0, 0x0, 0xcc, 0xff, 0xff, 0xff, 0xff, 0x88,
    0xc0, 0xff, 0xff, 0x30, 0x0, 0x0, 0xcc, 0xff,
    0xff, 0xff, 0xff, 0x88, 0xc0, 0xff, 0xff, 0x30,
    0x0, 0x0, 0x0, 0x0, 0x20, 0xff, 0xff, 0x88,
    0xbc, 0xff, 0xff, 0x31, 0x0, 0x0, 0x0, 0x0,
    0x21, 0xff, 0xff, 0x88, 0xac, 0xff, 0xff, 0x3b,
    0x0, 0x0, 0x0, 0x0, 0x2e, 0xff, 0xff, 0x88,
    0x8a, 0xff, 0xff, 0x5d, 0x0, 0x0, 0x0, 0x0,
    0x52, 0xff, 0xff, 0x88, 0x4d, 0xff, 0xff, 0xb1,
    0x0, 0x0, 0x0, 0x0, 0xae, 0xff, 0xff, 0x88,
    0x5, 0xe2, 0xff, 0xff, 0xa8, 0x56, 0x56, 0xa7,
    0xff, 0xe6, 0xff, 0x88, 0x0, 0x42, 0xf8, 0xff,
    0xff, 0xff, 0xff, 0xff, 0xc8, 0x7d, 0xff, 0x88,
    0x0, 0x0, 0x2e, 0xa9, 0xe8, 0xfc, 0xec, 0x9e,
    0x11, 0x5e, 0xff, 0x88,

    /* U+0048 "H" */
    0x5c, 0xff, 0xff, 0x94, 0x0, 0x0, 0x0, 0x0,
    0x4, 0xff, 0xff, 0xec, 0x5c, 0xff, 0xff, 0x94,
    0x0, 0x0, 0x0, 0x0, 0x4, 0xff, 0xff, 0xec,
    0x5c, 0xff, 0xff, 0x94, 0x0, 0x0, 0x0, 0x0,
    0x4, 0xff, 0xff, 0xec, 0x5c, 0xff, 0xff, 0x94,
    0x0, 0x0, 0x0, 0x0, 0x4, 0xff, 0xff, 0xec,
    0x5c, 0xff, 0xff, 0x94, 0x0, 0x0, 0x0, 0x0,
    0x4, 0xff, 0xff, 0xec, 0x5c, 0xff, 0xff, 0x94,
    0x0, 0x0, 0x0, 0x0, 0x4, 0xff, 0xff, 0xec,
    0x5c, 0xff, 0xff, 0x94, 0x0, 0x0, 0x0, 0x0,
    0x4, 0xff, 0xff, 0xec, 0x5c, 0xff, 0xff, 0x94,
    0x0, 0x0, 0x0, 0x0, 0x4, 0xff, 0xff, 0xec,
    0x5c, 0xff, 0xff, 0x94, 0x0, 0x0, 0x0, 0x0,
    0x4, 0xff, 0xff, 0xec, 0x5c, 0xff, 0xff, 0xff,
    0xff, 0xff, 0xff, 0xff, 0xff, 0xff, 0xff, 0xec,
    0x5c, 0xff, 0xff, 0xff, 0xff, 0xff, 0xff, 0xff,
    0xff, 0xff, 0xff, 0xec, 0x5c, 0xff, 0xff, 0x9c,
    0x14, 0x14, 0x14, 0x14, 0x18, 0xff, 0xff, 0xec,
    0x5c, 0xff, 0xff, 0x94, 0x0, 0x0, 0x0, 0x0,
    0x4, 0xff, 0xff, 0xec, 0x5c, 0xff, 0xff, 0x94,
    0x0, 0x0, 0x0, 0x0, 0x4, 0xff, 0xff, 0xec,
    0x5c, 0xff, 0xff, 0x94, 0x0, 0x0, 0x0, 0x0,
    0x4, 0xff, 0xff, 0xec, 0x5c, 0xff, 0xff, 0x94,
    0x0, 0x0, 0x0, 0x0, 0x4, 0xff, 0xff, 0xec,
    0x5c, 0xff, 0xff, 0x94, 0x0, 0x0, 0x0, 0x0,
    0x4, 0xff, 0xff, 0xec, 0x5c, 0xff, 0xff, 0x94,
    0x0, 0x0, 0x0, 0x0, 0x4, 0xff, 0xff, 0xec,
    0x5c, 0xff, 0xff, 0x94, 0x0, 0x0, 0x0, 0x0,
    0x4, 0xff, 0xff, 0xec, 0x5c, 0xff, 0xff, 0x94,
    0x0, 0x0, 0x0, 0x0, 0x4, 0xff, 0xff, 0xec,
    0x5c, 0xff, 0xff, 0x94, 0x0, 0x0, 0x0, 0x0,
    0x4, 0xff, 0xff, 0xec,

    /* U+0049 "I" */
    0x34, 0xff, 0xff, 0xb0, 0x34, 0xff, 0xff, 0xb0,
    0x34, 0xff, 0xff, 0xb0, 0x34, 0xff, 0xff, 0xb0,
    0x34, 0xff, 0xff, 0xb0, 0x34, 0xff, 0xff, 0xb0,
    0x34, 0xff, 0xff, 0xb0, 0x34, 0xff, 0xff, 0xb0,
    0x34, 0xff, 0xff, 0xb0, 0x34, 0xff, 0xff, 0xb0,
    0x34, 0xff, 0xff, 0xb0, 0x34, 0xff, 0xff, 0xb0,
    0x34, 0xff, 0xff, 0xb0, 0x34, 0xff, 0xff, 0xb0,
    0x34, 0xff, 0xff, 0xb0, 0x34, 0xff, 0xff, 0xb0,
    0x34, 0xff, 0xff, 0xb0, 0x34, 0xff, 0xff, 0xb0,
    0x34, 0xff, 0xff, 0xb0, 0x34, 0xff, 0xff, 0xb0,
    0x34, 0xff, 0xff, 0xb0,

    /* U+004A "J" */
    0x0, 0x0, 0x0, 0xc0, 0xff, 0xff, 0x28, 0x0,
    0x0, 0x0, 0xc0, 0xff, 0xff, 0x28, 0x0, 0x0,
    0x0, 0xc0, 0xff, 0xff, 0x28, 0x0, 0x0, 0x0,
    0xc0, 0xff, 0xff, 0x28, 0x0, 0x0, 0x0, 0xc0,
    0xff, 0xff, 0x28, 0x0, 0x0, 0x0, 0xc0, 0xff,
    0xff, 0x28, 0x0, 0x0, 0x0, 0xc0, 0xff, 0xff,
    0x28, 0x0, 0x0, 0x0, 0xc0, 0xff, 0xff, 0x28,
    0x0, 0x0, 0x0, 0xc0, 0xff, 0xff, 0x28, 0x0,
    0x0, 0x0, 0xc0, 0xff, 0xff, 0x28, 0x0, 0x0,
    0x0, 0xc0, 0xff, 0xff, 0x28, 0x0, 0x0, 0x0,
    0xc0, 0xff, 0xff, 0x28, 0x0, 0x0, 0x0, 0xc0,
    0xff, 0xff, 0x28, 0x0, 0x0, 0x0, 0xc0, 0xff,
    0xff, 0x28, 0x0, 0x0, 0x0, 0xc0, 0xff, 0xff,
    0x28, 0x0, 0x0, 0x0, 0xc0, 0xff, 0xff, 0x28,
    0x0, 0x0, 0x0, 0xc6, 0xff, 0xff, 0x24, 0x0,
    0x0, 0x2, 0xea, 0xff, 0xff, 0xc, 0x12, 0x2b,
    0x93, 0xff, 0xff, 0xd7, 0x0, 0xd0, 0xff, 0xff,
    0xff, 0xff, 0x64, 0x0, 0xd0, 0xff, 0xf3, 0xca,
    0x5e, 0x0, 0x0,

    /* U+004B "K" */
    0x5c, 0xff, 0xff, 0x94, 0x0, 0x0, 0x0, 0x2,
    0xd6, 0xff, 0xe5, 0x5, 0x5c, 0xff, 0xff, 0x94,
    0x0, 0x0, 0x0, 0x52, 0xff, 0xff, 0x78, 0x0,
    0x5c, 0xff, 0xff, 0x94, 0x0, 0x0, 0x1, 0xcf,
    0xff, 0xf3, 0x11, 0x0, 0x5c, 0xff, 0xff, 0x94,
    0x0, 0x0, 0x4d, 0xff, 0xff, 0x92, 0x0, 0x0,
    0x5c, 0xff, 0xff, 0x94, 0x0, 0x0, 0xc9, 0xff,
    0xfd, 0x21, 0x0, 0x0, 0x5c, 0xff, 0xff, 0x94,
    0x0, 0x46, 0xff, 0xff, 0xab, 0x0, 0x0, 0x0,
    0x5c, 0xff, 0xff, 0x94, 0x0, 0xc3, 0xff, 0xff,
    0x38, 0x0, 0x0, 0x0, 0x5c, 0xff, 0xff, 0x94,
    0x40, 0xff, 0xff, 0xc6, 0x0, 0x0, 0x0, 0x0,
    0x5c, 0xff, 0xff, 0x94, 0xbc, 0xff, 0xff, 0x53,
    0x0, 0x0, 0x0, 0x0, 0x5c, 0xff, 0xff, 0xcc,
    0xff, 0xff, 0xff, 0x1e, 0x0, 0x0, 0x0, 0x0,
    0x5c, 0xff, 0xff, 0xff, 0xff, 0xff, 0xff, 0x80,
    0x0, 0x0, 0x0, 0x0, 0x5c, 0xff, 0xff, 0xff,
    0xbd, 0xe9, 0xff, 0xe4, 0x4, 0x0, 0x0, 0x0,
    0x5c, 0xff, 0xff, 0xfe, 0x2f, 0x86, 0xff, 0xff,
    0x52, 0x0, 0x0, 0x0, 0x5c, 0xff, 0xff, 0xab,
    0x0, 0x20, 0xfd, 0xff, 0xbb, 0x0, 0x0, 0x0,
    0x5c, 0xff, 0xff, 0x94, 0x0, 0x0, 0xb4, 0xff,
    0xff, 0x25, 0x0, 0x0, 0x5c, 0xff, 0xff, 0x94,
    0x0, 0x0, 0x4c, 0xff, 0xff, 0x8d, 0x0, 0x0,
    0x5c, 0xff, 0xff, 0x94, 0x0, 0x0, 0x3, 0xe1,
    0xff, 0xee, 0x8, 0x0, 0x5c, 0xff, 0xff, 0x94,
    0x0, 0x0, 0x0, 0x7a, 0xff, 0xff, 0x60, 0x0,
    0x5c, 0xff, 0xff, 0x94, 0x0, 0x0, 0x0, 0x17,
    0xfb, 0xff, 0xc9, 0x0, 0x5c, 0xff, 0xff, 0x94,
    0x0, 0x0, 0x0, 0x0, 0xa9, 0xff, 0xff, 0x32,
    0x5c, 0xff, 0xff, 0x94, 0x0, 0x0, 0x0, 0x0,
    0x40, 0xff, 0xff, 0x9b,

    /* U+004C "L" */
    0x5c, 0xff, 0xff, 0x94, 0x0, 0x0, 0x0, 0x0,
    0x0, 0x5c, 0xff, 0xff, 0x94, 0x0, 0x0, 0x0,
    0x0, 0x0, 0x5c, 0xff, 0xff, 0x94, 0x0, 0x0,
    0x0, 0x0, 0x0, 0x5c, 0xff, 0xff, 0x94, 0x0,
    0x0, 0x0, 0x0, 0x0, 0x5c, 0xff, 0xff, 0x94,
    0x0, 0x0, 0x0, 0x0, 0x0, 0x5c, 0xff, 0xff,
    0x94, 0x0, 0x0, 0x0, 0x0, 0x0, 0x5c, 0xff,
    0xff, 0x94, 0x0, 0x0, 0x0, 0x0, 0x0, 0x5c,
    0xff, 0xff, 0x94, 0x0, 0x0, 0x0, 0x0, 0x0,
    0x5c, 0xff, 0xff, 0x94, 0x0, 0x0, 0x0, 0x0,
    0x0, 0x5c, 0xff, 0xff, 0x94, 0x0, 0x0, 0x0,
    0x0, 0x0, 0x5c, 0xff, 0xff, 0x94, 0x0, 0x0,
    0x0, 0x0, 0x0, 0x5c, 0xff, 0xff, 0x94, 0x0,
    0x0, 0x0, 0x0, 0x0, 0x5c, 0xff, 0xff, 0x94,
    0x0, 0x0, 0x0, 0x0, 0x0, 0x5c, 0xff, 0xff,
    0x94, 0x0, 0x0, 0x0, 0x0, 0x0, 0x5c, 0xff,
    0xff, 0x94, 0x0, 0x0, 0x0, 0x0, 0x0, 0x5c,
    0xff, 0xff, 0x94, 0x0, 0x0, 0x0, 0x0, 0x0,
    0x5c, 0xff, 0xff, 0x94, 0x0, 0x0, 0x0, 0x0,
    0x0, 0x5c, 0xff, 0xff, 0x94, 0x0, 0x0, 0x0,
    0x0, 0x0, 0x5c, 0xff, 0xff, 0x9c, 0x14, 0x14,
    0x14, 0x14, 0x13, 0x5c, 0xff, 0xff, 0xff, 0xff,
    0xff, 0xff, 0xff, 0xf4, 0x5c, 0xff, 0xff, 0xff,
    0xff, 0xff, 0xff, 0xff, 0xf4,

    /* U+004D "M" */
    0xa, 0xff, 0xff, 0xf4, 0x3, 0x0, 0x0, 0x0,
    0x0, 0x0, 0x0, 0xc9, 0xff, 0xff, 0x32, 0xf,
    0xff, 0xff, 0xff, 0x30, 0x0, 0x0, 0x0, 0x0,
    0x0, 0x7, 0xf9, 0xff, 0xff, 0x37, 0x13, 0xff,
    0xff, 0xff, 0x68, 0x0, 0x0, 0x0, 0x0, 0x0,
    0x3a, 0xff, 0xff, 0xff, 0x3c, 0x18, 0xff, 0xff,
    0xff, 0xa0, 0x0, 0x0, 0x0, 0x0, 0x0, 0x72,
    0xff, 0xff, 0xff, 0x41, 0x1d, 0xff, 0xff, 0xff,
    0xd8, 0x0, 0x0, 0x0, 0x0, 0x0, 0xa9, 0xff,
    0xff, 0xff, 0x45, 0x21, 0xff, 0xff, 0xfe, 0xff,
    0x11, 0x0, 0x0, 0x0, 0x0, 0xe2, 0xfe, 0xff,
    0xff, 0x4a, 0x26, 0xff, 0xff, 0xd0, 0xff, 0x48,
    0x0, 0x0, 0x0, 0x1a, 0xff, 0xd0, 0xff, 0xff,
    0x4f, 0x2a, 0xff, 0xff, 0x92, 0xff, 0x80, 0x0,
    0x0, 0x0, 0x53, 0xff, 0x90, 0xff, 0xff, 0x53,
    0x2f, 0xff, 0xff, 0x52, 0xff, 0xb7, 0x0, 0x0,
    0x0, 0x8c, 0xff, 0x53, 0xfd, 0xff, 0x59, 0x33,
    0xff, 0xff, 0x29, 0xea, 0xee, 0x1, 0x0, 0x0,
    0xc4, 0xff, 0x19, 0xf9, 0xff, 0x5d, 0x38, 0xff,
    0xff, 0x25, 0xae, 0xff, 0x26, 0x0, 0x5, 0xf7,
    0xdc, 0x0, 0xf6, 0xff, 0x62, 0x3d, 0xff, 0xff,
    0x21, 0x73, 0xff, 0x5e, 0x0, 0x34, 0xff, 0xa0,
    0x0, 0xf2, 0xff, 0x67, 0x41, 0xff, 0xff, 0x1d,
    0x37, 0xff, 0x97, 0x0, 0x6d, 0xff, 0x64, 0x0,
    0xee, 0xff, 0x6b, 0x46, 0xff, 0xff, 0x19, 0x6,
    0xf7, 0xce, 0x0, 0xa6, 0xff, 0x28, 0x0, 0xea,
    0xff, 0x70, 0x4a, 0xff, 0xff, 0x16, 0x0, 0xc1,
    0xfb, 0xa, 0xde, 0xec, 0x1, 0x0, 0xe6, 0xff,
    0x75, 0x4f, 0xff, 0xff, 0x12, 0x0, 0x85, 0xff,
    0x55, 0xff, 0xb1, 0x0, 0x0, 0xe2, 0xff, 0x7a,
    0x53, 0xff, 0xff, 0xe, 0x0, 0x4b, 0xff, 0xc4,
    0xff, 0x75, 0x0, 0x0, 0xde, 0xff, 0x7e, 0x58,
    0xff, 0xff, 0xa, 0x0, 0x11, 0xfe, 0xff, 0xff,
    0x3a, 0x0, 0x0, 0xda, 0xff, 0x83, 0x5d, 0xff,
    0xff, 0x6, 0x0, 0x0, 0xd4, 0xff, 0xf8, 0x6,
    0x0, 0x0, 0xd6, 0xff, 0x88, 0x61, 0xff, 0xff,
    0x2, 0x0, 0x0, 0x99, 0xff, 0xc2, 0x0, 0x0,
    0x0, 0xd2, 0xff, 0x8d, 0x66, 0xff, 0xfe, 0x0,
    0x0, 0x0, 0x5e, 0xff, 0x85, 0x0, 0x0, 0x0,
    0xce, 0xff, 0x92,

    /* U+004E "N" */
    0x5c, 0xff, 0xd9, 0x1, 0x0, 0x0, 0x0, 0x0,
    0x60, 0xff, 0xff, 0x10, 0x5c, 0xff, 0xff, 0x48,
    0x0, 0x0, 0x0, 0x0, 0x60, 0xff, 0xff, 0x10,
    0x5c, 0xff, 0xff, 0xb6, 0x0, 0x0, 0x0, 0x0,
    0x60, 0xff, 0xff, 0x10, 0x5c, 0xff, 0xff, 0xfe,
    0x25, 0x0, 0x0, 0x0, 0x60, 0xff, 0xff, 0x10,
    0x5c, 0xff, 0xff, 0xff, 0x91, 0x0, 0x0, 0x0,
    0x60, 0xff, 0xff, 0x10, 0x5c, 0xff, 0xff, 0xff,
    0xf3, 0xd, 0x0, 0x0, 0x60, 0xff, 0xff, 0x10,
    0x5c, 0xff, 0xff, 0xfa, 0xff, 0x6d, 0x0, 0x0,
    0x60, 0xff, 0xff, 0x10, 0x5c, 0xff, 0xff, 0xa5,
    0xff, 0xda, 0x2, 0x0, 0x60, 0xff, 0xff, 0x10,
    0x5c, 0xff, 0xff, 0x3f, 0xfb, 0xff, 0x49, 0x0,
    0x60, 0xff, 0xff, 0x10, 0x5c, 0xff, 0xff, 0x24,
    0xa9, 0xff, 0xb7, 0x0, 0x60, 0xff, 0xff, 0x10,
    0x5c, 0xff, 0xff, 0x24, 0x3d, 0xff, 0xfe, 0x27,
    0x60, 0xff, 0xff, 0x10, 0x5c, 0xff, 0xff, 0x24,
    0x0, 0xd1, 0xff, 0x93, 0x60, 0xff, 0xff, 0x10,
    0x5c, 0xff, 0xff, 0x24, 0x0, 0x67, 0xff, 0xf3,
    0x6e, 0xff, 0xff, 0x10, 0x5c, 0xff, 0xff, 0x24,
    0x0, 0xb, 0xef, 0xff, 0xcf, 0xff, 0xff, 0x10,
    0x5c, 0xff, 0xff, 0x24, 0x0, 0x0, 0x8d, 0xff,
    0xff, 0xff, 0xff, 0x10, 0x5c, 0xff, 0xff, 0x24,
    0x0, 0x0, 0x24, 0xfe, 0xff, 0xff, 0xff, 0x10,
    0x5c, 0xff, 0xff, 0x24, 0x0, 0x0, 0x0, 0xb6,
    0xff, 0xff, 0xff, 0x10, 0x5c, 0xff, 0xff, 0x24,
    0x0, 0x0, 0x0, 0x4a, 0xff, 0xff, 0xff, 0x10,
    0x5c, 0xff, 0xff, 0x24, 0x0, 0x0, 0x0, 0x2,
    0xdc, 0xff, 0xff, 0x10, 0x5c, 0xff, 0xff, 0x24,
    0x0, 0x0, 0x0, 0x0, 0x72, 0xff, 0xff, 0x10,
    0x5c, 0xff, 0xff, 0x24, 0x0, 0x0, 0x0, 0x0,
    0x11, 0xf5, 0xff, 0x10,

    /* U+004F "O" */
    0x0, 0x0, 0x27, 0x9c, 0xde, 0xfa, 0xfa, 0xe0,
    0x9c, 0x27, 0x0, 0x0, 0x0, 0x44, 0xf7, 0xff,
    0xff, 0xff, 0xff, 0xff, 0xff, 0xf5, 0x43, 0x0,
    0x9, 0xe7, 0xff, 0xff, 0x95, 0x4e, 0x4c, 0x92,
    0xfe, 0xff, 0xe7, 0x9, 0x59, 0xff, 0xff, 0x9d,
    0x0, 0x0, 0x0, 0x0, 0x99, 0xff, 0xff, 0x5a,
    0x95, 0xff, 0xff, 0x53, 0x0, 0x0, 0x0, 0x0,
    0x4f, 0xff, 0xff, 0x98, 0xb5, 0xff, 0xff, 0x3b,
    0x0, 0x0, 0x0, 0x0, 0x38, 0xff, 0xff, 0xb9,
    0xbf, 0xff, 0xff, 0x38, 0x0, 0x0, 0x0, 0x0,
    0x34, 0xff, 0xff, 0xc3, 0xc0, 0xff, 0xff, 0x38,
    0x0, 0x0, 0x0, 0x0, 0x34, 0xff, 0xff, 0xc4,
    0xc0, 0xff, 0xff, 0x38, 0x0, 0x0, 0x0, 0x0,
    0x34, 0xff, 0xff, 0xc4, 0xc0, 0xff, 0xff, 0x38,
    0x0, 0x0, 0x0, 0x0, 0x34, 0xff, 0xff, 0xc4,
    0xc0, 0xff, 0xff, 0x38, 0x0, 0x0, 0x0, 0x0,
    0x34, 0xff, 0xff, 0xc4, 0xc0, 0xff, 0xff, 0x38,
    0x0, 0x0, 0x0, 0x0, 0x34, 0xff, 0xff, 0xc4,
    0xc0, 0xff, 0xff, 0x38, 0x0, 0x0, 0x0, 0x0,
    0x34, 0xff, 0xff, 0xc4, 0xc0, 0xff, 0xff, 0x38,
    0x0, 0x0, 0x0, 0x0, 0x34, 0xff, 0xff, 0xc4,
    0xbe, 0xff, 0xff, 0x38, 0x0, 0x0, 0x0, 0x0,
    0x34, 0xff, 0xff, 0xc2, 0xb1, 0xff, 0xff, 0x3d,
    0x0, 0x0, 0x0, 0x0, 0x39, 0xff, 0xff, 0xb4,
    0x8e, 0xff, 0xff, 0x57, 0x0, 0x0, 0x0, 0x0,
    0x53, 0xff, 0xff, 0x91, 0x4f, 0xff, 0xff, 0xa7,
    0x0, 0x0, 0x0, 0x0, 0xa4, 0xff, 0xff, 0x4f,
    0x5, 0xe0, 0xff, 0xff, 0x9f, 0x52, 0x51, 0x9b,
    0xff, 0xff, 0xdd, 0x5, 0x0, 0x3a, 0xf3, 0xff,
    0xff, 0xff, 0xff, 0xff, 0xff, 0xf1, 0x36, 0x0,
    0x0, 0x0, 0x23, 0x98, 0xdd, 0xfa, 0xfa, 0xde,
    0x9a, 0x20, 0x0, 0x0,

    /* U+0050 "P" */
    0x5c, 0xff, 0xff, 0xff, 0xff, 0xff, 0xf7, 0xd4,
    0x82, 0xb, 0x0, 0x0, 0x5c, 0xff, 0xff, 0xff,
    0xff, 0xff, 0xff, 0xff, 0xff, 0xcd, 0x9, 0x0,
    0x5c, 0xff, 0xff, 0x9c, 0x14, 0x19, 0x37, 0xa6,
    0xff, 0xff, 0x78, 0x0, 0x5c, 0xff, 0xff, 0x94,
    0x0, 0x0, 0x0, 0x5, 0xef, 0xff, 0xce, 0x0,
    0x5c, 0xff, 0xff, 0x94, 0x0, 0x0, 0x0, 0x0,
    0xc7, 0xff, 0xfa, 0x2, 0x5c, 0xff, 0xff, 0x94,
    0x0, 0x0, 0x0, 0x0, 0xba, 0xff, 0xff, 0xe,
    0x5c, 0xff, 0xff, 0x94, 0x0, 0x0, 0x0, 0x0,
    0xc3, 0xff, 0xfe, 0x6, 0x5c, 0xff, 0xff, 0x94,
    0x0, 0x0, 0x0, 0x8, 0xef, 0xff, 0xd7, 0x0,
    0x5c, 0xff, 0xff, 0x94, 0x0, 0x6, 0x2a, 0xaa,
    0xff, 0xff, 0x7c, 0x0, 0x5c, 0xff, 0xff, 0xff,
    0xff, 0xff, 0xff, 0xff, 0xff, 0xcc, 0x9, 0x0,
    0x5c, 0xff, 0xff, 0xff, 0xff, 0xff, 0xff, 0xe1,
    0x86, 0xb, 0x0, 0x0, 0x5c, 0xff, 0xff, 0x9b,
    0x10, 0x10, 0x8, 0x0, 0x0, 0x0, 0x0, 0x0,
    0x5c, 0xff, 0xff, 0x94, 0x0, 0x0, 0x0, 0x0,
    0x0, 0x0, 0x0, 0x0, 0x5c, 0xff, 0xff, 0x94,
    0x0, 0x0, 0x0, 0x0, 0x0, 0x0, 0x0, 0x0,
    0x5c, 0xff, 0xff, 0x94, 0x0, 0x0, 0x0, 0x0,
    0x0, 0x0, 0x0, 0x0, 0x5c, 0xff, 0xff, 0x94,
    0x0, 0x0, 0x0, 0x0, 0x0, 0x0, 0x0, 0x0,
    0x5c, 0xff, 0xff, 0x94, 0x0, 0x0, 0x0, 0x0,
    0x0, 0x0, 0x0, 0x0, 0x5c, 0xff, 0xff, 0x94,
    0x0, 0x0, 0x0, 0x0, 0x0, 0x0, 0x0, 0x0,
    0x5c, 0xff, 0xff, 0x94, 0x0, 0x0, 0x0, 0x0,
    0x0, 0x0, 0x0, 0x0, 0x5c, 0xff, 0xff, 0x94,
    0x0, 0x0, 0x0, 0x0, 0x0, 0x0, 0x0, 0x0,
    0x5c, 0xff, 0xff, 0x94, 0x0, 0x0, 0x0, 0x0,
    0x0, 0x0, 0x0, 0x0,

    /* U+0051 "Q" */
    0x0, 0x0, 0x27, 0x9c, 0xde, 0xfa, 0xfa, 0xe0,
    0x9f, 0x29, 0x0, 0x0, 0x0, 0x44, 0xf7, 0xff,
    0xff, 0xff, 0xff, 0xff, 0xff, 0xf7, 0x48, 0x0,
    0x9, 0xe7, 0xff, 0xff, 0x95, 0x4e, 0x4c, 0x8e,
    0xfe, 0xff, 0xec, 0xd, 0x59, 0xff, 0xff, 0x9d,
    0x0, 0x0, 0x0, 0x0, 0x94, 0xff, 0xff, 0x61,
    0x95, 0xff, 0xff, 0x53, 0x0, 0x0, 0x0, 0x0,
    0x48, 0xff, 0xff, 0xa0, 0xb5, 0xff, 0xff, 0x3b,
    0x0, 0x0, 0x0, 0x0, 0x30, 0xff, 0xff, 0xc0,
    0xbf, 0xff, 0xff, 0x38, 0x0, 0x0, 0x0, 0x0,
    0x2c, 0xff, 0xff, 0xcb, 0xc0, 0xff, 0xff, 0x38,
    0x0, 0x0, 0x0, 0x0, 0x2c, 0xff, 0xff, 0xcc,
    0xc0, 0xff, 0xff, 0x38, 0x0, 0x0, 0x0, 0x0,
    0x2c, 0xff, 0xff, 0xcc, 0xc0, 0xff, 0xff, 0x38,
    0x0, 0x0, 0x0, 0x0, 0x2c, 0xff, 0xff, 0xcc,
    0xc0, 0xff, 0xff, 0x38, 0x0, 0x0, 0x0, 0x0,
    0x2c, 0xff, 0xff, 0xcc, 0xc0, 0xff, 0xff, 0x38,
    0x0, 0x0, 0x0, 0x0, 0x2c, 0xff, 0xff, 0xcc,
    0xc0, 0xff, 0xff, 0x38, 0x0, 0x0, 0x0, 0x0,
    0x2c, 0xff, 0xff, 0xcc, 0xc0, 0xff, 0xff, 0x38,
    0x0, 0x0, 0x0, 0x0, 0x2c, 0xff, 0xff, 0xcc,
    0xbe, 0xff, 0xff, 0x38, 0x0, 0x0, 0x0, 0x0,
    0x2c, 0xff, 0xff, 0xca, 0xb1, 0xff, 0xff, 0x3d,
    0x0, 0x0, 0x0, 0x0, 0x32, 0xff, 0xff, 0xbd,
    0x8e, 0xff, 0xff, 0x57, 0x0, 0x0, 0x0, 0x0,
    0x4d, 0xff, 0xff, 0x9a, 0x4f, 0xff, 0xff, 0xa7,
    0x0, 0x0, 0x0, 0x0, 0x9d, 0xff, 0xff, 0x59,
    0x5, 0xe0, 0xff, 0xff, 0x9f, 0x52, 0x50, 0x99,
    0xff, 0xff, 0xe2, 0x8, 0x0, 0x3a, 0xf3, 0xff,
    0xff, 0xff, 0xff, 0xff, 0xff, 0xf2, 0x3a, 0x0,
    0x0, 0x0, 0x23, 0x98, 0xdd, 0xfa, 0xff, 0xff,
    0xed, 0x21, 0x0, 0x0, 0x0, 0x0, 0x0, 0x0,
    0x0, 0x0, 0x26, 0xf4, 0xff, 0x8c, 0x0, 0x0,
    0x0, 0x0, 0x0, 0x0, 0x0, 0x0, 0x0, 0x5b,
    0xff, 0xff, 0x7e, 0x0, 0x0, 0x0, 0x0, 0x0,
    0x0, 0x0, 0x0, 0x0, 0x80, 0xff, 0x9d, 0x0,
    0x0, 0x0, 0x0, 0x0, 0x0, 0x0, 0x0, 0x0,
    0x0, 0x6d, 0x5f, 0x0,

    /* U+0052 "R" */
    0x5c, 0xff, 0xff, 0xff, 0xff, 0xfa, 0xe4, 0xb5,
    0x60, 0x3, 0x0, 0x0, 0x5c, 0xff, 0xff, 0xff,
    0xff, 0xff, 0xff, 0xff, 0xff, 0xbb, 0x7, 0x0,
    0x5c, 0xff, 0xff, 0x9c, 0x14, 0x1b, 0x49, 0xce,
    0xff, 0xff, 0x77, 0x0, 0x5c, 0xff, 0xff, 0x94,
    0x0, 0x0, 0x0, 0x1e, 0xfe, 0xff, 0xd4, 0x0,
    0x5c, 0xff, 0xff, 0x94, 0x0, 0x0, 0x0, 0x0,
    0xd8, 0xff, 0xfc, 0x3, 0x5c, 0xff, 0xff, 0x94,
    0x0, 0x0, 0x0, 0x0, 0xc6, 0xff, 0xff, 0xe,
    0x5c, 0xff, 0xff, 0x94, 0x0, 0x0, 0x0, 0x0,
    0xd5, 0xff, 0xfe, 0x5, 0x5c, 0xff, 0xff, 0x94,
    0x0, 0x0, 0x0, 0x1e, 0xfd, 0xff, 0xdb, 0x0,
    0x5c, 0xff, 0xff, 0x94, 0x0, 0xd, 0x41, 0xcd,
    0xff, 0xff, 0x85, 0x0, 0x5c, 0xff, 0xff, 0xff,
    0xff, 0xff, 0xff, 0xff, 0xff, 0xce, 0xd, 0x0,
    0x5c, 0xff, 0xff, 0xff, 0xff, 0xff, 0xff, 0xff,
    0xae, 0x7, 0x0, 0x0, 0x5c, 0xff, 0xff, 0x9b,
    0x10, 0x19, 0xfa, 0xff, 0xc6, 0x0, 0x0, 0x0,
    0x5c, 0xff, 0xff, 0x94, 0x0, 0x0, 0xbe, 0xff,
    0xfd, 0x13, 0x0, 0x0, 0x5c, 0xff, 0xff, 0x94,
    0x0, 0x0, 0x75, 0xff, 0xff, 0x58, 0x0, 0x0,
    0x5c, 0xff, 0xff, 0x94, 0x0, 0x0, 0x2f, 0xff,
    0xff, 0x9f, 0x0, 0x0, 0x5c, 0xff, 0xff, 0x94,
    0x0, 0x0, 0x1, 0xe7, 0xff, 0xe7, 0x1, 0x0,
    0x5c, 0xff, 0xff, 0x94, 0x0, 0x0, 0x0, 0xa1,
    0xff, 0xff, 0x30, 0x0, 0x5c, 0xff, 0xff, 0x94,
    0x0, 0x0, 0x0, 0x59, 0xff, 0xff, 0x79, 0x0,
    0x5c, 0xff, 0xff, 0x94, 0x0, 0x0, 0x0, 0x14,
    0xfe, 0xff, 0xc0, 0x0, 0x5c, 0xff, 0xff, 0x94,
    0x0, 0x0, 0x0, 0x0, 0xcb, 0xff, 0xfa, 0xd,
    0x5c, 0xff, 0xff, 0x94, 0x0, 0x0, 0x0, 0x0,
    0x84, 0xff, 0xff, 0x50,

    /* U+0053 "S" */
    0x0, 0x9, 0x7c, 0xd4, 0xf9, 0xfa, 0xd9, 0x8c,
    0x13, 0x0, 0x0, 0x9, 0xc8, 0xff, 0xff, 0xff,
    0xff, 0xff, 0xff, 0xdc, 0x13, 0x0, 0x7b, 0xff,
    0xff, 0xaf, 0x4b, 0x4a, 0xa9, 0xff, 0xff, 0x95,
    0x0, 0xce, 0xff, 0xde, 0x3, 0x0, 0x0, 0x1,
    0xc4, 0xff, 0xf3, 0x6, 0xed, 0xff, 0xb4, 0x0,
    0x0, 0x0, 0x0, 0x6d, 0xff, 0xff, 0x32, 0xe5,
    0xff, 0xd3, 0x0, 0x0, 0x0, 0x0, 0x3e, 0xce,
    0x8b, 0x1b, 0xbc, 0xff, 0xff, 0x57, 0x0, 0x0,
    0x0, 0x0, 0x0, 0x0, 0x0, 0x5e, 0xff, 0xff,
    0xf9, 0x57, 0x0, 0x0, 0x0, 0x0, 0x0, 0x0,
    0x1, 0xaf, 0xff, 0xff, 0xff, 0x7c, 0x0, 0x0,
    0x0, 0x0, 0x0, 0x0, 0x6, 0xa4, 0xff, 0xff,
    0xff, 0xa0, 0x6, 0x0, 0x0, 0x0, 0x0, 0x0,
    0x1, 0x83, 0xff, 0xff, 0xff, 0xbd, 0xe, 0x0,
    0x0, 0x0, 0x0, 0x0, 0x0, 0x60, 0xfa, 0xff,
    0xff, 0xc1, 0x6, 0x0, 0x0, 0x0, 0x0, 0x0,
    0x0, 0x43, 0xf2, 0xff, 0xff, 0x8d, 0x0, 0x0,
    0x0, 0x0, 0x0, 0x0, 0x0, 0x3c, 0xf8, 0xff,
    0xfc, 0x20, 0x24, 0x66, 0x65, 0x0, 0x0, 0x0,
    0x0, 0x7c, 0xff, 0xff, 0x72, 0xef, 0xff, 0xc5,
    0x0, 0x0, 0x0, 0x0, 0x28, 0xff, 0xff, 0x9a,
    0xc6, 0xff, 0xf7, 0x9, 0x0, 0x0, 0x0, 0x19,
    0xff, 0xff, 0x9e, 0x7f, 0xff, 0xff, 0x71, 0x0,
    0x0, 0x0, 0x50, 0xff, 0xff, 0x77, 0x19, 0xf3,
    0xff, 0xfb, 0x86, 0x4c, 0x6e, 0xea, 0xff, 0xf9,
    0x20, 0x0, 0x53, 0xfa, 0xff, 0xff, 0xff, 0xff,
    0xff, 0xfe, 0x65, 0x0, 0x0, 0x0, 0x30, 0xa9,
    0xe8, 0xfc, 0xee, 0xb2, 0x3d, 0x0, 0x0,

    /* U+0054 "T" */
    0x9c, 0xff, 0xff, 0xff, 0xff, 0xff, 0xff, 0xff,
    0xff, 0xff, 0x58, 0x9c, 0xff, 0xff, 0xff, 0xff,
    0xff, 0xff, 0xff, 0xff, 0xff, 0x58, 0x18, 0x28,
    0x28, 0x32, 0xff, 0xff, 0xe8, 0x28, 0x28, 0x28,
    0xe, 0x0, 0x0, 0x0, 0xc, 0xff, 0xff, 0xe4,
    0x0, 0x0, 0x0, 0x0, 0x0, 0x0, 0x0, 0xc,
    0xff, 0xff, 0xe4, 0x0, 0x0, 0x0, 0x0, 0x0,
    0x0, 0x0, 0xc, 0xff, 0xff, 0xe4, 0x0, 0x0,
    0x0, 0x0, 0x0, 0x0, 0x0, 0xc, 0xff, 0xff,
    0xe4, 0x0, 0x0, 0x0, 0x0, 0x0, 0x0, 0x0,
    0xc, 0xff, 0xff, 0xe4, 0x0, 0x0, 0x0, 0x0,
    0x0, 0x0, 0x0, 0xc, 0xff, 0xff, 0xe4, 0x0,
    0x0, 0x0, 0x0, 0x0, 0x0, 0x0, 0xc, 0xff,
    0xff, 0xe4, 0x0, 0x0, 0x0, 0x0, 0x0, 0x0,
    0x0, 0xc, 0xff, 0xff, 0xe4, 0x0, 0x0, 0x0,
    0x0, 0x0, 0x0, 0x0, 0xc, 0xff, 0xff, 0xe4,
    0x0, 0x0, 0x0, 0x0, 0x0, 0x0, 0x0, 0xc,
    0xff, 0xff, 0xe4, 0x0, 0x0, 0x0, 0x0, 0x0,
    0x0, 0x0, 0xc, 0xff, 0xff, 0xe4, 0x0, 0x0,
    0x0, 0x0, 0x0, 0x0, 0x0, 0xc, 0xff, 0xff,
    0xe4, 0x0, 0x0, 0x0, 0x0, 0x0, 0x0, 0x0,
    0xc, 0xff, 0xff, 0xe4, 0x0, 0x0, 0x0, 0x0,
    0x0, 0x0, 0x0, 0xc, 0xff, 0xff, 0xe4, 0x0,
    0x0, 0x0, 0x0, 0x0, 0x0, 0x0, 0xc, 0xff,
    0xff, 0xe4, 0x0, 0x0, 0x0, 0x0, 0x0, 0x0,
    0x0, 0xc, 0xff, 0xff, 0xe4, 0x0, 0x0, 0x0,
    0x0, 0x0, 0x0, 0x0, 0xc, 0xff, 0xff, 0xe4,
    0x0, 0x0, 0x0, 0x0, 0x0, 0x0, 0x0, 0xc,
    0xff, 0xff, 0xe4, 0x0, 0x0, 0x0, 0x0,

    /* U+0055 "U" */
    0x8c, 0xff, 0xff, 0x44, 0x0, 0x0, 0x0, 0x0,
    0x20, 0xff, 0xff, 0xa8, 0x8c, 0xff, 0xff, 0x44,
    0x0, 0x0, 0x0, 0x0, 0x20, 0xff, 0xff, 0xa8,
    0x8c, 0xff, 0xff, 0x44, 0x0, 0x0, 0x0, 0x0,
    0x20, 0xff, 0xff, 0xa8, 0x8c, 0xff, 0xff, 0x44,
    0x0, 0x0, 0x0, 0x0, 0x20, 0xff, 0xff, 0xa8,
    0x8c, 0xff, 0xff, 0x44, 0x0, 0x0, 0x0, 0x0,
    0x20, 0xff, 0xff, 0xa8, 0x8c, 0xff, 0xff, 0x44,
    0x0, 0x0, 0x0, 0x0, 0x20, 0xff, 0xff, 0xa8,
    0x8c, 0xff, 0xff, 0x44, 0x0, 0x0, 0x0, 0x0,
    0x20, 0xff, 0xff, 0xa8, 0x8c, 0xff, 0xff, 0x44,
    0x0, 0x0, 0x0, 0x0, 0x20, 0xff, 0xff, 0xa8,
    0x8c, 0xff, 0xff, 0x44, 0x0, 0x0, 0x0, 0x0,
    0x20, 0xff, 0xff, 0xa8, 0x8c, 0xff, 0xff, 0x44,
    0x0, 0x0, 0x0, 0x0, 0x20, 0xff, 0xff, 0xa8,
    0x8c, 0xff, 0xff, 0x44, 0x0, 0x0, 0x0, 0x0,
    0x20, 0xff, 0xff, 0xa8, 0x8c, 0xff, 0xff, 0x44,
    0x0, 0x0, 0x0, 0x0, 0x20, 0xff, 0xff, 0xa8,
    0x8c, 0xff, 0xff, 0x44, 0x0, 0x0, 0x0, 0x0,
    0x20, 0xff, 0xff, 0xa8, 0x8c, 0xff, 0xff, 0x44,
    0x0, 0x0, 0x0, 0x0, 0x20, 0xff, 0xff, 0xa8,
    0x87, 0xff, 0xff, 0x49, 0x0, 0x0, 0x0, 0x0,
    0x26, 0xff, 0xff, 0xa3, 0x76, 0xff, 0xff, 0x59,
    0x0, 0x0, 0x0, 0x0, 0x35, 0xff, 0xff, 0x92,
    0x54, 0xff, 0xff, 0x7e, 0x0, 0x0, 0x0, 0x0,
    0x5a, 0xff, 0xff, 0x71, 0x1d, 0xff, 0xff, 0xd3,
    0x5, 0x0, 0x0, 0x0, 0xb4, 0xff, 0xff, 0x3a,
    0x0, 0xbc, 0xff, 0xff, 0xbb, 0x57, 0x52, 0xa4,
    0xff, 0xff, 0xda, 0x2, 0x0, 0x25, 0xea, 0xff,
    0xff, 0xff, 0xff, 0xff, 0xff, 0xf5, 0x3b, 0x0,
    0x0, 0x0, 0x1d, 0x96, 0xdd, 0xfa, 0xfd, 0xe4,
    0xa4, 0x2b, 0x0, 0x0,

    /* U+0056 "V" */
    0x4c, 0xff, 0xff, 0x77, 0x0, 0x0, 0x0, 0x0,
    0x0, 0x3f, 0xff, 0xff, 0x6d, 0x13, 0xff, 0xff,
    0xae, 0x0, 0x0, 0x0, 0x0, 0x0, 0x73, 0xff,
    0xff, 0x32, 0x0, 0xd9, 0xff, 0xe6, 0x0, 0x0,
    0x0, 0x0, 0x0, 0xa7, 0xff, 0xf6, 0x5, 0x0,
    0xa0, 0xff, 0xff, 0x1c, 0x0, 0x0, 0x0, 0x0,
    0xdc, 0xff, 0xc2, 0x0, 0x0, 0x66, 0xff, 0xff,
    0x53, 0x0, 0x0, 0x0, 0x11, 0xff, 0xff, 0x89,
    0x0, 0x0, 0x2d, 0xff, 0xff, 0x8a, 0x0, 0x0,
    0x0, 0x44, 0xff, 0xff, 0x50, 0x0, 0x0, 0x2,
    0xf2, 0xff, 0xc2, 0x0, 0x0, 0x0, 0x79, 0xff,
    0xff, 0x18, 0x0, 0x0, 0x0, 0xbb, 0xff, 0xf4,
    0x3, 0x0, 0x0, 0xae, 0xff, 0xde, 0x0, 0x0,
    0x0, 0x0, 0x81, 0xff, 0xff, 0x30, 0x0, 0x0,
    0xe2, 0xff, 0xa6, 0x0, 0x0, 0x0, 0x0, 0x48,
    0xff, 0xff, 0x66, 0x0, 0x17, 0xff, 0xff, 0x6d,
    0x0, 0x0, 0x0, 0x0, 0x10, 0xfe, 0xff, 0x9e,
    0x0, 0x4b, 0xff, 0xff, 0x34, 0x0, 0x0, 0x0,
    0x0, 0x0, 0xd4, 0xff, 0xd4, 0x0, 0x7f, 0xff,
    0xf6, 0x5, 0x0, 0x0, 0x0, 0x0, 0x0, 0x9c,
    0xff, 0xfe, 0xe, 0xb4, 0xff, 0xc2, 0x0, 0x0,
    0x0, 0x0, 0x0, 0x0, 0x62, 0xff, 0xff, 0x43,
    0xe8, 0xff, 0x8a, 0x0, 0x0, 0x0, 0x0, 0x0,
    0x0, 0x28, 0xff, 0xff, 0x98, 0xff, 0xff, 0x51,
    0x0, 0x0, 0x0, 0x0, 0x0, 0x0, 0x1, 0xef,
    0xff, 0xf3, 0xff, 0xff, 0x18, 0x0, 0x0, 0x0,
    0x0, 0x0, 0x0, 0x0, 0xb6, 0xff, 0xff, 0xff,
    0xe0, 0x0, 0x0, 0x0, 0x0, 0x0, 0x0, 0x0,
    0x0, 0x7d, 0xff, 0xff, 0xff, 0xa6, 0x0, 0x0,
    0x0, 0x0, 0x0, 0x0, 0x0, 0x0, 0x44, 0xff,
    0xff, 0xff, 0x6e, 0x0, 0x0, 0x0, 0x0, 0x0,
    0x0, 0x0, 0x0, 0xd, 0xfd, 0xff, 0xff, 0x35,
    0x0, 0x0, 0x0, 0x0, 0x0, 0x0, 0x0, 0x0,
    0x0, 0xd1, 0xff, 0xf7, 0x5, 0x0, 0x0, 0x0,
    0x0,

    /* U+0057 "W" */
    0x3, 0xf9, 0xff, 0x74, 0x0, 0x0, 0x0, 0x0,
    0xa2, 0xff, 0xa9, 0x0, 0x0, 0x0, 0x0, 0x73,
    0xff, 0xf0, 0x0, 0x0, 0xd2, 0xff, 0x9a, 0x0,
    0x0, 0x0, 0x0, 0xd1, 0xff, 0xda, 0x0, 0x0,
    0x0, 0x0, 0x97, 0xff, 0xc6, 0x0, 0x0, 0xa8,
    0xff, 0xc0, 0x0, 0x0, 0x0, 0x6, 0xfb, 0xff,
    0xfe, 0xc, 0x0, 0x0, 0x0, 0xbe, 0xff, 0x9d,
    0x0, 0x0, 0x7d, 0xff, 0xe6, 0x0, 0x0, 0x0,
    0x32, 0xff, 0xff, 0xff, 0x39, 0x0, 0x0, 0x0,
    0xe2, 0xff, 0x74, 0x0, 0x0, 0x54, 0xff, 0xff,
    0xd, 0x0, 0x0, 0x62, 0xff, 0xff, 0xff, 0x6a,
    0x0, 0x0, 0x9, 0xfe, 0xff, 0x4b, 0x0, 0x0,
    0x2a, 0xff, 0xff, 0x34, 0x0, 0x0, 0x91, 0xff,
    0xf1, 0xff, 0x9a, 0x0, 0x0, 0x2d, 0xff, 0xff,
    0x22, 0x0, 0x0, 0x5, 0xfb, 0xff, 0x5a, 0x0,
    0x0, 0xc1, 0xff, 0x9c, 0xff, 0xca, 0x0, 0x0,
    0x52, 0xff, 0xf6, 0x2, 0x0, 0x0, 0x0, 0xd6,
    0xff, 0x80, 0x0, 0x1, 0xf0, 0xff, 0x39, 0xff,
    0xf7, 0x3, 0x0, 0x77, 0xff, 0xd0, 0x0, 0x0,
    0x0, 0x0, 0xac, 0xff, 0xa6, 0x0, 0x1e, 0xff,
    0xf7, 0x4, 0xde, 0xff, 0x2a, 0x0, 0x9d, 0xff,
    0xa6, 0x0, 0x0, 0x0, 0x0, 0x82, 0xff, 0xcc,
    0x0, 0x4e, 0xff, 0xca, 0x0, 0xaa, 0xff, 0x5a,
    0x0, 0xc1, 0xff, 0x7d, 0x0, 0x0, 0x0, 0x0,
    0x58, 0xff, 0xf3, 0x1, 0x7e, 0xff, 0x9a, 0x0,
    0x7b, 0xff, 0x8a, 0x0, 0xe6, 0xff, 0x54, 0x0,
    0x0, 0x0, 0x0, 0x2e, 0xff, 0xff, 0x1a, 0xaf,
    0xff, 0x6a, 0x0, 0x4a, 0xff, 0xba, 0xc, 0xff,
    0xff, 0x2b, 0x0, 0x0, 0x0, 0x0, 0x7, 0xfd,
    0xff, 0x40, 0xde, 0xff, 0x39, 0x0, 0x1a, 0xff,
    0xea, 0x31, 0xff, 0xfc, 0x6, 0x0, 0x0, 0x0,
    0x0, 0x0, 0xdb, 0xff, 0x75, 0xff, 0xfe, 0xc,
    0x0, 0x0, 0xea, 0xff, 0x70, 0xff, 0xd8, 0x0,
    0x0, 0x0, 0x0, 0x0, 0x0, 0xb0, 0xff, 0xcc,
    0xff, 0xd6, 0x0, 0x0, 0x0, 0xba, 0xff, 0xc7,
    0xff, 0xb0, 0x0, 0x0, 0x0, 0x0, 0x0, 0x0,
    0x88, 0xff, 0xff, 0xff, 0xa6, 0x0, 0x0, 0x0,
    0x8a, 0xff, 0xff, 0xff, 0x86, 0x0, 0x0, 0x0,
    0x0, 0x0, 0x0, 0x5d, 0xff, 0xff, 0xff, 0x76,
    0x0, 0x0, 0x0, 0x5a, 0xff, 0xff, 0xff, 0x5d,
    0x0, 0x0, 0x0, 0x0, 0x0, 0x0, 0x33, 0xff,
    0xff, 0xff, 0x46, 0x0, 0x0, 0x0, 0x2a, 0xff,
    0xff, 0xff, 0x34, 0x0, 0x0, 0x0, 0x0, 0x0,
    0x0, 0xb, 0xfe, 0xff, 0xff, 0x16, 0x0, 0x0,
    0x0, 0x3, 0xf6, 0xff, 0xff, 0xc, 0x0, 0x0,
    0x0, 0x0, 0x0, 0x0, 0x0, 0xdf, 0xff, 0xe6,
    0x0, 0x0, 0x0, 0x0, 0x0, 0xca, 0xff, 0xe2,
    0x0, 0x0, 0x0, 0x0, 0x0, 0x0, 0x0, 0x0,
    0xb5, 0xff, 0xb6, 0x0, 0x0, 0x0, 0x0, 0x0,
    0x9a, 0xff, 0xb8, 0x0, 0x0, 0x0, 0x0,

    /* U+0058 "X" */
    0x5e, 0xff, 0xff, 0x5b, 0x0, 0x0, 0x0, 0x0,
    0x7, 0xeb, 0xff, 0xc6, 0x0, 0x6, 0xe9, 0xff,
    0xca, 0x0, 0x0, 0x0, 0x0, 0x57, 0xff, 0xff,
    0x56, 0x0, 0x0, 0x80, 0xff, 0xff, 0x39, 0x0,
    0x0, 0x0, 0xbb, 0xff, 0xe3, 0x4, 0x0, 0x0,
    0x17, 0xfa, 0xff, 0xa7, 0x0, 0x0, 0x21, 0xfe,
    0xff, 0x7a, 0x0, 0x0, 0x0, 0x0, 0xa2, 0xff,
    0xfb, 0x1b, 0x0, 0x83, 0xff, 0xf7, 0x13, 0x0,
    0x0, 0x0, 0x0, 0x35, 0xff, 0xff, 0x83, 0x3,
    0xe4, 0xff, 0x9c, 0x0, 0x0, 0x0, 0x0, 0x0,
    0x0, 0xc6, 0xff, 0xea, 0x54, 0xff, 0xff, 0x2d,
    0x0, 0x0, 0x0, 0x0, 0x0, 0x0, 0x59, 0xff,
    0xff, 0xee, 0xff, 0xbe, 0x0, 0x0, 0x0, 0x0,
    0x0, 0x0, 0x0, 0x5, 0xe5, 0xff, 0xff, 0xff,
    0x4f, 0x0, 0x0, 0x0, 0x0, 0x0, 0x0, 0x0,
    0x0, 0x7a, 0xff, 0xff, 0xdf, 0x3, 0x0, 0x0,
    0x0, 0x0, 0x0, 0x0, 0x0, 0x0, 0x77, 0xff,
    0xff, 0xb3, 0x0, 0x0, 0x0, 0x0, 0x0, 0x0,
    0x0, 0x0, 0x1, 0xdd, 0xff, 0xff, 0xfc, 0x1e,
    0x0, 0x0, 0x0, 0x0, 0x0, 0x0, 0x0, 0x44,
    0xff, 0xff, 0xff, 0xff, 0x89, 0x0, 0x0, 0x0,
    0x0, 0x0, 0x0, 0x0, 0xaa, 0xff, 0xdf, 0xcc,
    0xff, 0xed, 0xa, 0x0, 0x0, 0x0, 0x0, 0x0,
    0x16, 0xfa, 0xff, 0x80, 0x5b, 0xff, 0xff, 0x66,
    0x0, 0x0, 0x0, 0x0, 0x0, 0x76, 0xff, 0xff,
    0x21, 0x6, 0xe6, 0xff, 0xd3, 0x0, 0x0, 0x0,
    0x0, 0x1, 0xda, 0xff, 0xc0, 0x0, 0x0, 0x7e,
    0xff, 0xff, 0x42, 0x0, 0x0, 0x0, 0x42, 0xff,
    0xff, 0x60, 0x0, 0x0, 0x16, 0xf8, 0xff, 0xb0,
    0x0, 0x0, 0x0, 0xa8, 0xff, 0xf4, 0xc, 0x0,
    0x0, 0x0, 0x9e, 0xff, 0xfd, 0x21, 0x0, 0x15,
    0xf9, 0xff, 0xa0, 0x0, 0x0, 0x0, 0x0, 0x30,
    0xff, 0xff, 0x8b, 0x0, 0x75, 0xff, 0xff, 0x40,
    0x0, 0x0, 0x0, 0x0, 0x0, 0xbf, 0xff, 0xef,
    0xb,

    /* U+0059 "Y" */
    0x84, 0xff, 0xff, 0x35, 0x0, 0x0, 0x0, 0x0,
    0x0, 0xba, 0xff, 0xf8, 0xd, 0x2f, 0xff, 0xff,
    0x86, 0x0, 0x0, 0x0, 0x0, 0xf, 0xfa, 0xff,
    0xb0, 0x0, 0x0, 0xd9, 0xff, 0xd6, 0x0, 0x0,
    0x0, 0x0, 0x59, 0xff, 0xff, 0x5b, 0x0, 0x0,
    0x84, 0xff, 0xff, 0x29, 0x0, 0x0, 0x0, 0xaa,
    0xff, 0xf8, 0xd, 0x0, 0x0, 0x2f, 0xff, 0xff,
    0x7a, 0x0, 0x0, 0x7, 0xf3, 0xff, 0xb1, 0x0,
    0x0, 0x0, 0x0, 0xd9, 0xff, 0xca, 0x0, 0x0,
    0x49, 0xff, 0xff, 0x5c, 0x0, 0x0, 0x0, 0x0,
    0x83, 0xff, 0xff, 0x1c, 0x0, 0x99, 0xff, 0xf9,
    0xe, 0x0, 0x0, 0x0, 0x0, 0x2d, 0xff, 0xff,
    0x6e, 0x2, 0xe8, 0xff, 0xb1, 0x0, 0x0, 0x0,
    0x0, 0x0, 0x0, 0xd8, 0xff, 0xbe, 0x3a, 0xff,
    0xff, 0x5c, 0x0, 0x0, 0x0, 0x0, 0x0, 0x0,
    0x81, 0xff, 0xfc, 0x9e, 0xff, 0xf9, 0xe, 0x0,
    0x0, 0x0, 0x0, 0x0, 0x0, 0x2c, 0xff, 0xff,
    0xff, 0xff, 0xb2, 0x0, 0x0, 0x0, 0x0, 0x0,
    0x0, 0x0, 0x0, 0xd7, 0xff, 0xff, 0xff, 0x5d,
    0x0, 0x0, 0x0, 0x0, 0x0, 0x0, 0x0, 0x0,
    0x80, 0xff, 0xff, 0xf9, 0xf, 0x0, 0x0, 0x0,
    0x0, 0x0, 0x0, 0x0, 0x0, 0x32, 0xff, 0xff,
    0xba, 0x0, 0x0, 0x0, 0x0, 0x0, 0x0, 0x0,
    0x0, 0x0, 0x24, 0xff, 0xff, 0xac, 0x0, 0x0,
    0x0, 0x0, 0x0, 0x0, 0x0, 0x0, 0x0, 0x24,
    0xff, 0xff, 0xac, 0x0, 0x0, 0x0, 0x0, 0x0,
    0x0, 0x0, 0x0, 0x0, 0x24, 0xff, 0xff, 0xac,
    0x0, 0x0, 0x0, 0x0, 0x0, 0x0, 0x0, 0x0,
    0x0, 0x24, 0xff, 0xff, 0xac, 0x0, 0x0, 0x0,
    0x0, 0x0, 0x0, 0x0, 0x0, 0x0, 0x24, 0xff,
    0xff, 0xac, 0x0, 0x0, 0x0, 0x0, 0x0, 0x0,
    0x0, 0x0, 0x0, 0x24, 0xff, 0xff, 0xac, 0x0,
    0x0, 0x0, 0x0, 0x0, 0x0, 0x0, 0x0, 0x0,
    0x24, 0xff, 0xff, 0xac, 0x0, 0x0, 0x0, 0x0,
    0x0,

    /* U+005A "Z" */
    0x0, 0xa0, 0xff, 0xff, 0xff, 0xff, 0xff, 0xff,
    0xff, 0xff, 0x4c, 0x0, 0xa0, 0xff, 0xff, 0xff,
    0xff, 0xff, 0xff, 0xff, 0xff, 0x31, 0x0, 0xd,
    0x14, 0x14, 0x14, 0x14, 0x1e, 0xf6, 0xff, 0xd5,
    0x0, 0x0, 0x0, 0x0, 0x0, 0x0, 0x0, 0x5a,
    0xff, 0xff, 0x78, 0x0, 0x0, 0x0, 0x0, 0x0,
    0x0, 0x0, 0xb8, 0xff, 0xfd, 0x1b, 0x0, 0x0,
    0x0, 0x0, 0x0, 0x0, 0x19, 0xfd, 0xff, 0xba,
    0x0, 0x0, 0x0, 0x0, 0x0, 0x0, 0x0, 0x74,
    0xff, 0xff, 0x5c, 0x0, 0x0, 0x0, 0x0, 0x0,
    0x0, 0x0, 0xd2, 0xff, 0xf2, 0xa, 0x0, 0x0,
    0x0, 0x0, 0x0, 0x0, 0x30, 0xff, 0xff, 0x9d,
    0x0, 0x0, 0x0, 0x0, 0x0, 0x0, 0x0, 0x8e,
    0xff, 0xff, 0x40, 0x0, 0x0, 0x0, 0x0, 0x0,
    0x0, 0x4, 0xe8, 0xff, 0xdf, 0x1, 0x0, 0x0,
    0x0, 0x0, 0x0, 0x0, 0x4b, 0xff, 0xff, 0x82,
    0x0, 0x0, 0x0, 0x0, 0x0, 0x0, 0x0, 0xa8,
    0xff, 0xff, 0x25, 0x0, 0x0, 0x0, 0x0, 0x0,
    0x0, 0xf, 0xf7, 0xff, 0xc4, 0x0, 0x0, 0x0,
    0x0, 0x0, 0x0, 0x0, 0x64, 0xff, 0xff, 0x67,
    0x0, 0x0, 0x0, 0x0, 0x0, 0x0, 0x0, 0xc3,
    0xff, 0xf8, 0x10, 0x0, 0x0, 0x0, 0x0, 0x0,
    0x0, 0x21, 0xff, 0xff, 0xa9, 0x0, 0x0, 0x0,
    0x0, 0x0, 0x0, 0x0, 0x7f, 0xff, 0xff, 0x4b,
    0x0, 0x0, 0x0, 0x0, 0x0, 0x0, 0x0, 0xdb,
    0xff, 0xed, 0x18, 0x14, 0x14, 0x14, 0x14, 0x14,
    0x6, 0x4, 0xff, 0xff, 0xff, 0xff, 0xff, 0xff,
    0xff, 0xff, 0xff, 0x4c, 0x4, 0xff, 0xff, 0xff,
    0xff, 0xff, 0xff, 0xff, 0xff, 0xff, 0x4c,

    /* U+005B "[" */
    0x5c, 0xff, 0xff, 0xff, 0xff, 0xff, 0x5c, 0x5c,
    0xff, 0xff, 0xa8, 0x68, 0x68, 0x25, 0x5c, 0xff,
    0xff, 0x6c, 0x0, 0x0, 0x0, 0x5c, 0xff, 0xff,
    0x6c, 0x0, 0x0, 0x0, 0x5c, 0xff, 0xff, 0x6c,
    0x0, 0x0, 0x0, 0x5c, 0xff, 0xff, 0x6c, 0x0,
    0x0, 0x0, 0x5c, 0xff, 0xff, 0x6c, 0x0, 0x0,
    0x0, 0x5c, 0xff, 0xff, 0x6c, 0x0, 0x0, 0x0,
    0x5c, 0xff, 0xff, 0x6c, 0x0, 0x0, 0x0, 0x5c,
    0xff, 0xff, 0x6c, 0x0, 0x0, 0x0, 0x5c, 0xff,
    0xff, 0x6c, 0x0, 0x0, 0x0, 0x5c, 0xff, 0xff,
    0x6c, 0x0, 0x0, 0x0, 0x5c, 0xff, 0xff, 0x6c,
    0x0, 0x0, 0x0, 0x5c, 0xff, 0xff, 0x6c, 0x0,
    0x0, 0x0, 0x5c, 0xff, 0xff, 0x6c, 0x0, 0x0,
    0x0, 0x5c, 0xff, 0xff, 0x6c, 0x0, 0x0, 0x0,
    0x5c, 0xff, 0xff, 0x6c, 0x0, 0x0, 0x0, 0x5c,
    0xff, 0xff, 0x6c, 0x0, 0x0, 0x0, 0x5c, 0xff,
    0xff, 0x6c, 0x0, 0x0, 0x0, 0x5c, 0xff, 0xff,
    0x6c, 0x0, 0x0, 0x0, 0x5c, 0xff, 0xff, 0x6c,
    0x0, 0x0, 0x0, 0x5c, 0xff, 0xff, 0x6c, 0x0,
    0x0, 0x0, 0x5c, 0xff, 0xff, 0x6c, 0x0, 0x0,
    0x0, 0x5c, 0xff, 0xff, 0xa8, 0x68, 0x68, 0x25,
    0x5c, 0xff, 0xff, 0xff, 0xff, 0xff, 0x5c,

    /* U+005C "\\" */
    0x1e, 0xff, 0xff, 0x46, 0x0, 0x0, 0x0, 0x0,
    0x0, 0x0, 0xd8, 0xff, 0x8d, 0x0, 0x0, 0x0,
    0x0, 0x0, 0x0, 0x93, 0xff, 0xd2, 0x0, 0x0,
    0x0, 0x0, 0x0, 0x0, 0x4e, 0xff, 0xff, 0x18,
    0x0, 0x0, 0x0, 0x0, 0x0, 0xe, 0xfc, 0xff,
    0x5d, 0x0, 0x0, 0x0, 0x0, 0x0, 0x0, 0xc3,
    0xff, 0xa2, 0x0, 0x0, 0x0, 0x0, 0x0, 0x0,
    0x7f, 0xff, 0xe7, 0x1, 0x0, 0x0, 0x0, 0x0,
    0x0, 0x3a, 0xff, 0xff, 0x2e, 0x0, 0x0, 0x0,
    0x0, 0x0, 0x4, 0xf1, 0xff, 0x73, 0x0, 0x0,
    0x0, 0x0, 0x0, 0x0, 0xaf, 0xff, 0xba, 0x0,
    0x0, 0x0, 0x0, 0x0, 0x0, 0x6a, 0xff, 0xf6,
    0x8, 0x0, 0x0, 0x0, 0x0, 0x0, 0x24, 0xff,
    0xff, 0x43, 0x0, 0x0, 0x0, 0x0, 0x0, 0x0,
    0xe0, 0xff, 0x89, 0x0, 0x0, 0x0, 0x0, 0x0,
    0x0, 0x9c, 0xff, 0xcf, 0x0, 0x0, 0x0, 0x0,
    0x0, 0x0, 0x56, 0xff, 0xfe, 0x16, 0x0, 0x0,
    0x0, 0x0, 0x0, 0x13, 0xfe, 0xff, 0x59, 0x0,
    0x0, 0x0, 0x0, 0x0, 0x0, 0xcb, 0xff, 0x9f,
    0x0, 0x0, 0x0, 0x0, 0x0, 0x0, 0x86, 0xff,
    0xe4, 0x0, 0x0, 0x0, 0x0, 0x0, 0x0, 0x41,
    0xff, 0xff, 0x2a, 0x0, 0x0, 0x0, 0x0, 0x0,
    0x6, 0xf5, 0xff, 0x6f, 0x0, 0x0, 0x0, 0x0,
    0x0, 0x0, 0xb6, 0xff, 0xb5,

    /* U+005D "]" */
    0x54, 0xff, 0xff, 0xff, 0xff, 0xff, 0x6c, 0x25,
    0x70, 0x70, 0xa8, 0xff, 0xff, 0x6c, 0x0, 0x0,
    0x0, 0x64, 0xff, 0xff, 0x6c, 0x0, 0x0, 0x0,
    0x64, 0xff, 0xff, 0x6c, 0x0, 0x0, 0x0, 0x64,
    0xff, 0xff, 0x6c, 0x0, 0x0, 0x0, 0x64, 0xff,
    0xff, 0x6c, 0x0, 0x0, 0x0, 0x64, 0xff, 0xff,
    0x6c, 0x0, 0x0, 0x0, 0x64, 0xff, 0xff, 0x6c,
    0x0, 0x0, 0x0, 0x64, 0xff, 0xff, 0x6c, 0x0,
    0x0, 0x0, 0x64, 0xff, 0xff, 0x6c, 0x0, 0x0,
    0x0, 0x64, 0xff, 0xff, 0x6c, 0x0, 0x0, 0x0,
    0x64, 0xff, 0xff, 0x6c, 0x0, 0x0, 0x0, 0x64,
    0xff, 0xff, 0x6c, 0x0, 0x0, 0x0, 0x64, 0xff,
    0xff, 0x6c, 0x0, 0x0, 0x0, 0x64, 0xff, 0xff,
    0x6c, 0x0, 0x0, 0x0, 0x64, 0xff, 0xff, 0x6c,
    0x0, 0x0, 0x0, 0x64, 0xff, 0xff, 0x6c, 0x0,
    0x0, 0x0, 0x64, 0xff, 0xff, 0x6c, 0x0, 0x0,
    0x0, 0x64, 0xff, 0xff, 0x6c, 0x0, 0x0, 0x0,
    0x64, 0xff, 0xff, 0x6c, 0x0, 0x0, 0x0, 0x64,
    0xff, 0xff, 0x6c, 0x0, 0x0, 0x0, 0x64, 0xff,
    0xff, 0x6c, 0x0, 0x0, 0x0, 0x64, 0xff, 0xff,
    0x6c, 0x22, 0x68, 0x68, 0xa3, 0xff, 0xff, 0x6c,
    0x54, 0xff, 0xff, 0xff, 0xff, 0xff, 0x6c,

    /* U+005E "^" */
    0x0, 0x0, 0x0, 0x0, 0x5d, 0x80, 0x80, 0x23,
    0x0, 0x0, 0x0, 0x0, 0x0, 0x0, 0x12, 0xf7,
    0xff, 0xff, 0x94, 0x0, 0x0, 0x0, 0x0, 0x0,
    0x0, 0x72, 0xff, 0xf3, 0xff, 0xf2, 0xc, 0x0,
    0x0, 0x0, 0x0, 0x1, 0xd9, 0xff, 0x76, 0xe9,
    0xff, 0x67, 0x0, 0x0, 0x0, 0x0, 0x44, 0xff,
    0xfe, 0x1c, 0x92, 0xff, 0xcf, 0x0, 0x0, 0x0,
    0x0, 0xad, 0xff, 0xbf, 0x0, 0x37, 0xff, 0xff,
    0x39, 0x0, 0x0, 0x1a, 0xfc, 0xff, 0x66, 0x0,
    0x1, 0xdd, 0xff, 0xa1, 0x0, 0x0, 0x7f, 0xff,
    0xf9, 0x12, 0x0, 0x0, 0x83, 0xff, 0xf8, 0x13,
    0x4, 0xe4, 0xff, 0xb1, 0x0, 0x0, 0x0, 0x2a,
    0xff, 0xff, 0x74,

    /* U+005F "_" */
    0x14, 0x14, 0x14, 0x14, 0x14, 0x14, 0x14, 0x14,
    0x13, 0xff, 0xff, 0xff, 0xff, 0xff, 0xff, 0xff,
    0xff, 0xf0, 0xff, 0xff, 0xff, 0xff, 0xff, 0xff,
    0xff, 0xff, 0xf0,

    /* U+0060 "`" */
    0x3b, 0xff, 0xff, 0x6a, 0x0, 0x0, 0xa9, 0xff,
    0xb6, 0x0, 0x0, 0x1f, 0xf7, 0xf7, 0xb, 0x0,
    0x0, 0x84, 0xff, 0x4e, 0x0, 0x0, 0xc, 0xe6,
    0x9a,

    /* U+0061 "a" */
    0x0, 0x0, 0x54, 0xc5, 0xf5, 0xfd, 0xdf, 0x87,
    0x7, 0x0, 0x0, 0x60, 0xff, 0xff, 0xff, 0xff,
    0xff, 0xff, 0x9b, 0x0, 0x1, 0xe3, 0xff, 0xe3,
    0x2d, 0x1f, 0xd1, 0xff, 0xfc, 0x14, 0x25, 0xff,
    0xff, 0x8b, 0x0, 0x0, 0x7e, 0xff, 0xff, 0x47,
    0x33, 0xcc, 0xcc, 0x63, 0x0, 0x0, 0x6d, 0xff,
    0xff, 0x5a, 0x0, 0x0, 0x0, 0x0, 0x0, 0x2,
    0x88, 0xff, 0xff, 0x5c, 0x0, 0x0, 0x0, 0xe,
    0x73, 0xde, 0xff, 0xff, 0xff, 0x5c, 0x0, 0x0,
    0x50, 0xe9, 0xff, 0xe6, 0xb4, 0xff, 0xff, 0x5c,
    0x0, 0x54, 0xfe, 0xff, 0xab, 0xe, 0x6c, 0xff,
    0xff, 0x5c, 0x7, 0xe8, 0xff, 0xca, 0x3, 0x0,
    0x6c, 0xff, 0xff, 0x5c, 0x3c, 0xff, 0xff, 0x78,
    0x0, 0x0, 0x6c, 0xff, 0xff, 0x5c, 0x55, 0xff,
    0xff, 0x88, 0x0, 0x0, 0x8e, 0xff, 0xff, 0x5d,
    0x37, 0xff, 0xff, 0xee, 0x6d, 0x99, 0xf6, 0xff,
    0xff, 0x64, 0x1, 0xc9, 0xff, 0xff, 0xff, 0xff,
    0x72, 0xff, 0xff, 0x74, 0x0, 0x19, 0xb8, 0xfa,
    0xe2, 0x63, 0x7, 0xfb, 0xff, 0x90,

    /* U+0062 "b" */
    0x8c, 0xff, 0xff, 0x3c, 0x0, 0x0, 0x0, 0x0,
    0x0, 0x0, 0x8c, 0xff, 0xff, 0x3c, 0x0, 0x0,
    0x0, 0x0, 0x0, 0x0, 0x8c, 0xff, 0xff, 0x3c,
    0x0, 0x0, 0x0, 0x0, 0x0, 0x0, 0x8c, 0xff,
    0xff, 0x3c, 0x0, 0x0, 0x0, 0x0, 0x0, 0x0,
    0x8c, 0xff, 0xff, 0x3c, 0x0, 0x0, 0x0, 0x0,
    0x0, 0x0, 0x8c, 0xff, 0xff, 0x3c, 0x0, 0x0,
    0x0, 0x0, 0x0, 0x0, 0x8c, 0xff, 0xff, 0x4a,
    0x9a, 0xf1, 0xf6, 0xa9, 0xf, 0x0, 0x8c, 0xff,
    0xff, 0xec, 0xff, 0xff, 0xff, 0xff, 0xaa, 0x0,
    0x8c, 0xff, 0xff, 0xbc, 0x44, 0x3a, 0xdd, 0xff,
    0xfe, 0x18, 0x8c, 0xff, 0xff, 0x3c, 0x0, 0x0,
    0x74, 0xff, 0xff, 0x54, 0x8c, 0xff, 0xff, 0x3c,
    0x0, 0x0, 0x53, 0xff, 0xff, 0x74, 0x8c, 0xff,
    0xff, 0x3c, 0x0, 0x0, 0x49, 0xff, 0xff, 0x7f,
    0x8c, 0xff, 0xff, 0x3c, 0x0, 0x0, 0x48, 0xff,
    0xff, 0x80, 0x8c, 0xff, 0xff, 0x3c, 0x0, 0x0,
    0x48, 0xff, 0xff, 0x80, 0x8c, 0xff, 0xff, 0x3c,
    0x0, 0x0, 0x48, 0xff, 0xff, 0x80, 0x8c, 0xff,
    0xff, 0x3c, 0x0, 0x0, 0x4a, 0xff, 0xff, 0x7c,
    0x8c, 0xff, 0xff, 0x3c, 0x0, 0x0, 0x56, 0xff,
    0xff, 0x6b, 0x8c, 0xff, 0xff, 0x3c, 0x0, 0x0,
    0x75, 0xff, 0xff, 0x46, 0x8c, 0xff, 0xff, 0xaf,
    0x40, 0x38, 0xda, 0xff, 0xf6, 0xc, 0x8c, 0xff,
    0xff, 0xf5, 0xff, 0xff, 0xff, 0xff, 0x8b, 0x0,
    0x8c, 0xff, 0xff, 0x52, 0xa9, 0xf8, 0xeb, 0x90,
    0x5, 0x0,

    /* U+0063 "c" */
    0x0, 0x26, 0xae, 0xec, 0xfe, 0xef, 0xb5, 0x2e,
    0x0, 0x14, 0xe9, 0xff, 0xff, 0xff, 0xff, 0xff,
    0xed, 0x13, 0x78, 0xff, 0xff, 0x6d, 0x9, 0x5e,
    0xff, 0xff, 0x65, 0xb2, 0xff, 0xfc, 0x6, 0x0,
    0x1, 0xf7, 0xff, 0x8f, 0xd1, 0xff, 0xec, 0x0,
    0x0, 0x0, 0xe9, 0xff, 0x9f, 0xde, 0xff, 0xe8,
    0x0, 0x0, 0x0, 0x6d, 0x78, 0x4b, 0xe0, 0xff,
    0xe8, 0x0, 0x0, 0x0, 0x0, 0x0, 0x0, 0xe0,
    0xff, 0xe8, 0x0, 0x0, 0x0, 0x0, 0x0, 0x0,
    0xe0, 0xff, 0xe8, 0x0, 0x0, 0x0, 0x0, 0x0,
    0x0, 0xde, 0xff, 0xe8, 0x0, 0x0, 0x0, 0xa7,
    0xb8, 0x73, 0xd1, 0xff, 0xeb, 0x0, 0x0, 0x0,
    0xe9, 0xff, 0x9e, 0xb2, 0xff, 0xfd, 0x8, 0x0,
    0x1, 0xf7, 0xff, 0x8c, 0x78, 0xff, 0xff, 0x76,
    0x9, 0x5b, 0xff, 0xff, 0x5b, 0x14, 0xe9, 0xff,
    0xff, 0xff, 0xff, 0xff, 0xe3, 0xb, 0x0, 0x25,
    0xac, 0xec, 0xfe, 0xed, 0xae, 0x24, 0x0,

    /* U+0064 "d" */
    0x0, 0x0, 0x0, 0x0, 0x0, 0x0, 0xb0, 0xff,
    0xff, 0x18, 0x0, 0x0, 0x0, 0x0, 0x0, 0x0,
    0xb0, 0xff, 0xff, 0x18, 0x0, 0x0, 0x0, 0x0,
    0x0, 0x0, 0xb0, 0xff, 0xff, 0x18, 0x0, 0x0,
    0x0, 0x0, 0x0, 0x0, 0xb0, 0xff, 0xff, 0x18,
    0x0, 0x0, 0x0, 0x0, 0x0, 0x0, 0xb0, 0xff,
    0xff, 0x18, 0x0, 0x0, 0x0, 0x0, 0x0, 0x0,
    0xb0, 0xff, 0xff, 0x18, 0x0, 0x32, 0xc5, 0xfa,
    0xe8, 0x78, 0xb2, 0xff, 0xff, 0x18, 0xf, 0xe9,
    0xff, 0xff, 0xff, 0xff, 0xfc, 0xff, 0xff, 0x18,
    0x6b, 0xff, 0xff, 0xa6, 0x30, 0x60, 0xe8, 0xff,
    0xff, 0x18, 0xa8, 0xff, 0xff, 0x1d, 0x0, 0x0,
    0xb0, 0xff, 0xff, 0x18, 0xca, 0xff, 0xf2, 0x0,
    0x0, 0x0, 0xb0, 0xff, 0xff, 0x18, 0xdc, 0xff,
    0xe8, 0x0, 0x0, 0x0, 0xb0, 0xff, 0xff, 0x18,
    0xe0, 0xff, 0xe8, 0x0, 0x0, 0x0, 0xb0, 0xff,
    0xff, 0x18, 0xe0, 0xff, 0xe8, 0x0, 0x0, 0x0,
    0xb0, 0xff, 0xff, 0x18, 0xe0, 0xff, 0xe8, 0x0,
    0x0, 0x0, 0xb0, 0xff, 0xff, 0x18, 0xde, 0xff,
    0xea, 0x0, 0x0, 0x0, 0xb0, 0xff, 0xff, 0x18,
    0xd1, 0xff, 0xf7, 0x0, 0x0, 0x0, 0xb0, 0xff,
    0xff, 0x18, 0xb1, 0xff, 0xff, 0x1e, 0x0, 0x0,
    0xb0, 0xff, 0xff, 0x18, 0x77, 0xff, 0xff, 0xa9,
    0x2f, 0x56, 0xe2, 0xff, 0xff, 0x18, 0x16, 0xee,
    0xff, 0xff, 0xff, 0xff, 0xfd, 0xff, 0xff, 0x18,
    0x0, 0x31, 0xc2, 0xf9, 0xeb, 0x7d, 0xb2, 0xff,
    0xff, 0x18,

    /* U+0065 "e" */
    0x0, 0x1f, 0xa5, 0xea, 0xfd, 0xf0, 0xb7, 0x2d,
    0x0, 0xf, 0xe3, 0xff, 0xff, 0xff, 0xff, 0xff,
    0xea, 0x13, 0x71, 0xff, 0xff, 0x6b, 0x9, 0x5e,
    0xff, 0xff, 0x70, 0xb1, 0xff, 0xfc, 0x5, 0x0,
    0x2, 0xf8, 0xff, 0xa6, 0xd1, 0xff, 0xeb, 0x0,
    0x0, 0x0, 0xe9, 0xff, 0xc2, 0xde, 0xff, 0xeb,
    0x24, 0x24, 0x24, 0xeb, 0xff, 0xd0, 0xe0, 0xff,
    0xff, 0xff, 0xff, 0xff, 0xff, 0xff, 0xd4, 0xe0,
    0xff, 0xf0, 0x54, 0x54, 0x54, 0x54, 0x54, 0x46,
    0xe0, 0xff, 0xe8, 0x0, 0x0, 0x0, 0x0, 0x0,
    0x0, 0xde, 0xff, 0xe8, 0x0, 0x0, 0x0, 0x62,
    0x6c, 0x56, 0xd1, 0xff, 0xe9, 0x0, 0x0, 0x0,
    0xe9, 0xff, 0xc6, 0xaf, 0xff, 0xfa, 0x6, 0x0,
    0x3, 0xfa, 0xff, 0xad, 0x71, 0xff, 0xff, 0x7b,
    0x9, 0x63, 0xff, 0xff, 0x6f, 0xf, 0xe3, 0xff,
    0xff, 0xff, 0xff, 0xff, 0xe4, 0xd, 0x0, 0x20,
    0xa8, 0xea, 0xfd, 0xef, 0xad, 0x23, 0x0,

    /* U+0066 "f" */
    0x0, 0x0, 0x0, 0x7c, 0xe5, 0xfe, 0xf3, 0x4f,
    0x0, 0x0, 0x4e, 0xff, 0xff, 0xff, 0xff, 0x5c,
    0x0, 0x0, 0x96, 0xff, 0xff, 0x6a, 0x11, 0xd,
    0x0, 0x0, 0xb2, 0xff, 0xff, 0x16, 0x0, 0x0,
    0x0, 0x0, 0xb8, 0xff, 0xff, 0x10, 0x0, 0x0,
    0x80, 0xff, 0xff, 0xff, 0xff, 0xff, 0xff, 0x5c,
    0x80, 0xff, 0xff, 0xff, 0xff, 0xff, 0xff, 0x5c,
    0x2, 0x4, 0xb9, 0xff, 0xff, 0x14, 0x4, 0x1,
    0x0, 0x0, 0xb8, 0xff, 0xff, 0x10, 0x0, 0x0,
    0x0, 0x0, 0xb8, 0xff, 0xff, 0x10, 0x0, 0x0,
    0x0, 0x0, 0xb8, 0xff, 0xff, 0x10, 0x0, 0x0,
    0x0, 0x0, 0xb8, 0xff, 0xff, 0x10, 0x0, 0x0,
    0x0, 0x0, 0xb8, 0xff, 0xff, 0x10, 0x0, 0x0,
    0x0, 0x0, 0xb8, 0xff, 0xff, 0x10, 0x0, 0x0,
    0x0, 0x0, 0xb8, 0xff, 0xff, 0x10, 0x0, 0x0,
    0x0, 0x0, 0xb8, 0xff, 0xff, 0x10, 0x0, 0x0,
    0x0, 0x0, 0xb8, 0xff, 0xff, 0x10, 0x0, 0x0,
    0x0, 0x0, 0xb8, 0xff, 0xff, 0x10, 0x0, 0x0,
    0x0, 0x0, 0xb8, 0xff, 0xff, 0x10, 0x0, 0x0,
    0x0, 0x0, 0xb8, 0xff, 0xff, 0x10, 0x0, 0x0,

    /* U+0067 "g" */
    0x0, 0x0, 0x0, 0x0, 0x0, 0x0, 0x0, 0x0,
    0x0, 0x0, 0x3, 0x2, 0x0, 0x0, 0x17, 0x9c,
    0xe9, 0xfc, 0xe4, 0x89, 0x7, 0x3d, 0xd6, 0x4e,
    0x0, 0xd, 0xdb, 0xff, 0xff, 0xf7, 0xff, 0xff,
    0xcf, 0xfc, 0xfb, 0x82, 0x0, 0x76, 0xff, 0xff,
    0x45, 0x0, 0x52, 0xff, 0xff, 0x9c, 0x13, 0x0,
    0x0, 0xbc, 0xff, 0xd3, 0x0, 0x0, 0x0, 0xe6,
    0xff, 0x8d, 0x0, 0x0, 0x0, 0xda, 0xff, 0xbc,
    0x0, 0x0, 0x0, 0xd0, 0xff, 0xb0, 0x0, 0x0,
    0x0, 0xda, 0xff, 0xbc, 0x0, 0x0, 0x0, 0xd0,
    0xff, 0xb4, 0x0, 0x0, 0x0, 0xba, 0xff, 0xd9,
    0x0, 0x0, 0x0, 0xe7, 0xff, 0x99, 0x0, 0x0,
    0x0, 0x6f, 0xff, 0xff, 0x59, 0x7, 0x5c, 0xff,
    0xff, 0x59, 0x0, 0x0, 0x0, 0xb, 0xd6, 0xff,
    0xff, 0xff, 0xff, 0xff, 0xd3, 0x6, 0x0, 0x0,
    0x0, 0x1, 0x9a, 0xf7, 0xe1, 0xf6, 0xe1, 0x9a,
    0x15, 0x0, 0x0, 0x0, 0x0, 0x72, 0xff, 0x8e,
    0x0, 0x0, 0x0, 0x0, 0x0, 0x0, 0x0, 0x0,
    0x0, 0xca, 0xff, 0xdd, 0x81, 0x67, 0x50, 0x36,
    0x9, 0x0, 0x0, 0x0, 0x0, 0x97, 0xff, 0xff,
    0xff, 0xff, 0xff, 0xff, 0xf4, 0x7b, 0x0, 0x0,
    0x0, 0xb, 0xcb, 0xf9, 0xb4, 0xcc, 0xe9, 0xff,
    0xff, 0xff, 0x55, 0x0, 0x7, 0xc4, 0xff, 0x56,
    0x0, 0x0, 0x0, 0x1b, 0xc8, 0xff, 0xa3, 0x0,
    0x5f, 0xff, 0xf9, 0x2, 0x0, 0x0, 0x0, 0x0,
    0x85, 0xff, 0xb3, 0x0, 0x73, 0xff, 0xff, 0xa2,
    0x4e, 0x3d, 0x47, 0x79, 0xf1, 0xff, 0x85, 0x0,
    0x22, 0xef, 0xff, 0xff, 0xff, 0xff, 0xff, 0xff,
    0xff, 0xdf, 0x16, 0x0, 0x0, 0x20, 0x94, 0xd6,
    0xf6, 0xff, 0xf3, 0xcd, 0x84, 0x12, 0x0, 0x0,

    /* U+0068 "h" */
    0x84, 0xff, 0xff, 0x44, 0x0, 0x0, 0x0, 0x0,
    0x0, 0x0, 0x84, 0xff, 0xff, 0x44, 0x0, 0x0,
    0x0, 0x0, 0x0, 0x0, 0x84, 0xff, 0xff, 0x44,
    0x0, 0x0, 0x0, 0x0, 0x0, 0x0, 0x84, 0xff,
    0xff, 0x44, 0x0, 0x0, 0x0, 0x0, 0x0, 0x0,
    0x84, 0xff, 0xff, 0x44, 0x0, 0x0, 0x0, 0x0,
    0x0, 0x0, 0x84, 0xff, 0xff, 0x44, 0x0, 0x0,
    0x0, 0x0, 0x0, 0x0, 0x84, 0xff, 0xff, 0x44,
    0x34, 0xb7, 0xf4, 0xf1, 0x65, 0x0, 0x84, 0xff,
    0xff, 0xae, 0xfd, 0xff, 0xff, 0xff, 0xf7, 0xc,
    0x84, 0xff, 0xff, 0xe0, 0x59, 0x32, 0xd4, 0xff,
    0xff, 0x38, 0x84, 0xff, 0xff, 0x47, 0x0, 0x0,
    0x8b, 0xff, 0xff, 0x44, 0x84, 0xff, 0xff, 0x44,
    0x0, 0x0, 0x84, 0xff, 0xff, 0x44, 0x84, 0xff,
    0xff, 0x44, 0x0, 0x0, 0x84, 0xff, 0xff, 0x44,
    0x84, 0xff, 0xff, 0x44, 0x0, 0x0, 0x84, 0xff,
    0xff, 0x44, 0x84, 0xff, 0xff, 0x44, 0x0, 0x0,
    0x84, 0xff, 0xff, 0x44, 0x84, 0xff, 0xff, 0x44,
    0x0, 0x0, 0x84, 0xff, 0xff, 0x44, 0x84, 0xff,
    0xff, 0x44, 0x0, 0x0, 0x84, 0xff, 0xff, 0x44,
    0x84, 0xff, 0xff, 0x44, 0x0, 0x0, 0x84, 0xff,
    0xff, 0x44, 0x84, 0xff, 0xff, 0x44, 0x0, 0x0,
    0x84, 0xff, 0xff, 0x44, 0x84, 0xff, 0xff, 0x44,
    0x0, 0x0, 0x84, 0xff, 0xff, 0x44, 0x84, 0xff,
    0xff, 0x44, 0x0, 0x0, 0x84, 0xff, 0xff, 0x44,
    0x84, 0xff, 0xff, 0x44, 0x0, 0x0, 0x84, 0xff,
    0xff, 0x44,

    /* U+0069 "i" */
    0x68, 0xff, 0xff, 0x60, 0x68, 0xff, 0xff, 0x60,
    0x59, 0xdc, 0xdc, 0x53, 0x0, 0x0, 0x0, 0x0,
    0x0, 0x0, 0x0, 0x0, 0x68, 0xff, 0xff, 0x60,
    0x68, 0xff, 0xff, 0x60, 0x68, 0xff, 0xff, 0x60,
    0x68, 0xff, 0xff, 0x60, 0x68, 0xff, 0xff, 0x60,
    0x68, 0xff, 0xff, 0x60, 0x68, 0xff, 0xff, 0x60,
    0x68, 0xff, 0xff, 0x60, 0x68, 0xff, 0xff, 0x60,
    0x68, 0xff, 0xff, 0x60, 0x68, 0xff, 0xff, 0x60,
    0x68, 0xff, 0xff, 0x60, 0x68, 0xff, 0xff, 0x60,
    0x68, 0xff, 0xff, 0x60, 0x68, 0xff, 0xff, 0x60,

    /* U+006A "j" */
    0x0, 0x0, 0x34, 0xff, 0xff, 0x9c, 0x0, 0x0,
    0x34, 0xff, 0xff, 0x9c, 0x0, 0x0, 0x2d, 0xdc,
    0xdc, 0x86, 0x0, 0x0, 0x0, 0x0, 0x0, 0x0,
    0x0, 0x0, 0x0, 0x0, 0x0, 0x0, 0x0, 0x0,
    0x34, 0xff, 0xff, 0x94, 0x0, 0x0, 0x34, 0xff,
    0xff, 0x94, 0x0, 0x0, 0x34, 0xff, 0xff, 0x94,
    0x0, 0x0, 0x34, 0xff, 0xff, 0x94, 0x0, 0x0,
    0x34, 0xff, 0xff, 0x94, 0x0, 0x0, 0x34, 0xff,
    0xff, 0x94, 0x0, 0x0, 0x34, 0xff, 0xff, 0x94,
    0x0, 0x0, 0x34, 0xff, 0xff, 0x94, 0x0, 0x0,
    0x34, 0xff, 0xff, 0x94, 0x0, 0x0, 0x34, 0xff,
    0xff, 0x94, 0x0, 0x0, 0x34, 0xff, 0xff, 0x94,
    0x0, 0x0, 0x34, 0xff, 0xff, 0x94, 0x0, 0x0,
    0x34, 0xff, 0xff, 0x94, 0x0, 0x0, 0x34, 0xff,
    0xff, 0x94, 0x0, 0x0, 0x3b, 0xff, 0xff, 0x93,
    0x6, 0xa, 0x9a, 0xff, 0xff, 0x79, 0x80, 0xff,
    0xff, 0xff, 0xf7, 0x24, 0x7b, 0xff, 0xff, 0xd0,
    0x40, 0x0, 0x0, 0xe, 0x9, 0x0, 0x0, 0x0,

    /* U+006B "k" */
    0x8c, 0xff, 0xff, 0x3c, 0x0, 0x0, 0x0, 0x0,
    0x0, 0x0, 0x0, 0x8c, 0xff, 0xff, 0x3c, 0x0,
    0x0, 0x0, 0x0, 0x0, 0x0, 0x0, 0x8c, 0xff,
    0xff, 0x3c, 0x0, 0x0, 0x0, 0x0, 0x0, 0x0,
    0x0, 0x8c, 0xff, 0xff, 0x3c, 0x0, 0x0, 0x0,
    0x0, 0x0, 0x0, 0x0, 0x8c, 0xff, 0xff, 0x3c,
    0x0, 0x0, 0x0, 0x0, 0x0, 0x0, 0x0, 0x8c,
    0xff, 0xff, 0x3c, 0x0, 0x0, 0x0, 0x0, 0x0,
    0x0, 0x0, 0x8c, 0xff, 0xff, 0x3c, 0x0, 0x0,
    0x16, 0xee, 0xff, 0xde, 0x9, 0x8c, 0xff, 0xff,
    0x3c, 0x0, 0x0, 0xa4, 0xff, 0xff, 0x4d, 0x0,
    0x8c, 0xff, 0xff, 0x3c, 0x0, 0x45, 0xff, 0xff,
    0xb2, 0x0, 0x0, 0x8c, 0xff, 0xff, 0x3c, 0x9,
    0xdc, 0xff, 0xf7, 0x21, 0x0, 0x0, 0x8c, 0xff,
    0xff, 0x3c, 0x85, 0xff, 0xff, 0x7e, 0x0, 0x0,
    0x0, 0x8c, 0xff, 0xff, 0x69, 0xfb, 0xff, 0xde,
    0x7, 0x0, 0x0, 0x0, 0x8c, 0xff, 0xff, 0xed,
    0xff, 0xff, 0xe6, 0x3, 0x0, 0x0, 0x0, 0x8c,
    0xff, 0xff, 0xff, 0xc3, 0xff, 0xff, 0x49, 0x0,
    0x0, 0x0, 0x8c, 0xff, 0xff, 0xba, 0x14, 0xfa,
    0xff, 0xac, 0x0, 0x0, 0x0, 0x8c, 0xff, 0xff,
    0x41, 0x0, 0xb0, 0xff, 0xf9, 0x13, 0x0, 0x0,
    0x8c, 0xff, 0xff, 0x3c, 0x0, 0x54, 0xff, 0xff,
    0x6c, 0x0, 0x0, 0x8c, 0xff, 0xff, 0x3c, 0x0,
    0x7, 0xef, 0xff, 0xcc, 0x0, 0x0, 0x8c, 0xff,
    0xff, 0x3c, 0x0, 0x0, 0x99, 0xff, 0xff, 0x2c,
    0x0, 0x8c, 0xff, 0xff, 0x3c, 0x0, 0x0, 0x3c,
    0xff, 0xff, 0x8c, 0x0, 0x8c, 0xff, 0xff, 0x3c,
    0x0, 0x0, 0x1, 0xde, 0xff, 0xe8, 0x4,

    /* U+006C "l" */
    0x58, 0xff, 0xff, 0x74, 0x58, 0xff, 0xff, 0x74,
    0x58, 0xff, 0xff, 0x74, 0x58, 0xff, 0xff, 0x74,
    0x58, 0xff, 0xff, 0x74, 0x58, 0xff, 0xff, 0x74,
    0x58, 0xff, 0xff, 0x74, 0x58, 0xff, 0xff, 0x74,
    0x58, 0xff, 0xff, 0x74, 0x58, 0xff, 0xff, 0x74,
    0x58, 0xff, 0xff, 0x74, 0x58, 0xff, 0xff, 0x74,
    0x58, 0xff, 0xff, 0x74, 0x58, 0xff, 0xff, 0x74,
    0x58, 0xff, 0xff, 0x74, 0x58, 0xff, 0xff, 0x74,
    0x58, 0xff, 0xff, 0x74, 0x58, 0xff, 0xff, 0x74,
    0x58, 0xff, 0xff, 0x74, 0x58, 0xff, 0xff, 0x74,
    0x58, 0xff, 0xff, 0x74,

    /* U+006D "m" */
    0x98, 0xff, 0xfc, 0xb, 0x82, 0xdf, 0xfd, 0xd0,
    0x32, 0x3, 0x6d, 0xd4, 0xfb, 0xde, 0x47, 0x0,
    0x98, 0xff, 0xfd, 0xcd, 0xee, 0xd2, 0xff, 0xff,
    0xd2, 0xaf, 0xf6, 0xd0, 0xfb, 0xff, 0xf1, 0xe,
    0x98, 0xff, 0xff, 0x8d, 0x8, 0x0, 0x93, 0xff,
    0xff, 0xaf, 0x14, 0x0, 0x64, 0xff, 0xff, 0x4a,
    0x98, 0xff, 0xfc, 0x0, 0x0, 0x0, 0x63, 0xff,
    0xff, 0x2c, 0x0, 0x0, 0x33, 0xff, 0xff, 0x5b,
    0x98, 0xff, 0xfc, 0x0, 0x0, 0x0, 0x60, 0xff,
    0xff, 0x2c, 0x0, 0x0, 0x30, 0xff, 0xff, 0x5c,
    0x98, 0xff, 0xfc, 0x0, 0x0, 0x0, 0x60, 0xff,
    0xff, 0x2c, 0x0, 0x0, 0x30, 0xff, 0xff, 0x5c,
    0x98, 0xff, 0xfc, 0x0, 0x0, 0x0, 0x60, 0xff,
    0xff, 0x2c, 0x0, 0x0, 0x30, 0xff, 0xff, 0x5c,
    0x98, 0xff, 0xfc, 0x0, 0x0, 0x0, 0x60, 0xff,
    0xff, 0x2c, 0x0, 0x0, 0x30, 0xff, 0xff, 0x5c,
    0x98, 0xff, 0xfc, 0x0, 0x0, 0x0, 0x60, 0xff,
    0xff, 0x2c, 0x0, 0x0, 0x30, 0xff, 0xff, 0x5c,
    0x98, 0xff, 0xfc, 0x0, 0x0, 0x0, 0x60, 0xff,
    0xff, 0x2c, 0x0, 0x0, 0x30, 0xff, 0xff, 0x5c,
    0x98, 0xff, 0xfc, 0x0, 0x0, 0x0, 0x60, 0xff,
    0xff, 0x2c, 0x0, 0x0, 0x30, 0xff, 0xff, 0x5c,
    0x98, 0xff, 0xfc, 0x0, 0x0, 0x0, 0x60, 0xff,
    0xff, 0x2c, 0x0, 0x0, 0x30, 0xff, 0xff, 0x5c,
    0x98, 0xff, 0xfc, 0x0, 0x0, 0x0, 0x60, 0xff,
    0xff, 0x2c, 0x0, 0x0, 0x30, 0xff, 0xff, 0x5c,
    0x98, 0xff, 0xfc, 0x0, 0x0, 0x0, 0x60, 0xff,
    0xff, 0x2c, 0x0, 0x0, 0x30, 0xff, 0xff, 0x5c,
    0x98, 0xff, 0xfc, 0x0, 0x0, 0x0, 0x60, 0xff,
    0xff, 0x2c, 0x0, 0x0, 0x30, 0xff, 0xff, 0x5c,

    /* U+006E "n" */
    0x98, 0xff, 0xff, 0x32, 0x61, 0xcd, 0xf9, 0xe7,
    0x46, 0x0, 0x98, 0xff, 0xff, 0xd9, 0xff, 0xfb,
    0xff, 0xff, 0xdb, 0x0, 0x98, 0xff, 0xff, 0xab,
    0x1a, 0xc, 0xde, 0xff, 0xff, 0x10, 0x98, 0xff,
    0xff, 0x30, 0x0, 0x0, 0xaf, 0xff, 0xff, 0x1c,
    0x98, 0xff, 0xff, 0x30, 0x0, 0x0, 0xac, 0xff,
    0xff, 0x1c, 0x98, 0xff, 0xff, 0x30, 0x0, 0x0,
    0xac, 0xff, 0xff, 0x1c, 0x98, 0xff, 0xff, 0x30,
    0x0, 0x0, 0xac, 0xff, 0xff, 0x1c, 0x98, 0xff,
    0xff, 0x30, 0x0, 0x0, 0xac, 0xff, 0xff, 0x1c,
    0x98, 0xff, 0xff, 0x30, 0x0, 0x0, 0xac, 0xff,
    0xff, 0x1c, 0x98, 0xff, 0xff, 0x30, 0x0, 0x0,
    0xac, 0xff, 0xff, 0x1c, 0x98, 0xff, 0xff, 0x30,
    0x0, 0x0, 0xac, 0xff, 0xff, 0x1c, 0x98, 0xff,
    0xff, 0x30, 0x0, 0x0, 0xac, 0xff, 0xff, 0x1c,
    0x98, 0xff, 0xff, 0x30, 0x0, 0x0, 0xac, 0xff,
    0xff, 0x1c, 0x98, 0xff, 0xff, 0x30, 0x0, 0x0,
    0xac, 0xff, 0xff, 0x1c, 0x98, 0xff, 0xff, 0x30,
    0x0, 0x0, 0xac, 0xff, 0xff, 0x1c,

    /* U+006F "o" */
    0x0, 0x1b, 0xa1, 0xe9, 0xfd, 0xec, 0xa9, 0x20,
    0x0, 0xd, 0xdd, 0xff, 0xff, 0xff, 0xff, 0xff,
    0xe4, 0x11, 0x6d, 0xff, 0xff, 0x77, 0xb, 0x68,
    0xff, 0xff, 0x79, 0xb2, 0xff, 0xff, 0x8, 0x0,
    0x2, 0xf7, 0xff, 0xbe, 0xd1, 0xff, 0xf0, 0x0,
    0x0, 0x0, 0xe4, 0xff, 0xdd, 0xdc, 0xff, 0xec,
    0x0, 0x0, 0x0, 0xe0, 0xff, 0xe7, 0xdc, 0xff,
    0xec, 0x0, 0x0, 0x0, 0xe0, 0xff, 0xe8, 0xdc,
    0xff, 0xec, 0x0, 0x0, 0x0, 0xe0, 0xff, 0xe8,
    0xdc, 0xff, 0xec, 0x0, 0x0, 0x0, 0xe0, 0xff,
    0xe8, 0xdc, 0xff, 0xec, 0x0, 0x0, 0x0, 0xe0,
    0xff, 0xe7, 0xd1, 0xff, 0xf0, 0x0, 0x0, 0x0,
    0xe8, 0xff, 0xdd, 0xb2, 0xff, 0xff, 0x8, 0x0,
    0x2, 0xf7, 0xff, 0xbe, 0x6d, 0xff, 0xff, 0x75,
    0xa, 0x65, 0xff, 0xff, 0x79, 0xd, 0xdd, 0xff,
    0xff, 0xff, 0xff, 0xff, 0xe4, 0x11, 0x0, 0x1b,
    0xa1, 0xe9, 0xfe, 0xec, 0xa9, 0x20, 0x0,

    /* U+0070 "p" */
    0x98, 0xff, 0xff, 0x52, 0xaf, 0xf5, 0xf6, 0xa5,
    0xd, 0x0, 0x98, 0xff, 0xff, 0xfa, 0xfe, 0xfc,
    0xff, 0xff, 0xa2, 0x0, 0x98, 0xff, 0xff, 0x8b,
    0xe, 0xe, 0xcf, 0xff, 0xfc, 0x13, 0x98, 0xff,
    0xff, 0x30, 0x0, 0x0, 0x71, 0xff, 0xff, 0x4e,
    0x98, 0xff, 0xff, 0x30, 0x0, 0x0, 0x54, 0xff,
    0xff, 0x70, 0x98, 0xff, 0xff, 0x30, 0x0, 0x0,
    0x4c, 0xff, 0xff, 0x7b, 0x98, 0xff, 0xff, 0x30,
    0x0, 0x0, 0x4c, 0xff, 0xff, 0x7c, 0x98, 0xff,
    0xff, 0x30, 0x0, 0x0, 0x4c, 0xff, 0xff, 0x7c,
    0x98, 0xff, 0xff, 0x30, 0x0, 0x0, 0x4c, 0xff,
    0xff, 0x7c, 0x98, 0xff, 0xff, 0x30, 0x0, 0x0,
    0x4f, 0xff, 0xff, 0x78, 0x98, 0xff, 0xff, 0x30,
    0x0, 0x0, 0x5a, 0xff, 0xff, 0x67, 0x98, 0xff,
    0xff, 0x30, 0x0, 0x0, 0x79, 0xff, 0xff, 0x42,
    0x98, 0xff, 0xff, 0xaa, 0x40, 0x38, 0xde, 0xff,
    0xf5, 0xa, 0x98, 0xff, 0xff, 0xf2, 0xff, 0xff,
    0xff, 0xff, 0x85, 0x0, 0x98, 0xff, 0xff, 0x47,
    0xae, 0xf9, 0xea, 0x89, 0x4, 0x0, 0x98, 0xff,
    0xff, 0x30, 0x0, 0x0, 0x0, 0x0, 0x0, 0x0,
    0x98, 0xff, 0xff, 0x30, 0x0, 0x0, 0x0, 0x0,
    0x0, 0x0, 0x98, 0xff, 0xff, 0x30, 0x0, 0x0,
    0x0, 0x0, 0x0, 0x0, 0x98, 0xff, 0xff, 0x30,
    0x0, 0x0, 0x0, 0x0, 0x0, 0x0, 0x64, 0xa8,
    0xa8, 0x20, 0x0, 0x0, 0x0, 0x0, 0x0, 0x0,

    /* U+0071 "q" */
    0x0, 0x2d, 0xc2, 0xf9, 0xe9, 0x7d, 0xaf, 0xff,
    0xff, 0x1c, 0xc, 0xe4, 0xff, 0xff, 0xff, 0xff,
    0xfd, 0xff, 0xff, 0x1c, 0x65, 0xff, 0xff, 0xab,
    0x31, 0x5a, 0xe5, 0xff, 0xff, 0x1c, 0xa2, 0xff,
    0xff, 0x22, 0x0, 0x0, 0xac, 0xff, 0xff, 0x1c,
    0xc6, 0xff, 0xf6, 0x0, 0x0, 0x0, 0xac, 0xff,
    0xff, 0x1c, 0xd8, 0xff, 0xec, 0x0, 0x0, 0x0,
    0xac, 0xff, 0xff, 0x1c, 0xdc, 0xff, 0xec, 0x0,
    0x0, 0x0, 0xac, 0xff, 0xff, 0x1c, 0xdc, 0xff,
    0xec, 0x0, 0x0, 0x0, 0xac, 0xff, 0xff, 0x1c,
    0xdc, 0xff, 0xec, 0x0, 0x0, 0x0, 0xac, 0xff,
    0xff, 0x1c, 0xda, 0xff, 0xee, 0x0, 0x0, 0x0,
    0xac, 0xff, 0xff, 0x1c, 0xcd, 0xff, 0xfa, 0x1,
    0x0, 0x0, 0xac, 0xff, 0xff, 0x1c, 0xad, 0xff,
    0xff, 0x23, 0x0, 0x0, 0xac, 0xff, 0xff, 0x1c,
    0x71, 0xff, 0xff, 0xad, 0x2e, 0x54, 0xe0, 0xff,
    0xff, 0x1c, 0x12, 0xeb, 0xff, 0xff, 0xff, 0xff,
    0xfd, 0xff, 0xff, 0x1c, 0x0, 0x2e, 0xbf, 0xf9,
    0xee, 0x83, 0xaf, 0xff, 0xff, 0x1c, 0x0, 0x0,
    0x0, 0x0, 0x0, 0x0, 0xac, 0xff, 0xff, 0x1c,
    0x0, 0x0, 0x0, 0x0, 0x0, 0x0, 0xac, 0xff,
    0xff, 0x1c, 0x0, 0x0, 0x0, 0x0, 0x0, 0x0,
    0xac, 0xff, 0xff, 0x1c, 0x0, 0x0, 0x0, 0x0,
    0x0, 0x0, 0xac, 0xff, 0xff, 0x1c, 0x0, 0x0,
    0x0, 0x0, 0x0, 0x0, 0x94, 0xdc, 0xdc, 0x18,

    /* U+0072 "r" */
    0x84, 0xff, 0xff, 0x44, 0x48, 0xcb, 0xfc, 0x8,
    0x84, 0xff, 0xff, 0x8e, 0xfd, 0xff, 0xff, 0x8,
    0x84, 0xff, 0xff, 0xff, 0xca, 0x94, 0xb6, 0x7,
    0x84, 0xff, 0xff, 0xa3, 0x1, 0x0, 0x0, 0x0,
    0x84, 0xff, 0xff, 0x44, 0x0, 0x0, 0x0, 0x0,
    0x84, 0xff, 0xff, 0x44, 0x0, 0x0, 0x0, 0x0,
    0x84, 0xff, 0xff, 0x44, 0x0, 0x0, 0x0, 0x0,
    0x84, 0xff, 0xff, 0x44, 0x0, 0x0, 0x0, 0x0,
    0x84, 0xff, 0xff, 0x44, 0x0, 0x0, 0x0, 0x0,
    0x84, 0xff, 0xff, 0x44, 0x0, 0x0, 0x0, 0x0,
    0x84, 0xff, 0xff, 0x44, 0x0, 0x0, 0x0, 0x0,
    0x84, 0xff, 0xff, 0x44, 0x0, 0x0, 0x0, 0x0,
    0x84, 0xff, 0xff, 0x44, 0x0, 0x0, 0x0, 0x0,
    0x84, 0xff, 0xff, 0x44, 0x0, 0x0, 0x0, 0x0,
    0x84, 0xff, 0xff, 0x44, 0x0, 0x0, 0x0, 0x0,

    /* U+0073 "s" */
    0x0, 0x0, 0x5e, 0xd0, 0xf9, 0xf4, 0xb7, 0x2a,
    0x0, 0x0, 0x0, 0x65, 0xff, 0xff, 0xff, 0xff,
    0xff, 0xea, 0x18, 0x0, 0x0, 0xd8, 0xff, 0xdb,
    0x21, 0x1e, 0xce, 0xff, 0x8e, 0x0, 0x0, 0xf8,
    0xff, 0x8c, 0x0, 0x0, 0x51, 0xff, 0xcd, 0x0,
    0x0, 0xe4, 0xff, 0xd4, 0xa, 0x0, 0x11, 0x56,
    0xa, 0x0, 0x0, 0x86, 0xff, 0xff, 0xc8, 0x14,
    0x0, 0x0, 0x0, 0x0, 0x0, 0x7, 0xbf, 0xff,
    0xff, 0xd9, 0x21, 0x0, 0x0, 0x0, 0x0, 0x0,
    0xa, 0xac, 0xff, 0xff, 0xe8, 0x2f, 0x0, 0x0,
    0x0, 0x0, 0x0, 0x1, 0x81, 0xff, 0xff, 0xea,
    0x1d, 0x0, 0x0, 0x0, 0x0, 0x0, 0x0, 0x58,
    0xfc, 0xff, 0xa7, 0x0, 0xe, 0x5a, 0xa4, 0x9,
    0x0, 0x0, 0x8f, 0xff, 0xf7, 0x2, 0x3f, 0xff,
    0xff, 0x48, 0x0, 0x0, 0x5e, 0xff, 0xff, 0x9,
    0x7, 0xec, 0xff, 0xd0, 0x25, 0x12, 0xb7, 0xff,
    0xdf, 0x0, 0x0, 0x5c, 0xff, 0xff, 0xff, 0xff,
    0xff, 0xff, 0x65, 0x0, 0x0, 0x0, 0x52, 0xcc,
    0xf9, 0xf6, 0xc7, 0x57, 0x0, 0x0,

    /* U+0074 "t" */
    0x0, 0x0, 0x6c, 0x80, 0x78, 0x0, 0x0, 0x0,
    0x0, 0x0, 0xd8, 0xff, 0xf0, 0x0, 0x0, 0x0,
    0x0, 0x0, 0xd8, 0xff, 0xf0, 0x0, 0x0, 0x0,
    0x0, 0x0, 0xd8, 0xff, 0xf0, 0x0, 0x0, 0x0,
    0x0, 0x0, 0xd8, 0xff, 0xf0, 0x0, 0x0, 0x0,
    0x6c, 0xff, 0xff, 0xff, 0xff, 0xff, 0xff, 0x5c,
    0x58, 0xd0, 0xf9, 0xff, 0xfd, 0xd0, 0xd0, 0x4b,
    0x0, 0x0, 0xd8, 0xff, 0xf0, 0x0, 0x0, 0x0,
    0x0, 0x0, 0xd8, 0xff, 0xf0, 0x0, 0x0, 0x0,
    0x0, 0x0, 0xd8, 0xff, 0xf0, 0x0, 0x0, 0x0,
    0x0, 0x0, 0xd8, 0xff, 0xf0, 0x0, 0x0, 0x0,
    0x0, 0x0, 0xd8, 0xff, 0xf0, 0x0, 0x0, 0x0,
    0x0, 0x0, 0xd8, 0xff, 0xf0, 0x0, 0x0, 0x0,
    0x0, 0x0, 0xd8, 0xff, 0xf0, 0x0, 0x0, 0x0,
    0x0, 0x0, 0xd8, 0xff, 0xf0, 0x0, 0x0, 0x0,
    0x0, 0x0, 0xd8, 0xff, 0xf0, 0x0, 0x0, 0x0,
    0x0, 0x0, 0xd7, 0xff, 0xf4, 0x0, 0x0, 0x0,
    0x0, 0x0, 0xc0, 0xff, 0xff, 0x5f, 0x21, 0xd,
    0x0, 0x0, 0x6b, 0xff, 0xff, 0xff, 0xff, 0x54,
    0x0, 0x0, 0x2, 0x83, 0xe8, 0xfe, 0xf2, 0x49,

    /* U+0075 "u" */
    0xb4, 0xff, 0xff, 0x14, 0x0, 0x0, 0xc4, 0xff,
    0xff, 0x4, 0xb4, 0xff, 0xff, 0x14, 0x0, 0x0,
    0xc4, 0xff, 0xff, 0x4, 0xb4, 0xff, 0xff, 0x14,
    0x0, 0x0, 0xc4, 0xff, 0xff, 0x4, 0xb4, 0xff,
    0xff, 0x14, 0x0, 0x0, 0xc4, 0xff, 0xff, 0x4,
    0xb4, 0xff, 0xff, 0x14, 0x0, 0x0, 0xc4, 0xff,
    0xff, 0x4, 0xb4, 0xff, 0xff, 0x14, 0x0, 0x0,
    0xc4, 0xff, 0xff, 0x4, 0xb4, 0xff, 0xff, 0x14,
    0x0, 0x0, 0xc4, 0xff, 0xff, 0x4, 0xb4, 0xff,
    0xff, 0x14, 0x0, 0x0, 0xc4, 0xff, 0xff, 0x4,
    0xb4, 0xff, 0xff, 0x14, 0x0, 0x0, 0xc4, 0xff,
    0xff, 0x4, 0xb4, 0xff, 0xff, 0x14, 0x0, 0x0,
    0xc4, 0xff, 0xff, 0x4, 0xb4, 0xff, 0xff, 0x14,
    0x0, 0x0, 0xc4, 0xff, 0xff, 0x4, 0xb4, 0xff,
    0xff, 0x1b, 0x0, 0x0, 0xc5, 0xff, 0xff, 0x4,
    0xa9, 0xff, 0xff, 0x7f, 0x32, 0x94, 0xfe, 0xff,
    0xff, 0x4, 0x74, 0xff, 0xff, 0xff, 0xff, 0xdc,
    0xdd, 0xff, 0xff, 0x4, 0xc, 0xb8, 0xfc, 0xe4,
    0x88, 0xd, 0xc4, 0xff, 0xff, 0x4,

    /* U+0076 "v" */
    0x82, 0xff, 0xff, 0x48, 0x0, 0x0, 0x28, 0xff,
    0xff, 0x87, 0x50, 0xff, 0xff, 0x6e, 0x0, 0x0,
    0x50, 0xff, 0xff, 0x56, 0x1e, 0xff, 0xff, 0x96,
    0x0, 0x0, 0x78, 0xff, 0xff, 0x26, 0x0, 0xea,
    0xff, 0xbe, 0x0, 0x0, 0xa0, 0xff, 0xf4, 0x2,
    0x0, 0xb7, 0xff, 0xe4, 0x0, 0x0, 0xc8, 0xff,
    0xc4, 0x0, 0x0, 0x85, 0xff, 0xff, 0xc, 0x0,
    0xef, 0xff, 0x93, 0x0, 0x0, 0x52, 0xff, 0xff,
    0x32, 0x16, 0xff, 0xff, 0x62, 0x0, 0x0, 0x20,
    0xff, 0xff, 0x5a, 0x3e, 0xff, 0xff, 0x32, 0x0,
    0x0, 0x0, 0xee, 0xff, 0x80, 0x66, 0xff, 0xfb,
    0x7, 0x0, 0x0, 0x0, 0xbb, 0xff, 0xa8, 0x8e,
    0xff, 0xd1, 0x0, 0x0, 0x0, 0x0, 0x89, 0xff,
    0xce, 0xb6, 0xff, 0x9e, 0x0, 0x0, 0x0, 0x0,
    0x56, 0xff, 0xf5, 0xdf, 0xff, 0x6f, 0x0, 0x0,
    0x0, 0x0, 0x22, 0xff, 0xff, 0xff, 0xff, 0x3e,
    0x0, 0x0, 0x0, 0x0, 0x1, 0xef, 0xff, 0xff,
    0xff, 0xf, 0x0, 0x0, 0x0, 0x0, 0x0, 0xbe,
    0xff, 0xff, 0xde, 0x0, 0x0, 0x0,

    /* U+0077 "w" */
    0x30, 0xff, 0xff, 0x16, 0x0, 0x0, 0x83, 0xff,
    0xca, 0x0, 0x0, 0x0, 0xce, 0xff, 0x7b, 0x9,
    0xfe, 0xff, 0x3a, 0x0, 0x0, 0xb2, 0xff, 0xf7,
    0x3, 0x0, 0x0, 0xf2, 0xff, 0x50, 0x0, 0xde,
    0xff, 0x5e, 0x0, 0x0, 0xe0, 0xff, 0xff, 0x2a,
    0x0, 0x16, 0xff, 0xff, 0x25, 0x0, 0xb4, 0xff,
    0x82, 0x0, 0xf, 0xff, 0xff, 0xff, 0x58, 0x0,
    0x3a, 0xff, 0xf8, 0x3, 0x0, 0x8c, 0xff, 0xa7,
    0x0, 0x3d, 0xff, 0xef, 0xff, 0x87, 0x0, 0x5e,
    0xff, 0xd0, 0x0, 0x0, 0x62, 0xff, 0xcb, 0x0,
    0x6a, 0xff, 0x94, 0xff, 0xb6, 0x0, 0x82, 0xff,
    0xa5, 0x0, 0x0, 0x38, 0xff, 0xef, 0x0, 0x9a,
    0xff, 0x45, 0xed, 0xe6, 0x0, 0xa6, 0xff, 0x7b,
    0x0, 0x0, 0x10, 0xff, 0xff, 0x13, 0xc7, 0xff,
    0x15, 0xbb, 0xff, 0x13, 0xca, 0xff, 0x50, 0x0,
    0x0, 0x0, 0xe7, 0xff, 0x39, 0xf4, 0xe2, 0x0,
    0x8a, 0xff, 0x42, 0xee, 0xff, 0x25, 0x0, 0x0,
    0x0, 0xbe, 0xff, 0x7f, 0xff, 0xb2, 0x0, 0x59,
    0xff, 0x84, 0xff, 0xf8, 0x3, 0x0, 0x0, 0x0,
    0x95, 0xff, 0xd2, 0xff, 0x82, 0x0, 0x26, 0xff,
    0xd7, 0xff, 0xd0, 0x0, 0x0, 0x0, 0x0, 0x6c,
    0xff, 0xff, 0xff, 0x4f, 0x0, 0x2, 0xf4, 0xff,
    0xff, 0xa5, 0x0, 0x0, 0x0, 0x0, 0x43, 0xff,
    0xff, 0xff, 0x1e, 0x0, 0x0, 0xc4, 0xff, 0xff,
    0x7b, 0x0, 0x0, 0x0, 0x0, 0x1a, 0xff, 0xff,
    0xee, 0x0, 0x0, 0x0, 0x92, 0xff, 0xff, 0x50,
    0x0, 0x0, 0x0, 0x0, 0x0, 0xf0, 0xff, 0xbe,
    0x0, 0x0, 0x0, 0x62, 0xff, 0xff, 0x25, 0x0,
    0x0,

    /* U+0078 "x" */
    0x73, 0xff, 0xff, 0x33, 0x0, 0x0, 0x19, 0xfb,
    0xff, 0xa1, 0xe, 0xf0, 0xff, 0xab, 0x0, 0x0,
    0x7e, 0xff, 0xff, 0x2c, 0x0, 0x88, 0xff, 0xfd,
    0x23, 0x4, 0xe4, 0xff, 0xb4, 0x0, 0x0, 0x19,
    0xf8, 0xff, 0x98, 0x50, 0xff, 0xff, 0x3f, 0x0,
    0x0, 0x0, 0x9a, 0xff, 0xf7, 0xca, 0xff, 0xc8,
    0x0, 0x0, 0x0, 0x0, 0x26, 0xfe, 0xff, 0xff,
    0xff, 0x52, 0x0, 0x0, 0x0, 0x0, 0x0, 0xab,
    0xff, 0xff, 0xda, 0x2, 0x0, 0x0, 0x0, 0x0,
    0x0, 0x90, 0xff, 0xff, 0x8a, 0x0, 0x0, 0x0,
    0x0, 0x0, 0xc, 0xf1, 0xff, 0xff, 0xe1, 0x5,
    0x0, 0x0, 0x0, 0x0, 0x6a, 0xff, 0xff, 0xff,
    0xff, 0x5e, 0x0, 0x0, 0x0, 0x1, 0xd6, 0xff,
    0xa9, 0xd4, 0xff, 0xd4, 0x1, 0x0, 0x0, 0x46,
    0xff, 0xff, 0x42, 0x60, 0xff, 0xff, 0x49, 0x0,
    0x0, 0xb2, 0xff, 0xda, 0x1, 0x5, 0xe4, 0xff,
    0xc0, 0x0, 0x22, 0xfe, 0xff, 0x75, 0x0, 0x0,
    0x73, 0xff, 0xff, 0x38, 0x8e, 0xff, 0xf9, 0x15,
    0x0, 0x0, 0xd, 0xef, 0xff, 0xac,

    /* U+0079 "y" */
    0x90, 0xff, 0xff, 0x36, 0x0, 0x0, 0x5, 0xfa,
    0xff, 0xca, 0x51, 0xff, 0xff, 0x66, 0x0, 0x0,
    0x2d, 0xff, 0xff, 0x8e, 0x15, 0xff, 0xff, 0x96,
    0x0, 0x0, 0x5c, 0xff, 0xff, 0x51, 0x0, 0xd4,
    0xff, 0xc7, 0x0, 0x0, 0x8a, 0xff, 0xff, 0x15,
    0x0, 0x94, 0xff, 0xf4, 0x2, 0x0, 0xb9, 0xff,
    0xd9, 0x0, 0x0, 0x56, 0xff, 0xff, 0x26, 0x0,
    0xe6, 0xff, 0x9c, 0x0, 0x0, 0x18, 0xff, 0xff,
    0x56, 0x16, 0xff, 0xff, 0x60, 0x0, 0x0, 0x0,
    0xd9, 0xff, 0x86, 0x43, 0xff, 0xff, 0x24, 0x0,
    0x0, 0x0, 0x99, 0xff, 0xb6, 0x72, 0xff, 0xe7,
    0x0, 0x0, 0x0, 0x0, 0x5c, 0xff, 0xe6, 0xa2,
    0xff, 0xac, 0x0, 0x0, 0x0, 0x0, 0x1c, 0xff,
    0xff, 0xe2, 0xff, 0x6f, 0x0, 0x0, 0x0, 0x0,
    0x0, 0xdc, 0xff, 0xff, 0xff, 0x33, 0x0, 0x0,
    0x0, 0x0, 0x0, 0x9f, 0xff, 0xff, 0xf3, 0x3,
    0x0, 0x0, 0x0, 0x0, 0x0, 0x63, 0xff, 0xff,
    0xbb, 0x0, 0x0, 0x0, 0x0, 0x0, 0x0, 0x29,
    0xff, 0xff, 0x7e, 0x0, 0x0, 0x0, 0x0, 0x1,
    0x10, 0x68, 0xff, 0xff, 0x3e, 0x0, 0x0, 0x0,
    0x0, 0xd4, 0xff, 0xff, 0xff, 0xc9, 0x2, 0x0,
    0x0, 0x0, 0x0, 0xd4, 0xff, 0xea, 0x96, 0x11,
    0x0, 0x0, 0x0, 0x0, 0x0, 0x16, 0x11, 0x0,
    0x0, 0x0, 0x0, 0x0, 0x0, 0x0,

    /* U+007A "z" */
    0x0, 0xb4, 0xff, 0xff, 0xff, 0xff, 0xff, 0xff,
    0x6c, 0x0, 0xb4, 0xff, 0xff, 0xff, 0xff, 0xff,
    0xff, 0x5e, 0x0, 0x8, 0xc, 0xc, 0xc, 0xc5,
    0xff, 0xf4, 0xe, 0x0, 0x0, 0x0, 0x0, 0x2b,
    0xff, 0xff, 0x9b, 0x0, 0x0, 0x0, 0x0, 0x0,
    0x95, 0xff, 0xff, 0x34, 0x0, 0x0, 0x0, 0x0,
    0xd, 0xf2, 0xff, 0xcc, 0x0, 0x0, 0x0, 0x0,
    0x0, 0x69, 0xff, 0xff, 0x65, 0x0, 0x0, 0x0,
    0x0, 0x0, 0xd3, 0xff, 0xf2, 0xc, 0x0, 0x0,
    0x0, 0x0, 0x3d, 0xff, 0xff, 0x96, 0x0, 0x0,
    0x0, 0x0, 0x0, 0xa8, 0xff, 0xff, 0x2d, 0x0,
    0x0, 0x0, 0x0, 0x18, 0xfb, 0xff, 0xc6, 0x0,
    0x0, 0x0, 0x0, 0x0, 0x7c, 0xff, 0xff, 0x60,
    0x0, 0x0, 0x0, 0x0, 0x4, 0xe3, 0xff, 0xf4,
    0x1d, 0x14, 0x14, 0x14, 0x6, 0x2b, 0xff, 0xff,
    0xff, 0xff, 0xff, 0xff, 0xff, 0x50, 0x2c, 0xff,
    0xff, 0xff, 0xff, 0xff, 0xff, 0xff, 0x50,

    /* U+007B "{" */
    0x0, 0x0, 0x56, 0xc9, 0xf0, 0xfc, 0x34, 0x0,
    0x1e, 0xfc, 0xff, 0xff, 0xff, 0x34, 0x0, 0x56,
    0xff, 0xff, 0xc1, 0x18, 0x2, 0x0, 0x6a, 0xff,
    0xff, 0x7e, 0x0, 0x0, 0x0, 0x73, 0xff, 0xff,
    0x75, 0x0, 0x0, 0x0, 0x74, 0xff, 0xff, 0x74,
    0x0, 0x0, 0x0, 0x74, 0xff, 0xff, 0x74, 0x0,
    0x0, 0x0, 0x74, 0xff, 0xff, 0x74, 0x0, 0x0,
    0x0, 0x74, 0xff, 0xff, 0x74, 0x0, 0x0, 0x0,
    0x78, 0xff, 0xff, 0x72, 0x0, 0x0, 0x0, 0x89,
    0xff, 0xff, 0x60, 0x0, 0x0, 0x11, 0xcf, 0xff,
    0xff, 0x28, 0x0, 0x0, 0xf4, 0xff, 0xfb, 0x7d,
    0x0, 0x0, 0x0, 0xe6, 0xff, 0xff, 0x98, 0x0,
    0x0, 0x0, 0x3, 0xc3, 0xff, 0xff, 0x30, 0x0,
    0x0, 0x0, 0x85, 0xff, 0xff, 0x63, 0x0, 0x0,
    0x0, 0x76, 0xff, 0xff, 0x73, 0x0, 0x0, 0x0,
    0x74, 0xff, 0xff, 0x74, 0x0, 0x0, 0x0, 0x74,
    0xff, 0xff, 0x74, 0x0, 0x0, 0x0, 0x74, 0xff,
    0xff, 0x74, 0x0, 0x0, 0x0, 0x74, 0xff, 0xff,
    0x74, 0x0, 0x0, 0x0, 0x73, 0xff, 0xff, 0x75,
    0x0, 0x0, 0x0, 0x6a, 0xff, 0xff, 0x7d, 0x0,
    0x0, 0x0, 0x56, 0xff, 0xff, 0xbd, 0x12, 0x1,
    0x0, 0x1d, 0xfc, 0xff, 0xff, 0xff, 0x34, 0x0,
    0x0, 0x58, 0xcc, 0xf0, 0xfe, 0x34,

    /* U+007C "|" */
    0x34, 0xff, 0xff, 0x64, 0x34, 0xff, 0xff, 0x64,
    0x34, 0xff, 0xff, 0x64, 0x34, 0xff, 0xff, 0x64,
    0x34, 0xff, 0xff, 0x64, 0x34, 0xff, 0xff, 0x64,
    0x34, 0xff, 0xff, 0x64, 0x34, 0xff, 0xff, 0x64,
    0x34, 0xff, 0xff, 0x64, 0x34, 0xff, 0xff, 0x64,
    0x34, 0xff, 0xff, 0x64, 0x34, 0xff, 0xff, 0x64,
    0x34, 0xff, 0xff, 0x64, 0x34, 0xff, 0xff, 0x64,
    0x34, 0xff, 0xff, 0x64, 0x34, 0xff, 0xff, 0x64,
    0x34, 0xff, 0xff, 0x64, 0x34, 0xff, 0xff, 0x64,
    0x34, 0xff, 0xff, 0x64, 0x34, 0xff, 0xff, 0x64,
    0x34, 0xff, 0xff, 0x64, 0x34, 0xff, 0xff, 0x64,
    0x34, 0xff, 0xff, 0x64, 0x34, 0xff, 0xff, 0x64,
    0x1a, 0x80, 0x80, 0x32,

    /* U+007D "}" */
    0xdb, 0xf6, 0xdb, 0x8d, 0x7, 0x0, 0x0, 0xdc,
    0xff, 0xff, 0xff, 0x73, 0x0, 0x0, 0xb, 0x76,
    0xff, 0xff, 0xae, 0x0, 0x0, 0x0, 0x26, 0xff,
    0xff, 0xc2, 0x0, 0x0, 0x0, 0x1d, 0xff, 0xff,
    0xca, 0x0, 0x0, 0x0, 0x1c, 0xff, 0xff, 0xcc,
    0x0, 0x0, 0x0, 0x1c, 0xff, 0xff, 0xcc, 0x0,
    0x0, 0x0, 0x1c, 0xff, 0xff, 0xcc, 0x0, 0x0,
    0x0, 0x1c, 0xff, 0xff, 0xcc, 0x0, 0x0, 0x0,
    0x1b, 0xff, 0xff, 0xcf, 0x0, 0x0, 0x0, 0x9,
    0xff, 0xff, 0xe1, 0x0, 0x0, 0x0, 0x0, 0xcf,
    0xff, 0xff, 0x3b, 0x1, 0x0, 0x0, 0x37, 0xe5,
    0xff, 0xff, 0x50, 0x0, 0x0, 0x48, 0xf2, 0xff,
    0xfa, 0x48, 0x0, 0x0, 0xd7, 0xff, 0xfc, 0x20,
    0x0, 0x0, 0xb, 0xff, 0xff, 0xdb, 0x0, 0x0,
    0x0, 0x1b, 0xff, 0xff, 0xce, 0x0, 0x0, 0x0,
    0x1c, 0xff, 0xff, 0xcc, 0x0, 0x0, 0x0, 0x1c,
    0xff, 0xff, 0xcc, 0x0, 0x0, 0x0, 0x1c, 0xff,
    0xff, 0xcc, 0x0, 0x0, 0x0, 0x1c, 0xff, 0xff,
    0xcc, 0x0, 0x0, 0x0, 0x1d, 0xff, 0xff, 0xca,
    0x0, 0x0, 0x0, 0x25, 0xff, 0xff, 0xc2, 0x0,
    0x0, 0x7, 0x71, 0xff, 0xff, 0xae, 0x0, 0x0,
    0xdc, 0xff, 0xff, 0xff, 0x73, 0x0, 0x0, 0xdb,
    0xf6, 0xdd, 0x8f, 0x7, 0x0, 0x0,

    /* U+007E "~" */
    0x0, 0x0, 0x5c, 0xe2, 0xe8, 0x6d, 0x1, 0x0,
    0x0, 0x32, 0x1, 0x1, 0x8e, 0xff, 0xff, 0xff,
    0xff, 0xbe, 0x46, 0x76, 0xfb, 0x6a, 0x2, 0xbe,
    0xd5, 0x4d, 0x62, 0xe7, 0xff, 0xff, 0xff, 0xf0,
    0x37, 0x0, 0x19, 0xd, 0x0, 0x0, 0x13, 0x9e,
    0xf7, 0xc4, 0x26, 0x0
};

/*---------------------
 *  GLYPH DESCRIPTION
 *--------------------*/

static const lv_font_fmt_txt_glyph_dsc_t glyph_dsc[] = {
    {.bitmap_index = 0, .adv_w = 0, .box_w = 0, .box_h = 0, .ofs_x = 0, .ofs_y = 0} /* id = 0 reserved */,
    {.bitmap_index = 0, .adv_w = 95, .box_w = 0, .box_h = 0, .ofs_x = 0, .ofs_y = 0},
    {.bitmap_index = 0, .adv_w = 87, .box_w = 4, .box_h = 21, .ofs_x = 1, .ofs_y = 0},
    {.bitmap_index = 84, .adv_w = 111, .box_w = 7, .box_h = 7, .ofs_x = 0, .ofs_y = 14},
    {.bitmap_index = 133, .adv_w = 202, .box_w = 12, .box_h = 21, .ofs_x = 0, .ofs_y = 0},
    {.bitmap_index = 385, .adv_w = 204, .box_w = 11, .box_h = 25, .ofs_x = 1, .ofs_y = -2},
    {.bitmap_index = 660, .adv_w = 371, .box_w = 23, .box_h = 21, .ofs_x = 0, .ofs_y = 0},
    {.bitmap_index = 1143, .adv_w = 252, .box_w = 14, .box_h = 21, .ofs_x = 1, .ofs_y = 0},
    {.bitmap_index = 1437, .adv_w = 53, .box_w = 4, .box_h = 7, .ofs_x = 0, .ofs_y = 14},
    {.bitmap_index = 1465, .adv_w = 124, .box_w = 6, .box_h = 26, .ofs_x = 1, .ofs_y = -5},
    {.bitmap_index = 1621, .adv_w = 108, .box_w = 6, .box_h = 26, .ofs_x = 0, .ofs_y = -5},
    {.bitmap_index = 1777, .adv_w = 166, .box_w = 9, .box_h = 9, .ofs_x = 1, .ofs_y = 12},
    {.bitmap_index = 1858, .adv_w = 173, .box_w = 11, .box_h = 11, .ofs_x = 0, .ofs_y = 5},
    {.bitmap_index = 1979, .adv_w = 78, .box_w = 3, .box_h = 7, .ofs_x = 1, .ofs_y = -4},
    {.bitmap_index = 2000, .adv_w = 126, .box_w = 6, .box_h = 3, .ofs_x = 1, .ofs_y = 6},
    {.bitmap_index = 2018, .adv_w = 78, .box_w = 4, .box_h = 4, .ofs_x = 1, .ofs_y = 0},
    {.bitmap_index = 2034, .adv_w = 154, .box_w = 9, .box_h = 21, .ofs_x = 0, .ofs_y = 0},
    {.bitmap_index = 2223, .adv_w = 215, .box_w = 11, .box_h = 21, .ofs_x = 1, .ofs_y = 0},
    {.bitmap_index = 2454, .adv_w = 157, .box_w = 8, .box_h = 21, .ofs_x = 0, .ofs_y = 0},
    {.bitmap_index = 2622, .adv_w = 199, .box_w = 11, .box_h = 21, .ofs_x = 1, .ofs_y = 0},
    {.bitmap_index = 2853, .adv_w = 198, .box_w = 11, .box_h = 21, .ofs_x = 1, .ofs_y = 0},
    {.bitmap_index = 3084, .adv_w = 201, .box_w = 12, .box_h = 21, .ofs_x = 1, .ofs_y = 0},
    {.bitmap_index = 3336, .adv_w = 198, .box_w = 11, .box_h = 21, .ofs_x = 1, .ofs_y = 0},
    {.bitmap_index = 3567, .adv_w = 209, .box_w = 11, .box_h = 21, .ofs_x = 1, .ofs_y = 0},
    {.bitmap_index = 3798, .adv_w = 161, .box_w = 9, .box_h = 21, .ofs_x = 0, .ofs_y = 0},
    {.bitmap_index = 3987, .adv_w = 208, .box_w = 11, .box_h = 21, .ofs_x = 1, .ofs_y = 0},
    {.bitmap_index = 4218, .adv_w = 209, .box_w = 11, .box_h = 21, .ofs_x = 1, .ofs_y = 0},
    {.bitmap_index = 4449, .adv_w = 82, .box_w = 4, .box_h = 11, .ofs_x = 1, .ofs_y = 2},
    {.bitmap_index = 4493, .adv_w = 89, .box_w = 4, .box_h = 16, .ofs_x = 1, .ofs_y = -1},
    {.bitmap_index = 4557, .adv_w = 155, .box_w = 9, .box_h = 11, .ofs_x = 0, .ofs_y = 5},
    {.bitmap_index = 4656, .adv_w = 173, .box_w = 9, .box_h = 7, .ofs_x = 1, .ofs_y = 7},
    {.bitmap_index = 4719, .adv_w = 155, .box_w = 8, .box_h = 11, .ofs_x = 1, .ofs_y = 5},
    {.bitmap_index = 4807, .adv_w = 201, .box_w = 11, .box_h = 21, .ofs_x = 1, .ofs_y = 0},
    {.bitmap_index = 5038, .adv_w = 376, .box_w = 22, .box_h = 25, .ofs_x = 1, .ofs_y = -4},
    {.bitmap_index = 5588, .adv_w = 205, .box_w = 13, .box_h = 21, .ofs_x = 0, .ofs_y = 0},
    {.bitmap_index = 5861, .adv_w = 218, .box_w = 12, .box_h = 21, .ofs_x = 1, .ofs_y = 0},
    {.bitmap_index = 6113, .adv_w = 214, .box_w = 12, .box_h = 21, .ofs_x = 1, .ofs_y = 0},
    {.bitmap_index = 6365, .adv_w = 219, .box_w = 12, .box_h = 21, .ofs_x = 1, .ofs_y = 0},
    {.bitmap_index = 6617, .adv_w = 169, .box_w = 9, .box_h = 21, .ofs_x = 1, .ofs_y = 0},
    {.bitmap_index = 6806, .adv_w = 163, .box_w = 9, .box_h = 21, .ofs_x = 1, .ofs_y = 0},
    {.bitmap_index = 6995, .adv_w = 223, .box_w = 12, .box_h = 21, .ofs_x = 1, .ofs_y = 0},
    {.bitmap_index = 7247, .adv_w = 233, .box_w = 12, .box_h = 21, .ofs_x = 1, .ofs_y = 0},
    {.bitmap_index = 7499, .adv_w = 103, .box_w = 4, .box_h = 21, .ofs_x = 1, .ofs_y = 0},
    {.bitmap_index = 7583, .adv_w = 125, .box_w = 7, .box_h = 21, .ofs_x = 0, .ofs_y = 0},
    {.bitmap_index = 7730, .adv_w = 206, .box_w = 12, .box_h = 21, .ofs_x = 1, .ofs_y = 0},
    {.bitmap_index = 7982, .adv_w = 165, .box_w = 9, .box_h = 21, .ofs_x = 1, .ofs_y = 0},
    {.bitmap_index = 8171, .adv_w = 275, .box_w = 15, .box_h = 21, .ofs_x = 1, .ofs_y = 0},
    {.bitmap_index = 8486, .adv_w = 220, .box_w = 12, .box_h = 21, .ofs_x = 1, .ofs_y = 0},
    {.bitmap_index = 8738, .adv_w = 224, .box_w = 12, .box_h = 21, .ofs_x = 1, .ofs_y = 0},
    {.bitmap_index = 8990, .adv_w = 200, .box_w = 12, .box_h = 21, .ofs_x = 1, .ofs_y = 0},
    {.bitmap_index = 9242, .adv_w = 225, .box_w = 12, .box_h = 25, .ofs_x = 1, .ofs_y = -4},
    {.bitmap_index = 9542, .adv_w = 216, .box_w = 12, .box_h = 21, .ofs_x = 1, .ofs_y = 0},
    {.bitmap_index = 9794, .adv_w = 197, .box_w = 11, .box_h = 21, .ofs_x = 1, .ofs_y = 0},
    {.bitmap_index = 10025, .adv_w = 172, .box_w = 11, .box_h = 21, .ofs_x = 0, .ofs_y = 0},
    {.bitmap_index = 10256, .adv_w = 226, .box_w = 12, .box_h = 21, .ofs_x = 1, .ofs_y = 0},
    {.bitmap_index = 10508, .adv_w = 210, .box_w = 13, .box_h = 21, .ofs_x = 0, .ofs_y = 0},
    {.bitmap_index = 10781, .adv_w = 303, .box_w = 19, .box_h = 21, .ofs_x = 0, .ofs_y = 0},
    {.bitmap_index = 11180, .adv_w = 201, .box_w = 13, .box_h = 21, .ofs_x = 0, .ofs_y = 0},
    {.bitmap_index = 11453, .adv_w = 200, .box_w = 13, .box_h = 21, .ofs_x = 0, .ofs_y = 0},
    {.bitmap_index = 11726, .adv_w = 173, .box_w = 11, .box_h = 21, .ofs_x = 0, .ofs_y = 0},
    {.bitmap_index = 11957, .adv_w = 141, .box_w = 7, .box_h = 25, .ofs_x = 1, .ofs_y = -4},
    {.bitmap_index = 12132, .adv_w = 154, .box_w = 9, .box_h = 21, .ofs_x = 0, .ofs_y = 0},
    {.bitmap_index = 12321, .adv_w = 129, .box_w = 7, .box_h = 25, .ofs_x = 0, .ofs_y = -4},
    {.bitmap_index = 12496, .adv_w = 184, .box_w = 11, .box_h = 9, .ofs_x = 0, .ofs_y = 12},
    {.bitmap_index = 12595, .adv_w = 143, .box_w = 9, .box_h = 3, .ofs_x = 0, .ofs_y = -3},
    {.bitmap_index = 12622, .adv_w = 116, .box_w = 5, .box_h = 5, .ofs_x = 1, .ofs_y = 16},
    {.bitmap_index = 12647, .adv_w = 170, .box_w = 10, .box_h = 15, .ofs_x = 0, .ofs_y = 0},
    {.bitmap_index = 12797, .adv_w = 186, .box_w = 10, .box_h = 21, .ofs_x = 1, .ofs_y = 0},
    {.bitmap_index = 13007, .adv_w = 171, .box_w = 9, .box_h = 15, .ofs_x = 1, .ofs_y = 0},
    {.bitmap_index = 13142, .adv_w = 184, .box_w = 10, .box_h = 21, .ofs_x = 1, .ofs_y = 0},
    {.bitmap_index = 13352, .adv_w = 175, .box_w = 9, .box_h = 15, .ofs_x = 1, .ofs_y = 0},
    {.bitmap_index = 13487, .adv_w = 119, .box_w = 8, .box_h = 20, .ofs_x = 0, .ofs_y = 0},
    {.bitmap_index = 13647, .adv_w = 183, .box_w = 12, .box_h = 20, .ofs_x = 0, .ofs_y = -4},
    {.bitmap_index = 13887, .adv_w = 185, .box_w = 10, .box_h = 21, .ofs_x = 1, .ofs_y = 0},
    {.bitmap_index = 14097, .adv_w = 95, .box_w = 4, .box_h = 20, .ofs_x = 1, .ofs_y = 0},
    {.bitmap_index = 14177, .adv_w = 96, .box_w = 6, .box_h = 24, .ofs_x = -1, .ofs_y = -4},
    {.bitmap_index = 14321, .adv_w = 178, .box_w = 11, .box_h = 21, .ofs_x = 1, .ofs_y = 0},
    {.bitmap_index = 14552, .adv_w = 95, .box_w = 4, .box_h = 21, .ofs_x = 1, .ofs_y = 0},
    {.bitmap_index = 14636, .adv_w = 283, .box_w = 16, .box_h = 15, .ofs_x = 1, .ofs_y = 0},
    {.bitmap_index = 14876, .adv_w = 183, .box_w = 10, .box_h = 15, .ofs_x = 1, .ofs_y = 0},
    {.bitmap_index = 15026, .adv_w = 177, .box_w = 9, .box_h = 15, .ofs_x = 1, .ofs_y = 0},
    {.bitmap_index = 15161, .adv_w = 186, .box_w = 10, .box_h = 20, .ofs_x = 1, .ofs_y = -5},
    {.bitmap_index = 15361, .adv_w = 184, .box_w = 10, .box_h = 20, .ofs_x = 1, .ofs_y = -5},
    {.bitmap_index = 15561, .adv_w = 134, .box_w = 8, .box_h = 15, .ofs_x = 1, .ofs_y = 0},
    {.bitmap_index = 15681, .adv_w = 156, .box_w = 10, .box_h = 15, .ofs_x = 0, .ofs_y = 0},
    {.bitmap_index = 15831, .adv_w = 128, .box_w = 8, .box_h = 20, .ofs_x = 0, .ofs_y = 0},
    {.bitmap_index = 15991, .adv_w = 183, .box_w = 10, .box_h = 15, .ofs_x = 1, .ofs_y = 0},
    {.bitmap_index = 16141, .adv_w = 160, .box_w = 10, .box_h = 15, .ofs_x = 0, .ofs_y = 0},
    {.bitmap_index = 16291, .adv_w = 245, .box_w = 15, .box_h = 15, .ofs_x = 0, .ofs_y = 0},
    {.bitmap_index = 16516, .adv_w = 162, .box_w = 10, .box_h = 15, .ofs_x = 0, .ofs_y = 0},
    {.bitmap_index = 16666, .adv_w = 163, .box_w = 10, .box_h = 19, .ofs_x = 0, .ofs_y = -4},
    {.bitmap_index = 16856, .adv_w = 144, .box_w = 9, .box_h = 15, .ofs_x = 0, .ofs_y = 0},
    {.bitmap_index = 16991, .adv_w = 125, .box_w = 7, .box_h = 26, .ofs_x = 1, .ofs_y = -5},
    {.bitmap_index = 17173, .adv_w = 99, .box_w = 4, .box_h = 25, .ofs_x = 1, .ofs_y = -4},
    {.bitmap_index = 17273, .adv_w = 134, .box_w = 7, .box_h = 26, .ofs_x = 1, .ofs_y = -5},
    {.bitmap_index = 17455, .adv_w = 186, .box_w = 11, .box_h = 4, .ofs_x = 0, .ofs_y = 9}
};

/*---------------------
 *  CHARACTER MAPPING
 *--------------------*/

/*Collect the unicode lists and glyph_id offsets*/
static const lv_font_fmt_txt_cmap_t cmaps[] =
{
    {
        .range_start = 32, .range_length = 95, .glyph_id_start = 1,
        .unicode_list = NULL, .glyph_id_ofs_list = NULL, .list_length = 0, .type = LV_FONT_FMT_TXT_CMAP_FORMAT0_TINY
    }
};

/*-----------------
 *    KERNING
 *----------------*/

/*Pair left and right glyphs for kerning*/
static const uint8_t kern_pair_glyph_ids[] =
{
    3, 34,
    3, 36,
    3, 40,
    3, 43,
    3, 48,
    3, 50,
    3, 66,
    3, 68,
    3, 69,
    3, 70,
    3, 72,
    3, 80,
    3, 82,
    3, 84,
    7, 53,
    8, 34,
    8, 36,
    8, 40,
    8, 43,
    8, 48,
    8, 50,
    8, 66,
    8, 68,
    8, 69,
    8, 70,
    8, 72,
    8, 80,
    8, 82,
    8, 84,
    11, 43,
    11, 57,
    13, 35,
    13, 36,
    13, 37,
    13, 38,
    13, 39,
    13, 40,
    13, 41,
    13, 42,
    13, 44,
    13, 45,
    13, 47,
    13, 48,
    13, 49,
    13, 50,
    13, 51,
    13, 53,
    13, 54,
    13, 55,
    13, 56,
    13, 58,
    13, 68,
    13, 69,
    13, 70,
    13, 80,
    13, 82,
    13, 85,
    13, 87,
    13, 88,
    13, 90,
    14, 53,
    14, 55,
    14, 56,
    14, 57,
    14, 58,
    15, 35,
    15, 36,
    15, 37,
    15, 38,
    15, 39,
    15, 40,
    15, 41,
    15, 42,
    15, 44,
    15, 45,
    15, 47,
    15, 48,
    15, 49,
    15, 50,
    15, 51,
    15, 53,
    15, 54,
    15, 55,
    15, 56,
    15, 58,
    15, 68,
    15, 69,
    15, 70,
    15, 80,
    15, 82,
    15, 85,
    15, 87,
    15, 88,
    15, 90,
    16, 36,
    16, 40,
    16, 48,
    16, 50,
    16, 52,
    16, 68,
    16, 69,
    16, 70,
    16, 80,
    16, 82,
    17, 24,
    17, 57,
    17, 58,
    18, 24,
    19, 21,
    21, 18,
    21, 24,
    22, 24,
    23, 18,
    23, 19,
    23, 24,
    23, 26,
    23, 58,
    24, 21,
    25, 24,
    25, 58,
    26, 24,
    27, 53,
    27, 55,
    27, 56,
    27, 58,
    28, 53,
    28, 55,
    28, 56,
    28, 58,
    34, 3,
    34, 8,
    34, 36,
    34, 40,
    34, 48,
    34, 52,
    34, 53,
    34, 54,
    34, 55,
    34, 56,
    34, 58,
    34, 71,
    34, 85,
    34, 87,
    34, 88,
    34, 90,
    35, 3,
    35, 8,
    35, 13,
    35, 15,
    35, 34,
    35, 53,
    35, 55,
    35, 56,
    35, 57,
    35, 58,
    36, 3,
    36, 8,
    36, 13,
    36, 15,
    36, 57,
    36, 58,
    37, 3,
    37, 8,
    37, 13,
    37, 15,
    37, 24,
    37, 34,
    37, 43,
    37, 53,
    37, 55,
    37, 57,
    37, 58,
    37, 59,
    37, 61,
    38, 68,
    38, 69,
    38, 70,
    38, 72,
    38, 80,
    38, 82,
    38, 84,
    39, 3,
    39, 8,
    39, 13,
    39, 15,
    39, 27,
    39, 28,
    39, 34,
    39, 43,
    39, 52,
    39, 66,
    39, 68,
    39, 69,
    39, 70,
    39, 72,
    39, 80,
    39, 82,
    39, 84,
    39, 89,
    39, 90,
    39, 91,
    40, 3,
    40, 8,
    40, 53,
    40, 55,
    40, 56,
    40, 58,
    43, 13,
    43, 15,
    44, 14,
    44, 36,
    44, 40,
    44, 48,
    44, 50,
    44, 52,
    44, 54,
    44, 66,
    44, 68,
    44, 69,
    44, 70,
    44, 72,
    44, 80,
    44, 82,
    44, 84,
    44, 85,
    44, 86,
    44, 87,
    44, 88,
    44, 90,
    45, 3,
    45, 8,
    45, 11,
    45, 14,
    45, 18,
    45, 24,
    45, 36,
    45, 40,
    45, 48,
    45, 50,
    45, 52,
    45, 53,
    45, 54,
    45, 55,
    45, 56,
    45, 58,
    45, 61,
    45, 68,
    45, 69,
    45, 70,
    45, 71,
    45, 72,
    45, 80,
    45, 82,
    45, 84,
    45, 85,
    45, 88,
    45, 90,
    46, 52,
    46, 53,
    46, 55,
    46, 58,
    48, 3,
    48, 8,
    48, 13,
    48, 15,
    48, 24,
    48, 34,
    48, 43,
    48, 53,
    48, 55,
    48, 57,
    48, 58,
    48, 59,
    48, 61,
    49, 13,
    49, 14,
    49, 15,
    49, 16,
    49, 21,
    49, 24,
    49, 34,
    49, 43,
    49, 52,
    49, 57,
    49, 59,
    49, 61,
    49, 66,
    49, 68,
    49, 69,
    49, 70,
    49, 72,
    49, 78,
    49, 79,
    49, 80,
    49, 82,
    49, 83,
    49, 84,
    49, 91,
    50, 3,
    50, 8,
    50, 13,
    50, 15,
    50, 24,
    50, 34,
    50, 43,
    50, 53,
    50, 55,
    50, 57,
    50, 58,
    50, 59,
    50, 61,
    51, 36,
    51, 40,
    51, 48,
    51, 50,
    51, 52,
    51, 53,
    51, 54,
    51, 55,
    51, 56,
    51, 58,
    51, 61,
    51, 66,
    51, 68,
    51, 69,
    51, 70,
    51, 80,
    51, 82,
    51, 88,
    51, 90,
    51, 91,
    52, 16,
    52, 34,
    52, 46,
    52, 52,
    52, 55,
    52, 57,
    52, 58,
    52, 61,
    53, 7,
    53, 13,
    53, 14,
    53, 15,
    53, 16,
    53, 27,
    53, 28,
    53, 34,
    53, 36,
    53, 40,
    53, 43,
    53, 46,
    53, 48,
    53, 50,
    53, 66,
    53, 68,
    53, 69,
    53, 70,
    53, 71,
    53, 72,
    53, 75,
    53, 78,
    53, 79,
    53, 80,
    53, 81,
    53, 82,
    53, 83,
    53, 84,
    53, 85,
    53, 86,
    53, 88,
    53, 89,
    53, 90,
    53, 91,
    54, 13,
    54, 15,
    54, 16,
    54, 34,
    55, 13,
    55, 14,
    55, 15,
    55, 16,
    55, 27,
    55, 28,
    55, 34,
    55, 36,
    55, 40,
    55, 43,
    55, 46,
    55, 48,
    55, 50,
    55, 52,
    55, 66,
    55, 68,
    55, 69,
    55, 70,
    55, 72,
    55, 78,
    55, 79,
    55, 80,
    55, 81,
    55, 82,
    55, 83,
    55, 84,
    55, 85,
    55, 86,
    55, 87,
    55, 88,
    55, 89,
    55, 90,
    55, 91,
    56, 13,
    56, 14,
    56, 15,
    56, 16,
    56, 27,
    56, 28,
    56, 34,
    56, 36,
    56, 40,
    56, 48,
    56, 50,
    56, 52,
    56, 61,
    56, 66,
    56, 68,
    56, 69,
    56, 70,
    56, 71,
    56, 72,
    56, 78,
    56, 79,
    56, 80,
    56, 81,
    56, 82,
    56, 83,
    56, 84,
    56, 87,
    56, 88,
    56, 89,
    56, 91,
    57, 11,
    57, 14,
    57, 17,
    57, 36,
    57, 40,
    57, 48,
    57, 50,
    57, 52,
    57, 61,
    57, 66,
    57, 68,
    57, 69,
    57, 70,
    57, 71,
    57, 72,
    57, 80,
    57, 82,
    57, 84,
    57, 85,
    57, 87,
    57, 88,
    57, 90,
    58, 13,
    58, 14,
    58, 15,
    58, 16,
    58, 17,
    58, 21,
    58, 23,
    58, 25,
    58, 27,
    58, 28,
    58, 34,
    58, 36,
    58, 40,
    58, 43,
    58, 46,
    58, 48,
    58, 50,
    58, 52,
    58, 66,
    58, 68,
    58, 69,
    58, 70,
    58, 71,
    58, 72,
    58, 78,
    58, 79,
    58, 80,
    58, 81,
    58, 82,
    58, 83,
    58, 84,
    58, 86,
    58, 88,
    58, 89,
    58, 90,
    58, 91,
    59, 36,
    59, 40,
    59, 48,
    59, 50,
    59, 52,
    59, 66,
    59, 68,
    59, 69,
    59, 70,
    59, 80,
    59, 82,
    61, 36,
    61, 40,
    61, 48,
    61, 50,
    61, 52,
    61, 53,
    61, 54,
    61, 55,
    61, 56,
    61, 58,
    66, 3,
    66, 8,
    66, 53,
    66, 55,
    66, 56,
    66, 58,
    66, 85,
    66, 87,
    66, 88,
    66, 90,
    67, 3,
    67, 8,
    67, 13,
    67, 15,
    67, 53,
    67, 55,
    67, 56,
    67, 58,
    67, 72,
    67, 75,
    67, 88,
    67, 89,
    68, 3,
    68, 8,
    68, 13,
    68, 15,
    68, 53,
    68, 56,
    68, 58,
    68, 68,
    68, 69,
    68, 70,
    68, 75,
    68, 80,
    68, 82,
    69, 53,
    69, 55,
    69, 56,
    69, 58,
    70, 3,
    70, 8,
    70, 53,
    70, 55,
    70, 56,
    70, 58,
    70, 75,
    70, 88,
    70, 89,
    71, 15,
    71, 27,
    71, 28,
    71, 34,
    71, 66,
    71, 68,
    71, 69,
    71, 70,
    71, 71,
    71, 74,
    71, 75,
    71, 80,
    71, 82,
    71, 86,
    72, 53,
    72, 55,
    72, 57,
    72, 58,
    72, 59,
    72, 68,
    72, 69,
    72, 70,
    72, 72,
    72, 75,
    72, 80,
    72, 82,
    72, 85,
    72, 86,
    72, 88,
    72, 90,
    73, 3,
    73, 8,
    73, 53,
    73, 55,
    73, 56,
    73, 58,
    76, 3,
    76, 8,
    76, 53,
    76, 56,
    76, 58,
    76, 68,
    76, 69,
    76, 70,
    76, 72,
    76, 80,
    76, 82,
    76, 84,
    78, 3,
    78, 8,
    78, 53,
    78, 55,
    78, 56,
    78, 58,
    79, 3,
    79, 8,
    79, 53,
    79, 55,
    79, 56,
    79, 58,
    80, 3,
    80, 8,
    80, 13,
    80, 15,
    80, 53,
    80, 55,
    80, 56,
    80, 58,
    80, 72,
    80, 75,
    80, 88,
    80, 89,
    81, 3,
    81, 8,
    81, 13,
    81, 15,
    81, 53,
    81, 55,
    81, 56,
    81, 58,
    81, 72,
    81, 75,
    81, 88,
    81, 89,
    82, 3,
    82, 8,
    82, 53,
    82, 55,
    82, 58,
    83, 13,
    83, 15,
    83, 34,
    83, 43,
    83, 53,
    83, 57,
    83, 58,
    83, 59,
    83, 66,
    83, 68,
    83, 69,
    83, 70,
    83, 72,
    83, 80,
    83, 82,
    84, 3,
    84, 8,
    84, 53,
    84, 55,
    84, 56,
    84, 57,
    84, 58,
    85, 3,
    85, 8,
    85, 52,
    85, 53,
    85, 55,
    85, 58,
    85, 72,
    86, 3,
    86, 8,
    86, 53,
    86, 55,
    86, 56,
    86, 58,
    87, 13,
    87, 15,
    87, 34,
    87, 43,
    87, 53,
    87, 55,
    87, 56,
    87, 57,
    87, 58,
    87, 59,
    87, 66,
    87, 72,
    88, 13,
    88, 15,
    88, 34,
    88, 43,
    88, 53,
    88, 55,
    88, 56,
    88, 57,
    88, 58,
    88, 59,
    88, 66,
    88, 72,
    89, 53,
    89, 55,
    89, 56,
    89, 58,
    89, 68,
    89, 69,
    89, 70,
    89, 80,
    89, 82,
    90, 13,
    90, 15,
    90, 34,
    90, 43,
    90, 53,
    90, 55,
    90, 56,
    90, 57,
    90, 58,
    90, 59,
    90, 66,
    90, 72,
    91, 53,
    91, 55,
    91, 56,
    91, 58,
    91, 68,
    91, 69,
    91, 70,
    91, 72,
    91, 80,
    91, 82
};

/* Kerning between the respective left and right glyphs
 * 4.4 format which needs to scaled with `kern_scale`*/
static const int8_t kern_pair_values[] =
{
    -26, -3, -3, -14, -3, -3, -5, -10,
    -10, -10, -14, -10, -10, -5, -5, -26,
    -3, -3, -14, -3, -3, -5, -10, -10,
    -10, -14, -10, -10, -5, -4, -3, -1,
    -3, -1, -1, -1, -3, -1, -1, -1,
    -1, -1, -3, -1, -3, -1, -22, -3,
    -18, -15, -27, -3, -3, -3, -3, -3,
    -4, -7, -3, -4, -7, -11, -1, -3,
    -7, -1, -3, -1, -1, -1, -3, -1,
    -1, -1, -1, -1, -3, -1, -3, -1,
    -22, -3, -18, -15, -27, -3, -3, -3,
    -3, -3, -4, -7, -3, -4, -3, -3,
    -3, -3, -4, -8, -8, -8, -8, -8,
    -5, -1, -3, -5, -3, -3, -7, -3,
    -1, -1, -4, -2, -1, -14, -6, -1,
    -5, -26, -3, -4, -18, -26, -3, -4,
    -18, -26, -26, -2, -2, -2, -1, -17,
    -1, -16, -11, -17, -7, -5, -3, -7,
    -6, -6, -6, -3, -3, 0, -10, -10,
    -1, -9, -3, -3, -3, -1, -1, -1,
    -1, -4, -4, -3, -3, -1, -2, -1,
    -1, -1, -3, -3, -1, -5, -2, -2,
    -2, -2, -2, -2, -2, -1, -1, -26,
    -26, -5, -5, -15, -12, -1, -8, -6,
    -6, -6, -3, -6, -6, -7, -4, -5,
    -5, -4, -4, -6, -3, 0, -5, -11,
    -11, -4, -7, -7, -7, -5, -3, 0,
    -2, -5, -5, -5, -2, -5, -5, -2,
    -3, -1, -1, -5, -11, -12, -12, -18,
    -7, -5, -1, -2, -2, -2, -3, -1,
    -32, -4, -30, -20, -37, -14, -1, -1,
    -1, -5, -1, -1, -1, -1, -4, -14,
    -20, -2, -3, -1, -1, -4, -4, -3,
    -3, -1, -2, -1, -1, -1, -3, -3,
    -1, -5, -43, -36, -46, -22, -11, -1,
    -19, -9, -1, -4, -11, -4, -10, -8,
    -8, -8, -7, -3, -3, -8, 0, -3,
    -4, -3, -4, -4, -3, -3, -1, -2,
    -1, -1, -1, -3, -3, -1, -5, -1,
    -1, -1, -1, -1, -6, -1, -1, -2,
    -6, -4, -4, -4, -4, -4, -4, -4,
    -3, -1, -3, -3, -1, -1, -3, -1,
    -1, -1, -5, -1, -22, -7, -22, -8,
    -26, -26, -17, -1, -1, -10, -3, -1,
    -1, -27, -26, -26, -26, -14, -27, -5,
    -24, -24, -26, -24, 0, -24, -27, -7,
    -20, -26, -21, -25, -22, -3, -3, -4,
    -1, -20, -11, -20, -3, -4, -4, -16,
    -2, -2, -8, -1, -2, -2, -1, -25,
    -17, -17, -17, -20, -8, -8, -17, -12,
    -14, -8, -17, -4, -12, -8, -8, -8,
    -12, -17, -15, -1, -15, -5, -4, -4,
    -11, 0, 0, 0, 0, -1, -3, -16,
    -12, -12, -12, -1, -10, -5, -5, -12,
    -4, 0, -5, -6, -4, -5, -4, -3,
    -4, -3, -1, -3, -3, -3, -3, -2,
    -3, -4, -4, -4, -4, -8, -4, -4,
    -4, -8, -8, -8, -12, -12, -27, -7,
    -27, -7, -3, -4, -1, -1, -20, -20,
    -17, -3, -3, -8, -1, -3, -3, -1,
    -29, -25, -25, -25, -11, -24, -20, -20,
    -25, -17, -6, -20, -20, -18, -15, -17,
    -12, -11, -1, -1, -1, -1, -1, -1,
    -1, -1, -1, -1, -1, -3, -3, -3,
    -3, -4, -8, -4, -8, -7, -8, -11,
    -11, -24, -20, -12, -29, 0, -1, -2,
    -1, -10, -10, -3, -3, -26, -17, -11,
    -25, 0, -1, 0, -5, -7, -7, 0,
    0, -20, -1, -17, -2, -2, -2, -1,
    -2, -2, 12, 4, 4, 8, -3, -3,
    -26, -12, -3, -22, -1, 0, -3, -5,
    -1, -1, -1, -5, -8, -8, -8, -14,
    -4, -4, -8, -8, -4, -15, -4, -8,
    -4, -3, -2, -2, -2, -5, 4, -2,
    -2, 1, 0, 1, 2, -12, -12, -24,
    -12, -5, -20, -3, -3, -14, -1, -11,
    -2, -2, -2, -1, -2, -2, -1, -12,
    -12, -24, -12, -5, -20, -12, -12, -24,
    -12, -5, -20, -10, -10, -3, -3, -26,
    -17, -11, -25, 0, -1, 0, -5, -10,
    -10, -3, -3, -26, -17, -11, -25, 0,
    -1, 0, -5, -3, -3, -21, -10, -15,
    -30, -30, -12, -4, -22, -8, -7, -8,
    -4, -1, -1, -1, -2, -1, -5, -5,
    -5, -25, -17, -3, -4, -24, -5, -5,
    -1, -11, -4, -4, -1, -4, -4, -23,
    -8, -1, -18, -7, -8, -7, -4, -29,
    -8, -4, -8, -14, -8, -2, -2, -6,
    -8, -5, -12, -26, -8, -4, -12, -14,
    -3, -2, -1, -21, -8, -4, -17, -5,
    -5, -5, -5, -5, -12, -12, -7, -4,
    -29, -8, -4, -8, -14, -8, -2, -2,
    -21, -6, -3, -11, -3, -3, -3, -1,
    -3, -3
};

/*Collect the kern pair's data in one place*/
static const lv_font_fmt_txt_kern_pair_t kern_pairs =
{
    .glyph_ids = kern_pair_glyph_ids,
    .values = kern_pair_values,
    .pair_cnt = 746,
    .glyph_ids_size = 0
};

/*--------------------
 *  ALL CUSTOM DATA
 *--------------------*/

#if LVGL_VERSION_MAJOR == 8
/*Store all the custom data of the font*/
static  lv_font_fmt_txt_glyph_cache_t cache;
#endif

#if LVGL_VERSION_MAJOR >= 8
static const lv_font_fmt_txt_dsc_t font_dsc = {
#else
static lv_font_fmt_txt_dsc_t font_dsc = {
#endif
    .glyph_bitmap = glyph_bitmap,
    .glyph_dsc = glyph_dsc,
    .cmaps = cmaps,
    .kern_dsc = &kern_pairs,
    .kern_scale = 16,
    .cmap_num = 1,
    .bpp = 8,
    .kern_classes = 0,
    .bitmap_format = 0,
#if LVGL_VERSION_MAJOR == 8
    .cache = &cache
#endif
};

/*-----------------
 *  PUBLIC FONT
 *----------------*/

/*Initialize a public general font descriptor*/
#if LVGL_VERSION_MAJOR >= 8
const lv_font_t ui_font_oswald26 = {
#else
lv_font_t ui_font_oswald26 = {
#endif
    .get_glyph_dsc = lv_font_get_glyph_dsc_fmt_txt,    /*Function pointer to get glyph's data*/
    .get_glyph_bitmap = lv_font_get_bitmap_fmt_txt,    /*Function pointer to get glyph's bitmap*/
    .line_height = 28,          /*The maximum line height required by the font*/
    .base_line = 5,             /*Baseline measured from the bottom of the line*/
#if !(LVGL_VERSION_MAJOR == 6 && LVGL_VERSION_MINOR == 0)
    .subpx = LV_FONT_SUBPX_NONE,
#endif
#if LV_VERSION_CHECK(7, 4, 0) || LVGL_VERSION_MAJOR >= 8
    .underline_position = -3,
    .underline_thickness = 1,
#endif
    .dsc = &font_dsc,          /*The custom font data. Will be accessed by `get_glyph_bitmap/dsc` */
#if LV_VERSION_CHECK(8, 2, 0) || LVGL_VERSION_MAJOR >= 9
    .fallback = NULL,
#endif
    .user_data = NULL,
};

#endif /*#if UI_FONT_OSWALD26*/